ISO-10303-21;
HEADER;
FILE_DESCRIPTION (( 'STEP AP214' ),
    '1' );
FILE_NAME ('HC-SFP-20P.STEP',
    '2023-02-25T00:15:59',
    ( '' ),
    ( '' ),
    'SwSTEP 2.0',
    'SolidWorks 2021',
    '' );
FILE_SCHEMA (( 'AUTOMOTIVE_DESIGN' ));
ENDSEC;

DATA;
#1 = CARTESIAN_POINT ( 'NONE',  ( 1.510000000000000009, 1.379999999999999671, 3.369999999999999662 ) ) ;
#2 = EDGE_LOOP ( 'NONE', ( #1856, #2800, #4435, #7664 ) ) ;
#3 = ORIENTED_EDGE ( 'NONE', *, *, #7129, .F. ) ;
#4 = DIRECTION ( 'NONE',  ( -1.000000000000000000, 0.000000000000000000, -0.000000000000000000 ) ) ;
#5 = ORIENTED_EDGE ( 'NONE', *, *, #3364, .F. ) ;
#6 = EDGE_CURVE ( 'NONE', #660, #5200, #188, .T. ) ;
#7 = ORIENTED_EDGE ( 'NONE', *, *, #4205, .F. ) ;
#8 = DIRECTION ( 'NONE',  ( 0.000000000000000000, 0.000000000000000000, 1.000000000000000000 ) ) ;
#9 = EDGE_LOOP ( 'NONE', ( #2274, #3998, #5860, #1798, #3816 ) ) ;
#10 = CARTESIAN_POINT ( 'NONE',  ( 4.799999999999999822, 0.3300000000000001266, 0.6999999999999997335 ) ) ;
#11 = ORIENTED_EDGE ( 'NONE', *, *, #77, .T. ) ;
#12 = ORIENTED_EDGE ( 'NONE', *, *, #7374, .F. ) ;
#13 = EDGE_CURVE ( 'NONE', #1450, #4972, #5938, .T. ) ;
#14 = PLANE ( 'NONE',  #613 ) ;
#15 = DIRECTION ( 'NONE',  ( 0.000000000000000000, 0.000000000000000000, -1.000000000000000000 ) ) ;
#16 = CARTESIAN_POINT ( 'NONE',  ( -2.490000000000000213, 1.379999999999999671, 1.369999999999999662 ) ) ;
#17 = LINE ( 'NONE', #2532, #6975 ) ;
#18 = ORIENTED_EDGE ( 'NONE', *, *, #6666, .F. ) ;
#19 = CARTESIAN_POINT ( 'NONE',  ( 3.700000000000000178, 0.04999999999999956563, 3.651878488843856463 ) ) ;
#20 = LINE ( 'NONE', #2537, #2958 ) ;
#21 = CARTESIAN_POINT ( 'NONE',  ( -0.7249999999999999778, 5.380000000000000782, 3.750000000000000000 ) ) ;
#22 = EDGE_CURVE ( 'NONE', #7601, #5280, #6548, .T. ) ;
#23 = CARTESIAN_POINT ( 'NONE',  ( -1.689999999999999725, 3.548505796534330958, 3.369999999999999662 ) ) ;
#24 = ORIENTED_EDGE ( 'NONE', *, *, #5469, .T. ) ;
#25 = PLANE ( 'NONE',  #5089 ) ;
#26 = EDGE_CURVE ( 'NONE', #6616, #6648, #3956, .T. ) ;
#27 = ORIENTED_EDGE ( 'NONE', *, *, #4465, .F. ) ;
#28 = CARTESIAN_POINT ( 'NONE',  ( 0.000000000000000000, 0.4300000000000000488, 3.369999999999999662 ) ) ;
#29 = DIRECTION ( 'NONE',  ( 0.000000000000000000, 0.000000000000000000, -1.000000000000000000 ) ) ;
#30 = FACE_OUTER_BOUND ( 'NONE', #3950, .T. ) ;
#31 = FACE_OUTER_BOUND ( 'NONE', #1505, .T. ) ;
#32 = ORIENTED_EDGE ( 'NONE', *, *, #4251, .T. ) ;
#33 = ORIENTED_EDGE ( 'NONE', *, *, #7493, .T. ) ;
#34 = DIRECTION ( 'NONE',  ( -0.000000000000000000, 0.000000000000000000, 1.000000000000000000 ) ) ;
#35 = ORIENTED_EDGE ( 'NONE', *, *, #7781, .F. ) ;
#36 = DIRECTION ( 'NONE',  ( -0.000000000000000000, 1.000000000000000000, -0.000000000000000000 ) ) ;
#37 = CARTESIAN_POINT ( 'NONE',  ( -5.500000000000000000, 2.273782217350889923, 3.749999999999999556 ) ) ;
#38 = ORIENTED_EDGE ( 'NONE', *, *, #2377, .F. ) ;
#39 = EDGE_CURVE ( 'NONE', #5799, #1906, #6510, .T. ) ;
#40 = ORIENTED_EDGE ( 'NONE', *, *, #7568, .T. ) ;
#41 = ORIENTED_EDGE ( 'NONE', *, *, #3028, .F. ) ;
#42 = CIRCLE ( 'NONE', #2035, 0.04999999999999969746 ) ;
#43 = VECTOR ( 'NONE', #2388, 1000.000000000000114 ) ;
#44 = CARTESIAN_POINT ( 'NONE',  ( -0.08999999999999980238, 2.879999999999999893, 1.369999999999999662 ) ) ;
#45 = DIRECTION ( 'NONE',  ( -0.000000000000000000, -0.000000000000000000, 1.000000000000000000 ) ) ;
#46 = FACE_OUTER_BOUND ( 'NONE', #984, .T. ) ;
#47 = ORIENTED_EDGE ( 'NONE', *, *, #7730, .T. ) ;
#48 = VECTOR ( 'NONE', #2945, 1000.000000000000000 ) ;
#49 = CARTESIAN_POINT ( 'NONE',  ( -5.500000000000000000, 0.3300000000000001266, 0.000000000000000000 ) ) ;
#50 = AXIS2_PLACEMENT_3D ( 'NONE', #7172, #1590, #4666 ) ;
#51 = EDGE_CURVE ( 'NONE', #5591, #4133, #5225, .T. ) ;
#52 = EDGE_LOOP ( 'NONE', ( #3398, #6251, #4455, #5399, #1432, #6574, #5422 ) ) ;
#53 = LINE ( 'NONE', #6405, #4016 ) ;
#54 = AXIS2_PLACEMENT_3D ( 'NONE', #3505, #278, #366 ) ;
#55 = DIRECTION ( 'NONE',  ( 0.000000000000000000, -0.4999999999999993894, -0.8660254037844390407 ) ) ;
#56 = VERTEX_POINT ( 'NONE', #4613 ) ;
#57 = CARTESIAN_POINT ( 'NONE',  ( 1.510000000000000009, 3.548505796534330958, 3.553360657221955154 ) ) ;
#58 = EDGE_CURVE ( 'NONE', #957, #3053, #1487, .T. ) ;
#59 = DIRECTION ( 'NONE',  ( 1.000000000000000000, -0.000000000000000000, -0.000000000000000000 ) ) ;
#60 = LINE ( 'NONE', #3367, #7902 ) ;
#61 = AXIS2_PLACEMENT_3D ( 'NONE', #4551, #6904, #7021 ) ;
#62 = EDGE_CURVE ( 'NONE', #5494, #6239, #5298, .T. ) ;
#63 = ORIENTED_EDGE ( 'NONE', *, *, #7479, .T. ) ;
#64 = CARTESIAN_POINT ( 'NONE',  ( -3.650000000000000355, 4.380000000000001670, 3.600000000000000089 ) ) ;
#65 = CARTESIAN_POINT ( 'NONE',  ( -0.8900000000000001243, 2.879999999999999893, 1.369999999999999662 ) ) ;
#66 = DIRECTION ( 'NONE',  ( 1.000000000000000000, 0.000000000000000000, 0.000000000000000000 ) ) ;
#67 = AXIS2_PLACEMENT_3D ( 'NONE', #7556, #5094, #3287 ) ;
#68 = DIRECTION ( 'NONE',  ( 0.000000000000000000, -1.000000000000000000, 0.000000000000000000 ) ) ;
#69 = EDGE_CURVE ( 'NONE', #3479, #488, #4691, .T. ) ;
#70 = CARTESIAN_POINT ( 'NONE',  ( 5.500000000000000000, 0.3300000000000001266, 2.250000000000000000 ) ) ;
#71 = EDGE_CURVE ( 'NONE', #2130, #7973, #3457, .T. ) ;
#72 = EDGE_LOOP ( 'NONE', ( #7384, #4412, #7529, #6900 ) ) ;
#73 = DIRECTION ( 'NONE',  ( 1.000000000000000000, 0.000000000000000000, 0.000000000000000000 ) ) ;
#74 = EDGE_CURVE ( 'NONE', #5671, #1188, #1079, .T. ) ;
#75 = VECTOR ( 'NONE', #6691, 1000.000000000000114 ) ;
#76 = CARTESIAN_POINT ( 'NONE',  ( 1.149999999999999911, 3.979999999999999094, 3.199999999999998845 ) ) ;
#77 = EDGE_CURVE ( 'NONE', #3777, #1046, #3667, .T. ) ;
#78 = VECTOR ( 'NONE', #1490, 1000.000000000000000 ) ;
#79 = EDGE_CURVE ( 'NONE', #3386, #4870, #1109, .T. ) ;
#80 = CARTESIAN_POINT ( 'NONE',  ( 1.950000000000000178, 1.835969349108944604, 3.600000000000000089 ) ) ;
#81 = ORIENTED_EDGE ( 'NONE', *, *, #1317, .F. ) ;
#82 = LINE ( 'NONE', #4619, #895 ) ;
#83 = ORIENTED_EDGE ( 'NONE', *, *, #2328, .T. ) ;
#84 = ORIENTED_EDGE ( 'NONE', *, *, #1622, .T. ) ;
#85 = ORIENTED_EDGE ( 'NONE', *, *, #1094, .F. ) ;
#86 = VECTOR ( 'NONE', #4397, 1000.000000000000000 ) ;
#87 = PLANE ( 'NONE',  #5468 ) ;
#88 = LINE ( 'NONE', #1335, #853 ) ;
#89 = DIRECTION ( 'NONE',  ( -0.000000000000000000, -0.7071067811865489050, -0.7071067811865460184 ) ) ;
#90 = EDGE_CURVE ( 'NONE', #477, #8075, #2235, .T. ) ;
#91 = CARTESIAN_POINT ( 'NONE',  ( 3.500000000000000000, 0.1000000000000000056, -4.398121511156142915 ) ) ;
#92 = ORIENTED_EDGE ( 'NONE', *, *, #1386, .T. ) ;
#93 = VECTOR ( 'NONE', #1886, 1000.000000000000000 ) ;
#94 = DIRECTION ( 'NONE',  ( 0.000000000000000000, -1.000000000000000000, 0.000000000000000000 ) ) ;
#95 = VERTEX_POINT ( 'NONE', #3623 ) ;
#96 = DIRECTION ( 'NONE',  ( 0.000000000000000000, 1.000000000000000000, 0.000000000000000000 ) ) ;
#97 = DIRECTION ( 'NONE',  ( 0.000000000000000000, 1.363776317591828850E-16, -1.000000000000000000 ) ) ;
#98 = AXIS2_PLACEMENT_3D ( 'NONE', #4729, #2307, #437 ) ;
#99 = VECTOR ( 'NONE', #1779, 1000.000000000000000 ) ;
#100 = ADVANCED_FACE ( 'NONE', ( #2267 ), #4892, .F. ) ;
#101 = CARTESIAN_POINT ( 'NONE',  ( -4.700000000000000178, 3.880000000000002558, 3.100000000000000089 ) ) ;
#102 = DIRECTION ( 'NONE',  ( 0.000000000000000000, -0.000000000000000000, -1.000000000000000000 ) ) ;
#103 = VERTEX_POINT ( 'NONE', #5460 ) ;
#104 = DIRECTION ( 'NONE',  ( 0.000000000000000000, -1.000000000000000000, 0.000000000000000000 ) ) ;
#105 = LINE ( 'NONE', #2662, #7264 ) ;
#106 = EDGE_CURVE ( 'NONE', #3101, #5120, #4049, .T. ) ;
#107 = AXIS2_PLACEMENT_3D ( 'NONE', #7026, #1431, #3942 ) ;
#108 = ORIENTED_EDGE ( 'NONE', *, *, #8083, .T. ) ;
#109 = CARTESIAN_POINT ( 'NONE',  ( -0.3099999999999999423, 0.4300000000000007150, 3.553360657221955154 ) ) ;
#110 = ADVANCED_FACE ( 'NONE', ( #7810 ), #2353, .F. ) ;
#111 = PLANE ( 'NONE',  #2097 ) ;
#112 = VECTOR ( 'NONE', #5483, 1000.000000000000000 ) ;
#113 = DIRECTION ( 'NONE',  ( -1.000000000000000000, 0.000000000000000000, 0.000000000000000000 ) ) ;
#114 = PLANE ( 'NONE',  #2052 ) ;
#115 = FACE_OUTER_BOUND ( 'NONE', #7348, .T. ) ;
#116 = ORIENTED_EDGE ( 'NONE', *, *, #817, .T. ) ;
#117 = EDGE_CURVE ( 'NONE', #4139, #3274, #440, .T. ) ;
#118 = DIRECTION ( 'NONE',  ( -1.000000000000000000, 0.000000000000000000, 0.000000000000000000 ) ) ;
#119 = ADVANCED_FACE ( 'NONE', ( #7880 ), #1695, .T. ) ;
#120 = FACE_OUTER_BOUND ( 'NONE', #1728, .T. ) ;
#121 = ORIENTED_EDGE ( 'NONE', *, *, #2505, .F. ) ;
#122 = CARTESIAN_POINT ( 'NONE',  ( 3.250000000000000444, 5.379999999999999893, 2.600000000000000089 ) ) ;
#123 = ORIENTED_EDGE ( 'NONE', *, *, #2157, .T. ) ;
#124 = VERTEX_POINT ( 'NONE', #2309 ) ;
#125 = ADVANCED_FACE ( 'NONE', ( #6581 ), #7327, .T. ) ;
#126 = CARTESIAN_POINT ( 'NONE',  ( 3.299999999999999822, 0.1000000000000000056, -3.598121511156143537 ) ) ;
#127 = DIRECTION ( 'NONE',  ( -0.000000000000000000, 1.000000000000000000, -0.000000000000000000 ) ) ;
#128 = ORIENTED_EDGE ( 'NONE', *, *, #7479, .F. ) ;
#129 = DIRECTION ( 'NONE',  ( 0.000000000000000000, 1.000000000000000000, 0.000000000000000000 ) ) ;
#130 = ORIENTED_EDGE ( 'NONE', *, *, #1330, .T. ) ;
#131 = LINE ( 'NONE', #3828, #6220 ) ;
#132 = VERTEX_POINT ( 'NONE', #4766 ) ;
#133 = CARTESIAN_POINT ( 'NONE',  ( -0.2091699690959548941, 4.511701769144661256, 2.457936544347141261 ) ) ;
#134 = CARTESIAN_POINT ( 'NONE',  ( 2.890000000000000124, 1.379999999999999671, 1.369999999999999662 ) ) ;
#135 = DIRECTION ( 'NONE',  ( 0.000000000000000000, -1.000000000000000000, 0.000000000000000000 ) ) ;
#136 = ORIENTED_EDGE ( 'NONE', *, *, #4937, .F. ) ;
#137 = CARTESIAN_POINT ( 'NONE',  ( -1.909999999999999698, 0.4300000000000007150, 3.369999999999999662 ) ) ;
#138 = CARTESIAN_POINT ( 'NONE',  ( 0.000000000000000000, 5.379999999999999893, 3.199999999999998845 ) ) ;
#139 = LINE ( 'NONE', #5810, #7002 ) ;
#140 = EDGE_CURVE ( 'NONE', #1426, #795, #6100, .T. ) ;
#141 = VERTEX_POINT ( 'NONE', #1036 ) ;
#142 = LINE ( 'NONE', #2585, #4526 ) ;
#143 = VERTEX_POINT ( 'NONE', #3044 ) ;
#144 = CARTESIAN_POINT ( 'NONE',  ( -2.710000000000000409, 2.879999999999999893, 3.399999999999998579 ) ) ;
#145 =( NAMED_UNIT ( * ) PLANE_ANGLE_UNIT ( ) SI_UNIT ( $, .RADIAN. ) );
#146 = PLANE ( 'NONE',  #5587 ) ;
#147 = ORIENTED_EDGE ( 'NONE', *, *, #6790, .T. ) ;
#148 = ORIENTED_EDGE ( 'NONE', *, *, #8019, .T. ) ;
#149 = EDGE_CURVE ( 'NONE', #1906, #8023, #2997, .T. ) ;
#150 = PLANE ( 'NONE',  #4458 ) ;
#151 = VERTEX_POINT ( 'NONE', #7238 ) ;
#152 = CARTESIAN_POINT ( 'NONE',  ( 0.8500000000000000888, 3.979999999999999094, 3.199999999999998845 ) ) ;
#153 = ORIENTED_EDGE ( 'NONE', *, *, #6916, .T. ) ;
#154 = VERTEX_POINT ( 'NONE', #1654 ) ;
#155 = VERTEX_POINT ( 'NONE', #6752 ) ;
#156 = EDGE_CURVE ( 'NONE', #4826, #6676, #7364, .T. ) ;
#157 = ADVANCED_FACE ( 'NONE', ( #4273 ), #400, .F. ) ;
#158 = AXIS2_PLACEMENT_3D ( 'NONE', #3572, #7191, #4099 ) ;
#159 = CARTESIAN_POINT ( 'NONE',  ( 4.799999999999999822, -0.7699999999999997957, 0.000000000000000000 ) ) ;
#160 = FACE_OUTER_BOUND ( 'NONE', #6385, .T. ) ;
#161 = EDGE_CURVE ( 'NONE', #3253, #6957, #6141, .T. ) ;
#162 = ORIENTED_EDGE ( 'NONE', *, *, #5802, .F. ) ;
#163 = CARTESIAN_POINT ( 'NONE',  ( 4.075000000000000178, 5.380000000000000782, 3.750000000000000000 ) ) ;
#164 = ORIENTED_EDGE ( 'NONE', *, *, #7181, .T. ) ;
#165 = VECTOR ( 'NONE', #6899, 1000.000000000000114 ) ;
#166 = CARTESIAN_POINT ( 'NONE',  ( -1.909999999999999698, 2.879999999999999893, 3.399999999999998579 ) ) ;
#167 = VECTOR ( 'NONE', #1537, 1000.000000000000000 ) ;
#168 = ORIENTED_EDGE ( 'NONE', *, *, #900, .T. ) ;
#169 = EDGE_CURVE ( 'NONE', #1188, #4479, #5416, .T. ) ;
#170 = LINE ( 'NONE', #3404, #2236 ) ;
#171 = VECTOR ( 'NONE', #4900, 1000.000000000000000 ) ;
#172 = VECTOR ( 'NONE', #5014, 1000.000000000000114 ) ;
#173 = ORIENTED_EDGE ( 'NONE', *, *, #7388, .T. ) ;
#174 = CARTESIAN_POINT ( 'NONE',  ( -3.149999999999999911, 4.980000000000000426, 3.600000000000000089 ) ) ;
#175 = DIRECTION ( 'NONE',  ( -0.7660444431189781245, 0.000000000000000000, 0.6427876096865393629 ) ) ;
#176 = LINE ( 'NONE', #7675, #3895 ) ;
#177 = VECTOR ( 'NONE', #2166, 1000.000000000000000 ) ;
#178 = VECTOR ( 'NONE', #928, 1000.000000000000114 ) ;
#179 = EDGE_LOOP ( 'NONE', ( #5583, #2683, #5879, #225 ) ) ;
#180 = CARTESIAN_POINT ( 'NONE',  ( -5.500000000000000000, 4.979999999999999538, 3.600000000000000089 ) ) ;
#181 = ORIENTED_EDGE ( 'NONE', *, *, #996, .F. ) ;
#182 = CARTESIAN_POINT ( 'NONE',  ( -1.550000000000000266, 3.979999999999999094, 3.199999999999998845 ) ) ;
#183 = CARTESIAN_POINT ( 'NONE',  ( 3.250000000000000444, 4.380000000000001670, 3.600000000000000089 ) ) ;
#184 = CARTESIAN_POINT ( 'NONE',  ( -4.700000000000000178, 3.979999999999999094, 3.199999999999998845 ) ) ;
#185 = AXIS2_PLACEMENT_3D ( 'NONE', #1839, #4338, #6806 ) ;
#186 = DIRECTION ( 'NONE',  ( 0.000000000000000000, 0.000000000000000000, -1.000000000000000000 ) ) ;
#187 = CARTESIAN_POINT ( 'NONE',  ( -2.850000000000000089, 5.379999999999999893, 2.600000000000000089 ) ) ;
#188 = LINE ( 'NONE', #2761, #2287 ) ;
#189 = ORIENTED_EDGE ( 'NONE', *, *, #4337, .F. ) ;
#190 = DIRECTION ( 'NONE',  ( 0.000000000000000000, -1.000000000000000000, 0.000000000000000000 ) ) ;
#191 = DIRECTION ( 'NONE',  ( -1.000000000000000000, -0.000000000000000000, -0.000000000000000000 ) ) ;
#192 = VECTOR ( 'NONE', #5336, 1000.000000000000000 ) ;
#193 = EDGE_CURVE ( 'NONE', #961, #5737, #1933, .T. ) ;
#194 = DIRECTION ( 'NONE',  ( 0.000000000000000000, 0.000000000000000000, 1.000000000000000000 ) ) ;
#195 = DIRECTION ( 'NONE',  ( 0.000000000000000000, 0.000000000000000000, -1.000000000000000000 ) ) ;
#196 = VERTEX_POINT ( 'NONE', #2706 ) ;
#197 = CARTESIAN_POINT ( 'NONE',  ( 0.05000000000000056483, 3.979999999999999094, -2.250000000000001332 ) ) ;
#198 = CARTESIAN_POINT ( 'NONE',  ( -0.4499999999999999001, 3.979999999999998206, 2.600000000000000089 ) ) ;
#199 = VERTEX_POINT ( 'NONE', #7030 ) ;
#200 = VECTOR ( 'NONE', #5403, 1000.000000000000000 ) ;
#201 = EDGE_LOOP ( 'NONE', ( #6015, #2453, #252, #5150, #693, #7472, #4406, #5759, #1333, #6659 ) ) ;
#202 = CARTESIAN_POINT ( 'NONE',  ( 3.900000000000000355, 0.04999999999999956563, 3.651878488843856463 ) ) ;
#203 = VECTOR ( 'NONE', #4586, 1000.000000000000000 ) ;
#204 = CARTESIAN_POINT ( 'NONE',  ( 2.310000000000000497, 0.4300000000000007150, 3.553360657221955154 ) ) ;
#205 = EDGE_CURVE ( 'NONE', #5867, #1075, #6989, .T. ) ;
#206 = PRODUCT_DEFINITION_SHAPE ( 'NONE', 'NONE',  #8096 ) ;
#207 = DIRECTION ( 'NONE',  ( 1.000000000000000000, 0.000000000000000000, 0.000000000000000000 ) ) ;
#208 = CARTESIAN_POINT ( 'NONE',  ( 1.675000000000000266, 2.273782217350890367, 3.750000000000000000 ) ) ;
#209 = ORIENTED_EDGE ( 'NONE', *, *, #5185, .T. ) ;
#210 = CARTESIAN_POINT ( 'NONE',  ( 3.250000000000000444, 5.379999999999999893, 2.600000000000000089 ) ) ;
#211 = ORIENTED_EDGE ( 'NONE', *, *, #1443, .T. ) ;
#212 = VECTOR ( 'NONE', #3042, 1000.000000000000000 ) ;
#213 = LINE ( 'NONE', #846, #1787 ) ;
#214 = VERTEX_POINT ( 'NONE', #1392 ) ;
#215 = DIRECTION ( 'NONE',  ( 1.000000000000000000, 0.000000000000000000, 0.000000000000000000 ) ) ;
#216 = EDGE_CURVE ( 'NONE', #7558, #243, #3948, .T. ) ;
#217 = DIRECTION ( 'NONE',  ( 0.000000000000000000, -1.000000000000000000, 0.000000000000000000 ) ) ;
#218 = AXIS2_PLACEMENT_3D ( 'NONE', #4140, #4879, #1145 ) ;
#219 = ADVANCED_FACE ( 'NONE', ( #5900 ), #2102, .F. ) ;
#220 = ORIENTED_EDGE ( 'NONE', *, *, #1799, .F. ) ;
#221 = DIRECTION ( 'NONE',  ( 0.000000000000000000, 1.000000000000000000, 0.000000000000000000 ) ) ;
#222 = CARTESIAN_POINT ( 'NONE',  ( 3.900000000000000355, 1.937312807731383035, 3.788868467578828447 ) ) ;
#223 = DIRECTION ( 'NONE',  ( -0.000000000000000000, 1.000000000000000000, -0.000000000000000000 ) ) ;
#224 = AXIS2_PLACEMENT_3D ( 'NONE', #1082, #4200, #2957 ) ;
#225 = ORIENTED_EDGE ( 'NONE', *, *, #5923, .T. ) ;
#226 = CARTESIAN_POINT ( 'NONE',  ( 3.700000000000000178, 2.779999999999999805, 3.431026387163020441 ) ) ;
#227 = EDGE_CURVE ( 'NONE', #3812, #7826, #1475, .T. ) ;
#228 = ORIENTED_EDGE ( 'NONE', *, *, #7599, .T. ) ;
#229 = FACE_OUTER_BOUND ( 'NONE', #4043, .T. ) ;
#230 = FILL_AREA_STYLE_COLOUR ( '', #3149 ) ;
#231 = CARTESIAN_POINT ( 'NONE',  ( -4.700000000000000178, 5.379999999999999893, 3.199999999999998845 ) ) ;
#232 = CARTESIAN_POINT ( 'NONE',  ( -0.8900000000000001243, 3.548505796534330958, 3.369999999999999662 ) ) ;
#233 = DIRECTION ( 'NONE',  ( -1.000000000000000000, 0.000000000000000000, 0.000000000000000000 ) ) ;
#234 = VECTOR ( 'NONE', #3664, 1000.000000000000000 ) ;
#235 = CARTESIAN_POINT ( 'NONE',  ( -4.733304317620379287, -0.5200000000000082334, -0.6825865928986792897 ) ) ;
#236 = ORIENTED_EDGE ( 'NONE', *, *, #6307, .F. ) ;
#237 = VERTEX_POINT ( 'NONE', #772 ) ;
#238 = LINE ( 'NONE', #7729, #2969 ) ;
#239 = AXIS2_PLACEMENT_3D ( 'NONE', #7732, #3961, #2075 ) ;
#240 = DIRECTION ( 'NONE',  ( -0.000000000000000000, 1.000000000000000000, -0.000000000000000000 ) ) ;
#241 = CARTESIAN_POINT ( 'NONE',  ( 2.890000000000000124, 1.379999999999999671, 3.369999999999999662 ) ) ;
#242 = DIRECTION ( 'NONE',  ( 1.000000000000000000, -0.000000000000000000, -0.000000000000000000 ) ) ;
#243 = VERTEX_POINT ( 'NONE', #6450 ) ;
#244 = LINE ( 'NONE', #4272, #2847 ) ;
#245 = EDGE_LOOP ( 'NONE', ( #2001, #7747, #6040, #1146 ) ) ;
#246 = ORIENTED_EDGE ( 'NONE', *, *, #5131, .T. ) ;
#247 = EDGE_CURVE ( 'NONE', #1410, #6067, #3286, .T. ) ;
#248 = CARTESIAN_POINT ( 'NONE',  ( -4.700000000000000178, 3.979999999999999094, 3.199999999999998845 ) ) ;
#249 = DIRECTION ( 'NONE',  ( 0.000000000000000000, 0.000000000000000000, 1.000000000000000000 ) ) ;
#250 = DIRECTION ( 'NONE',  ( 0.000000000000000000, -0.000000000000000000, -1.000000000000000000 ) ) ;
#251 = LINE ( 'NONE', #2041, #6627 ) ;
#252 = ORIENTED_EDGE ( 'NONE', *, *, #4336, .T. ) ;
#253 = DIRECTION ( 'NONE',  ( 1.144344205099612874E-16, 1.000000000000000000, 1.363776317591828850E-16 ) ) ;
#254 = VERTEX_POINT ( 'NONE', #7756 ) ;
#255 = LINE ( 'NONE', #7746, #7770 ) ;
#256 = ORIENTED_EDGE ( 'NONE', *, *, #7733, .F. ) ;
#257 = DIRECTION ( 'NONE',  ( -0.000000000000000000, 1.000000000000000000, -0.000000000000000000 ) ) ;
#258 = ADVANCED_BREP_SHAPE_REPRESENTATION ( '', ( #6028, #1711 ), #3684 ) ;
#259 = DIRECTION ( 'NONE',  ( 0.6427876096865392519, 0.000000000000000000, -0.7660444431189780135 ) ) ;
#260 = CARTESIAN_POINT ( 'NONE',  ( -4.714708407725457739, -0.7699999999999997957, 0.6522048301143482663 ) ) ;
#261 = ORIENTED_EDGE ( 'NONE', *, *, #8082, .T. ) ;
#262 = PRESENTATION_STYLE_ASSIGNMENT (( #3946 ) ) ;
#263 = CARTESIAN_POINT ( 'NONE',  ( 1.510000000000000009, 3.548505796534330958, 3.553360657221955154 ) ) ;
#264 = DIRECTION ( 'NONE',  ( -0.000000000000000000, -1.000000000000000000, -0.000000000000000000 ) ) ;
#265 = CARTESIAN_POINT ( 'NONE',  ( -3.510000000000000675, 0.4300000000000007150, 3.369999999999999662 ) ) ;
#266 = ORIENTED_EDGE ( 'NONE', *, *, #4282, .T. ) ;
#267 = DIRECTION ( 'NONE',  ( -0.000000000000000000, 0.000000000000000000, 1.000000000000000000 ) ) ;
#268 = EDGE_CURVE ( 'NONE', #7402, #4762, #1518, .T. ) ;
#269 = ADVANCED_FACE ( 'NONE', ( #2786 ), #6538, .T. ) ;
#270 = CARTESIAN_POINT ( 'NONE',  ( -1.110000000000000320, 2.879999999999999893, 1.369999999999999662 ) ) ;
#271 = SURFACE_STYLE_USAGE ( .BOTH. , #2230 ) ;
#272 = LINE ( 'NONE', #1527, #1768 ) ;
#273 = DIRECTION ( 'NONE',  ( 1.144344205099612874E-16, -1.000000000000000000, -1.363776317591828850E-16 ) ) ;
#274 =( REPRESENTATION_RELATIONSHIP ('NONE','NONE', #3360, #2520 ) REPRESENTATION_RELATIONSHIP_WITH_TRANSFORMATION ( #3744 )SHAPE_REPRESENTATION_RELATIONSHIP( ) );
#275 = DIRECTION ( 'NONE',  ( 0.3868795754558335687, -0.7985882202808504138, 0.4610651239508122834 ) ) ;
#276 = ADVANCED_FACE ( 'NONE', ( #1070 ), #2297, .F. ) ;
#277 = DIRECTION ( 'NONE',  ( 0.000000000000000000, 0.000000000000000000, 1.000000000000000000 ) ) ;
#278 = DIRECTION ( 'NONE',  ( -0.000000000000000000, 0.000000000000000000, 1.000000000000000000 ) ) ;
#279 = ORIENTED_EDGE ( 'NONE', *, *, #8018, .T. ) ;
#280 = DIRECTION ( 'NONE',  ( 0.000000000000000000, -1.000000000000000000, 0.000000000000000000 ) ) ;
#281 = ORIENTED_EDGE ( 'NONE', *, *, #5033, .T. ) ;
#282 = ORIENTED_EDGE ( 'NONE', *, *, #7442, .F. ) ;
#283 = CARTESIAN_POINT ( 'NONE',  ( 1.650000000000000355, 3.979999999999999094, -2.250000000000001332 ) ) ;
#284 = CARTESIAN_POINT ( 'NONE',  ( -2.049999999999999822, 1.835969349108944604, 2.600000000000000089 ) ) ;
#285 = CARTESIAN_POINT ( 'NONE',  ( 3.700000000000000178, 0.04999999999999956563, 3.601878488843856641 ) ) ;
#286 = PLANE ( 'NONE',  #4530 ) ;
#288 = EDGE_CURVE ( 'NONE', #5929, #6618, #3742, .T. ) ;
#287 = DIRECTION ( 'NONE',  ( -1.000000000000000000, 0.000000000000000000, 0.000000000000000000 ) ) ;
#289 = ORIENTED_EDGE ( 'NONE', *, *, #3260, .T. ) ;
#290 = EDGE_CURVE ( 'NONE', #4860, #7258, #7836, .T. ) ;
#291 = CARTESIAN_POINT ( 'NONE',  ( -0.3099999999999999423, 3.548505796534330958, 3.553360657221955154 ) ) ;
#292 = VERTEX_POINT ( 'NONE', #2821 ) ;
#293 = CARTESIAN_POINT ( 'NONE',  ( -4.500000000000000000, 0.1300000000000000600, -2.150000000000000799 ) ) ;
#294 = VERTEX_POINT ( 'NONE', #7910 ) ;
#295 = VECTOR ( 'NONE', #4197, 1000.000000000000000 ) ;
#296 = DIRECTION ( 'NONE',  ( -1.000000000000000000, -0.000000000000000000, -0.000000000000000000 ) ) ;
#297 = CARTESIAN_POINT ( 'NONE',  ( -2.049999999999999822, 5.379999999999999893, 2.600000000000000089 ) ) ;
#298 = ADVANCED_FACE ( 'NONE', ( #2223 ), #5446, .F. ) ;
#299 = VERTEX_POINT ( 'NONE', #7272 ) ;
#300 = VECTOR ( 'NONE', #4031, 1000.000000000000000 ) ;
#301 = DIRECTION ( 'NONE',  ( 1.000000000000000000, 0.000000000000000000, 0.000000000000000000 ) ) ;
#302 = AXIS2_PLACEMENT_3D ( 'NONE', #6420, #867, #3375 ) ;
#303 = LINE ( 'NONE', #2820, #1775 ) ;
#304 = CARTESIAN_POINT ( 'NONE',  ( 2.089999999999999858, 3.548505796534330958, 3.369999999999999662 ) ) ;
#305 = DIRECTION ( 'NONE',  ( -0.6427876096865392519, 0.000000000000000000, -0.7660444431189780135 ) ) ;
#306 = ORIENTED_EDGE ( 'NONE', *, *, #6796, .T. ) ;
#307 = DIRECTION ( 'NONE',  ( -1.000000000000000000, 0.000000000000000000, 0.000000000000000000 ) ) ;
#308 = AXIS2_PLACEMENT_3D ( 'NONE', #5388, #496, #1744 ) ;
#309 = AXIS2_PLACEMENT_3D ( 'NONE', #4924, #5532, #1812 ) ;
#310 = CARTESIAN_POINT ( 'NONE',  ( -4.586771019313642839, -0.7699999999999997957, -0.6610410813488175608 ) ) ;
#312 = EDGE_CURVE ( 'NONE', #7248, #7634, #1025, .T. ) ;
#311 = SURFACE_SIDE_STYLE ('',( #5939 ) ) ;
#313 = CARTESIAN_POINT ( 'NONE',  ( 0.7100000000000000755, 3.548505796534330958, 3.553360657221955154 ) ) ;
#314 = CARTESIAN_POINT ( 'NONE',  ( -4.799999999999990052, -1.740110052704518573, -1.545606163740064209 ) ) ;
#315 = ORIENTED_EDGE ( 'NONE', *, *, #6703, .T. ) ;
#316 = EDGE_CURVE ( 'NONE', #5717, #761, #6569, .T. ) ;
#317 = VECTOR ( 'NONE', #2077, 1000.000000000000000 ) ;
#318 = CIRCLE ( 'NONE', #1371, 0.6999999999999997335 ) ;
#319 = DIRECTION ( 'NONE',  ( 1.000000000000000000, -0.000000000000000000, -0.000000000000000000 ) ) ;
#320 = FACE_OUTER_BOUND ( 'NONE', #6890, .T. ) ;
#321 = EDGE_CURVE ( 'NONE', #2008, #5032, #7799, .T. ) ;
#322 = EDGE_CURVE ( 'NONE', #904, #4741, #5491, .T. ) ;
#323 = VECTOR ( 'NONE', #5556, 1000.000000000000000 ) ;
#324 = AXIS2_PLACEMENT_3D ( 'NONE', #2317, #1119, #6065 ) ;
#325 = CARTESIAN_POINT ( 'NONE',  ( 3.700000000000000178, 2.169580722449310439, 3.631343414416258852 ) ) ;
#326 = ADVANCED_FACE ( 'NONE', ( #3487 ), #7227, .F. ) ;
#327 = ORIENTED_EDGE ( 'NONE', *, *, #2700, .T. ) ;
#328 = EDGE_CURVE ( 'NONE', #5353, #3322, #350, .T. ) ;
#329 = AXIS2_PLACEMENT_3D ( 'NONE', #7800, #2908, #6498 ) ;
#330 = VERTEX_POINT ( 'NONE', #5372 ) ;
#331 = DIRECTION ( 'NONE',  ( 0.6427876096865392519, 0.000000000000000000, 0.7660444431189780135 ) ) ;
#332 = ADVANCED_FACE ( 'NONE', ( #4141 ), #6011, .T. ) ;
#333 = CARTESIAN_POINT ( 'NONE',  ( -4.700000000000000178, 5.379999999999999893, 3.199999999999998845 ) ) ;
#334 = DIRECTION ( 'NONE',  ( 1.000000000000000000, 0.000000000000000000, 0.000000000000000000 ) ) ;
#335 = VECTOR ( 'NONE', #2268, 1000.000000000000000 ) ;
#336 = FACE_OUTER_BOUND ( 'NONE', #4390, .T. ) ;
#337 = DIRECTION ( 'NONE',  ( 1.000000000000000000, 0.000000000000000000, -0.000000000000000000 ) ) ;
#338 = ORIENTED_EDGE ( 'NONE', *, *, #4101, .T. ) ;
#339 = DIRECTION ( 'NONE',  ( 1.000000000000000000, 0.000000000000000000, 0.000000000000000000 ) ) ;
#340 = ORIENTED_EDGE ( 'NONE', *, *, #5033, .F. ) ;
#341 = DIRECTION ( 'NONE',  ( -1.000000000000000000, 0.000000000000000000, 0.000000000000000000 ) ) ;
#342 = VERTEX_POINT ( 'NONE', #2943 ) ;
#343 = VECTOR ( 'NONE', #3271, 1000.000000000000000 ) ;
#344 = EDGE_CURVE ( 'NONE', #6265, #5249, #1684, .T. ) ;
#345 = CARTESIAN_POINT ( 'NONE',  ( 1.289999999999999813, 3.548505796534330958, 3.553360657221955154 ) ) ;
#346 = LINE ( 'NONE', #297, #4267 ) ;
#347 = EDGE_LOOP ( 'NONE', ( #7608, #4512, #7789, #2898 ) ) ;
#348 = VECTOR ( 'NONE', #6193, 999.9999999999998863 ) ;
#349 = LINE ( 'NONE', #7867, #3520 ) ;
#350 = LINE ( 'NONE', #2865, #2427 ) ;
#351 = DIRECTION ( 'NONE',  ( -0.000000000000000000, -0.000000000000000000, 1.000000000000000000 ) ) ;
#352 = ORIENTED_EDGE ( 'NONE', *, *, #833, .T. ) ;
#353 = DIRECTION ( 'NONE',  ( 1.000000000000000000, 0.000000000000000000, 0.000000000000000000 ) ) ;
#354 = ORIENTED_EDGE ( 'NONE', *, *, #1855, .F. ) ;
#355 = VECTOR ( 'NONE', #905, 1000.000000000000000 ) ;
#356 = CARTESIAN_POINT ( 'NONE',  ( 1.510000000000000009, 2.879999999999999893, 3.399999999999998579 ) ) ;
#357 = CARTESIAN_POINT ( 'NONE',  ( -3.999999999999999112, 8.673617379884040205E-15, 0.000000000000000000 ) ) ;
#358 = CARTESIAN_POINT ( 'NONE',  ( 3.500000000000000000, 0.1356428144323411078, -4.498121511156143448 ) ) ;
#359 = CARTESIAN_POINT ( 'NONE',  ( -3.200000000000000178, 0.000000000000000000, 1.369999999999999662 ) ) ;
#360 = AXIS2_PLACEMENT_3D ( 'NONE', #4955, #2406, #1876 ) ;
#361 = ADVANCED_FACE ( 'NONE', ( #428 ), #2343, .T. ) ;
#362 = CARTESIAN_POINT ( 'NONE',  ( -3.149999999999999911, 1.835969349108944604, 3.600000000000000089 ) ) ;
#363 = PRODUCT_DEFINITION_FORMATION_WITH_SPECIFIED_SOURCE ( 'ANY', '', #1206, .NOT_KNOWN. ) ;
#364 = VECTOR ( 'NONE', #6180, 1000.000000000000000 ) ;
#365 = CARTESIAN_POINT ( 'NONE',  ( -5.500000000000000000, 4.979999999999999538, 3.600000000000000089 ) ) ;
#366 = DIRECTION ( 'NONE',  ( 1.000000000000000000, 0.000000000000000000, 0.000000000000000000 ) ) ;
#367 = EDGE_LOOP ( 'NONE', ( #5081, #643, #2486, #2147, #3046, #5075, #6279, #7932, #5508, #4503, #4191, #5761, #1753, #5629, #700, #3162, #3310, #6640, #3146, #3594, #1742, #3453, #6819, #4573, #476, #3094, #7321, #7913, #5450, #4750, #7572, #7868, #3177, #5519, #7627, #5395, #2739, #4698, #5159, #8025, #2226, #1143, #490, #4818, #1093, #7915, #4965, #7349, #427 ) ) ;
#368 = FACE_OUTER_BOUND ( 'NONE', #5017, .T. ) ;
#369 = ORIENTED_EDGE ( 'NONE', *, *, #981, .T. ) ;
#370 = VECTOR ( 'NONE', #2873, 1000.000000000000000 ) ;
#371 = VERTEX_POINT ( 'NONE', #6695 ) ;
#372 = CARTESIAN_POINT ( 'NONE',  ( 1.151348741456227120, 5.006033723746717179, 2.172533857288610815 ) ) ;
#373 = PRODUCT_DEFINITION ( 'UNKNOWN', '', #1174, #3688 ) ;
#374 = DIRECTION ( 'NONE',  ( -0.5220483011439607246, 0.000000000000000000, -0.8529159227454394809 ) ) ;
#375 = VECTOR ( 'NONE', #3977, 1000.000000000000000 ) ;
#376 = DIRECTION ( 'NONE',  ( 1.000000000000000000, -0.000000000000000000, -0.000000000000000000 ) ) ;
#377 = DIRECTION ( 'NONE',  ( -0.000000000000000000, 0.000000000000000000, -1.000000000000000000 ) ) ;
#378 = ORIENTED_EDGE ( 'NONE', *, *, #3194, .T. ) ;
#379 = CARTESIAN_POINT ( 'NONE',  ( 3.900000000000000355, 0.2499999999999996392, 3.851878488843856641 ) ) ;
#380 = ORIENTED_EDGE ( 'NONE', *, *, #7212, .T. ) ;
#381 = EDGE_CURVE ( 'NONE', #1867, #6056, #1103, .T. ) ;
#382 = DIRECTION ( 'NONE',  ( 1.144344205099612874E-16, -1.000000000000000000, -1.363776317591828850E-16 ) ) ;
#383 = ORIENTED_EDGE ( 'NONE', *, *, #7023, .T. ) ;
#384 = DIRECTION ( 'NONE',  ( -1.000000000000000000, 0.000000000000000000, 0.000000000000000000 ) ) ;
#385 = DIRECTION ( 'NONE',  ( 1.000000000000000000, -0.000000000000000000, -0.000000000000000000 ) ) ;
#386 = CARTESIAN_POINT ( 'NONE',  ( -0.3099999999999999423, 3.548505796534330958, 3.369999999999999662 ) ) ;
#387 = EDGE_LOOP ( 'NONE', ( #1885, #1256, #3363, #559 ) ) ;
#388 = FACE_OUTER_BOUND ( 'NONE', #4019, .T. ) ;
#389 = VERTEX_POINT ( 'NONE', #7357 ) ;
#390 = DIRECTION ( 'NONE',  ( 0.000000000000000000, 0.000000000000000000, 1.000000000000000000 ) ) ;
#391 = CARTESIAN_POINT ( 'NONE',  ( 3.500000000000000000, 0.1000000000000000056, -3.698121511156143626 ) ) ;
#392 = ORIENTED_EDGE ( 'NONE', *, *, #5727, .T. ) ;
#393 = DIRECTION ( 'NONE',  ( -0.000000000000000000, 0.7071067811865474617, -0.7071067811865474617 ) ) ;
#394 = ORIENTED_EDGE ( 'NONE', *, *, #3658, .T. ) ;
#395 = PLANE ( 'NONE',  #1963 ) ;
#396 = CARTESIAN_POINT ( 'NONE',  ( 0.000000000000000000, 0.000000000000000000, 0.000000000000000000 ) ) ;
#397 = FACE_OUTER_BOUND ( 'NONE', #2462, .T. ) ;
#398 = EDGE_CURVE ( 'NONE', #1313, #1958, #1762, .T. ) ;
#399 = PLANE ( 'NONE',  #5816 ) ;
#400 = PLANE ( 'NONE',  #6448 ) ;
#401 = CARTESIAN_POINT ( 'NONE',  ( 3.900000000000000355, 2.334618803272979104, 3.572697287147439837 ) ) ;
#402 = LINE ( 'NONE', #4856, #4051 ) ;
#403 = CARTESIAN_POINT ( 'NONE',  ( -5.500000000000000000, 5.380000000000001670, 3.600000000000000089 ) ) ;
#404 = DIRECTION ( 'NONE',  ( 0.000000000000000000, -0.4999999999999993894, -0.8660254037844390407 ) ) ;
#405 = EDGE_CURVE ( 'NONE', #6891, #708, #3211, .T. ) ;
#406 = EDGE_LOOP ( 'NONE', ( #5327, #1414, #662, #7183 ) ) ;
#407 = FACE_OUTER_BOUND ( 'NONE', #1914, .T. ) ;
#408 = VERTEX_POINT ( 'NONE', #7993 ) ;
#409 = PLANE ( 'NONE',  #308 ) ;
#410 = DIRECTION ( 'NONE',  ( 0.000000000000000000, -1.000000000000000000, 0.000000000000000000 ) ) ;
#411 = CARTESIAN_POINT ( 'NONE',  ( -3.510000000000000675, 1.379999999999999671, 1.369999999999999662 ) ) ;
#412 = CARTESIAN_POINT ( 'NONE',  ( -5.500000000000000000, 2.200000000000000178, 3.749999999999999556 ) ) ;
#413 = ORIENTED_EDGE ( 'NONE', *, *, #3580, .T. ) ;
#414 = CARTESIAN_POINT ( 'NONE',  ( -4.350000000000000533, -0.5300568462028451000, 0.03708463221822751871 ) ) ;
#415 = ORIENTED_EDGE ( 'NONE', *, *, #1909, .F. ) ;
#416 = EDGE_CURVE ( 'NONE', #5285, #2561, #6738, .T. ) ;
#417 = ORIENTED_EDGE ( 'NONE', *, *, #4807, .T. ) ;
#418 = ADVANCED_FACE ( 'NONE', ( #3034 ), #2418, .F. ) ;
#419 = CARTESIAN_POINT ( 'NONE',  ( 2.890000000000000124, 2.879999999999999893, 1.369999999999999662 ) ) ;
#420 = EDGE_CURVE ( 'NONE', #5962, #408, #6129, .T. ) ;
#421 = CARTESIAN_POINT ( 'NONE',  ( 3.689999999999998614, 2.614371549809415551, 3.553360657221955154 ) ) ;
#422 = LINE ( 'NONE', #7864, #1539 ) ;
#423 = CARTESIAN_POINT ( 'NONE',  ( -3.974981590085203464, 3.605018409914796162, 2.981410425868256997 ) ) ;
#424 = ORIENTED_EDGE ( 'NONE', *, *, #1297, .T. ) ;
#425 = LINE ( 'NONE', #5444, #4966 ) ;
#426 = MANIFOLD_SOLID_BREP ( 'Fillet1', #1633 ) ;
#427 = ORIENTED_EDGE ( 'NONE', *, *, #4467, .F. ) ;
#428 = FACE_OUTER_BOUND ( 'NONE', #3752, .T. ) ;
#429 = ADVANCED_FACE ( 'NONE', ( #4690 ), #3325, .T. ) ;
#430 = CARTESIAN_POINT ( 'NONE',  ( -3.650000000000000355, 3.979999999999999094, 3.199999999999998845 ) ) ;
#431 = ORIENTED_EDGE ( 'NONE', *, *, #7032, .F. ) ;
#432 = CARTESIAN_POINT ( 'NONE',  ( -2.400000000000000355, 0.000000000000000000, 1.369999999999999662 ) ) ;
#433 = ORIENTED_EDGE ( 'NONE', *, *, #7801, .T. ) ;
#434 = CARTESIAN_POINT ( 'NONE',  ( 2.089999999999999858, 3.548505796534330958, 3.369999999999999662 ) ) ;
#435 = ADVANCED_FACE ( 'NONE', ( #115 ), #5137, .F. ) ;
#436 = AXIS2_PLACEMENT_3D ( 'NONE', #2070, #2113, #918 ) ;
#437 = DIRECTION ( 'NONE',  ( 1.000000000000000000, 0.000000000000000000, 0.000000000000000000 ) ) ;
#438 = ORIENTED_EDGE ( 'NONE', *, *, #6727, .F. ) ;
#439 = CARTESIAN_POINT ( 'NONE',  ( -2.349999999999999645, 3.979999999999999094, 3.199999999999998845 ) ) ;
#440 = LINE ( 'NONE', #3499, #4389 ) ;
#441 = DIRECTION ( 'NONE',  ( 0.000000000000000000, 0.000000000000000000, 1.000000000000000000 ) ) ;
#442 = VECTOR ( 'NONE', #856, 1000.000000000000000 ) ;
#443 = VECTOR ( 'NONE', #5820, 1000.000000000000000 ) ;
#444 = ORIENTED_EDGE ( 'NONE', *, *, #3714, .F. ) ;
#445 = CARTESIAN_POINT ( 'NONE',  ( -0.8900000000000001243, 0.4300000000000000488, 0.000000000000000000 ) ) ;
#446 = EDGE_CURVE ( 'NONE', #4620, #568, #4646, .T. ) ;
#447 = CARTESIAN_POINT ( 'NONE',  ( 1.124999999999999334, 5.380000000000002558, 3.750000000000000000 ) ) ;
#448 = CARTESIAN_POINT ( 'NONE',  ( -4.700000000000000178, 2.879999999999999893, 3.399999999999998579 ) ) ;
#449 = AXIS2_PLACEMENT_3D ( 'NONE', #432, #267, #5339 ) ;
#450 = VECTOR ( 'NONE', #5928, 1000.000000000000114 ) ;
#451 = VERTEX_POINT ( 'NONE', #7116 ) ;
#452 = ORIENTED_EDGE ( 'NONE', *, *, #7458, .T. ) ;
#453 = LINE ( 'NONE', #4165, #6588 ) ;
#454 = VECTOR ( 'NONE', #319, 1000.000000000000000 ) ;
#455 = VECTOR ( 'NONE', #6708, 1000.000000000000000 ) ;
#456 = EDGE_CURVE ( 'NONE', #2048, #8031, #734, .T. ) ;
#457 = DIRECTION ( 'NONE',  ( 0.000000000000000000, 0.000000000000000000, -1.000000000000000000 ) ) ;
#458 = CARTESIAN_POINT ( 'NONE',  ( 0.000000000000000000, -0.7699999999999997957, 0.000000000000000000 ) ) ;
#459 = ORIENTED_EDGE ( 'NONE', *, *, #381, .F. ) ;
#460 = STYLED_ITEM ( 'NONE', ( #499 ), #3424 ) ;
#461 = DIRECTION ( 'NONE',  ( -0.000000000000000000, 0.000000000000000000, -1.000000000000000000 ) ) ;
#462 = ORIENTED_EDGE ( 'NONE', *, *, #1019, .T. ) ;
#463 = CARTESIAN_POINT ( 'NONE',  ( 3.700000000000000178, 2.334618803272979104, 3.572697287147439837 ) ) ;
#464 = ORIENTED_EDGE ( 'NONE', *, *, #7240, .F. ) ;
#465 = EDGE_CURVE ( 'NONE', #523, #7663, #2017, .T. ) ;
#466 = VECTOR ( 'NONE', #1834, 1000.000000000000000 ) ;
#467 = DIRECTION ( 'NONE',  ( -0.000000000000000000, 1.000000000000000000, -0.000000000000000000 ) ) ;
#468 = CARTESIAN_POINT ( 'NONE',  ( -4.866695682379615917, -0.5199999999999963540, -0.6825865928986859510 ) ) ;
#469 = LINE ( 'NONE', #2981, #5973 ) ;
#470 = LINE ( 'NONE', #5442, #1638 ) ;
#471 = ORIENTED_EDGE ( 'NONE', *, *, #3350, .F. ) ;
#472 = DIRECTION ( 'NONE',  ( 0.000000000000000000, 0.000000000000000000, 1.000000000000000000 ) ) ;
#473 = DIRECTION ( 'NONE',  ( 0.000000000000000000, 0.000000000000000000, -1.000000000000000000 ) ) ;
#474 = VECTOR ( 'NONE', #764, 1000.000000000000114 ) ;
#475 = CARTESIAN_POINT ( 'NONE',  ( 4.299999999999998046, 0.4299999999999998268, -4.000000000000000888 ) ) ;
#476 = ORIENTED_EDGE ( 'NONE', *, *, #1655, .F. ) ;
#477 = VERTEX_POINT ( 'NONE', #5784 ) ;
#478 = EDGE_CURVE ( 'NONE', #3899, #1913, #5222, .T. ) ;
#479 = CARTESIAN_POINT ( 'NONE',  ( 3.700000000000000178, 1.016439536705160407E-16, 4.451878488843855841 ) ) ;
#480 = AXIS2_PLACEMENT_3D ( 'NONE', #3648, #7389, #4959 ) ;
#481 = DIRECTION ( 'NONE',  ( 0.000000000000000000, 0.000000000000000000, 1.000000000000000000 ) ) ;
#482 = ORIENTED_EDGE ( 'NONE', *, *, #3107, .F. ) ;
#483 = LINE ( 'NONE', #8050, #4124 ) ;
#484 = DIRECTION ( 'NONE',  ( 1.000000000000000000, 0.000000000000000000, 0.000000000000000000 ) ) ;
#485 = FACE_OUTER_BOUND ( 'NONE', #6170, .T. ) ;
#486 = APPLICATION_PROTOCOL_DEFINITION ( 'draft international standard', 'automotive_design', 1998, #3711 ) ;
#487 = EDGE_CURVE ( 'NONE', #7663, #3253, #2793, .T. ) ;
#488 = VERTEX_POINT ( 'NONE', #3251 ) ;
#489 = AXIS2_PLACEMENT_3D ( 'NONE', #2996, #1156, #923 ) ;
#490 = ORIENTED_EDGE ( 'NONE', *, *, #2894, .T. ) ;
#491 = CARTESIAN_POINT ( 'NONE',  ( -3.510000000000000675, 2.879999999999999893, 3.369999999999999662 ) ) ;
#492 = CARTESIAN_POINT ( 'NONE',  ( 3.700000000000000178, 2.169580722449310439, 3.881343414416258852 ) ) ;
#493 = PLANE ( 'NONE',  #3483 ) ;
#494 = ORIENTED_EDGE ( 'NONE', *, *, #58, .F. ) ;
#495 = VERTEX_POINT ( 'NONE', #4032 ) ;
#496 = DIRECTION ( 'NONE',  ( -0.7071067811865480168, 0.000000000000000000, 0.7071067811865470176 ) ) ;
#497 = VECTOR ( 'NONE', #253, 1000.000000000000000 ) ;
#498 = CARTESIAN_POINT ( 'NONE',  ( 3.700000000000000178, 0.2499999999999996392, 3.851878488843856641 ) ) ;
#499 = PRESENTATION_STYLE_ASSIGNMENT (( #7380 ) ) ;
#500 = DIRECTION ( 'NONE',  ( 0.000000000000000000, -1.000000000000000000, 0.000000000000000000 ) ) ;
#501 = VERTEX_POINT ( 'NONE', #7158 ) ;
#502 = VECTOR ( 'NONE', #5126, 1000.000000000000000 ) ;
#503 = CARTESIAN_POINT ( 'NONE',  ( 1.950000000000000178, 5.379999999999999893, 0.000000000000000000 ) ) ;
#504 = EDGE_CURVE ( 'NONE', #4306, #5008, #1445, .T. ) ;
#505 = VERTEX_POINT ( 'NONE', #5908 ) ;
#506 = DIRECTION ( 'NONE',  ( -0.000000000000000000, -0.000000000000000000, 1.000000000000000000 ) ) ;
#507 = ORIENTED_EDGE ( 'NONE', *, *, #7180, .F. ) ;
#508 = CARTESIAN_POINT ( 'NONE',  ( 0.000000000000000000, 5.379999999999999893, 0.000000000000000000 ) ) ;
#509 = VECTOR ( 'NONE', #242, 1000.000000000000000 ) ;
#510 = CARTESIAN_POINT ( 'NONE',  ( 3.250000000000000444, 3.979999999999999094, 3.199999999999998845 ) ) ;
#511 = DIRECTION ( 'NONE',  ( 0.000000000000000000, -1.000000000000000000, 0.000000000000000000 ) ) ;
#512 = DIRECTION ( 'NONE',  ( -0.000000000000000000, 1.000000000000000000, -0.000000000000000000 ) ) ;
#513 = CARTESIAN_POINT ( 'NONE',  ( -0.3099999999999999423, 2.879999999999999893, 3.399999999999998579 ) ) ;
#514 = ORIENTED_EDGE ( 'NONE', *, *, #1346, .F. ) ;
#515 = LINE ( 'NONE', #3032, #7670 ) ;
#516 = EDGE_CURVE ( 'NONE', #6310, #143, #6507, .T. ) ;
#517 = ORIENTED_EDGE ( 'NONE', *, *, #6542, .T. ) ;
#518 = DIRECTION ( 'NONE',  ( -1.000000000000000000, 0.000000000000000000, 0.000000000000000000 ) ) ;
#519 = CARTESIAN_POINT ( 'NONE',  ( 3.110000000000000764, 2.614371549809416440, 3.553360657221955154 ) ) ;
#520 = ORIENTED_EDGE ( 'NONE', *, *, #7912, .T. ) ;
#521 = ORIENTED_EDGE ( 'NONE', *, *, #2655, .T. ) ;
#522 = CARTESIAN_POINT ( 'NONE',  ( 2.089999999999999858, 1.379999999999999671, 3.369999999999999662 ) ) ;
#523 = VERTEX_POINT ( 'NONE', #5747 ) ;
#524 = CARTESIAN_POINT ( 'NONE',  ( 3.700000000000000178, 0.1500000000000001332, 4.501878488843855664 ) ) ;
#525 = DIRECTION ( 'NONE',  ( 0.000000000000000000, 1.000000000000000000, 0.000000000000000000 ) ) ;
#526 = CARTESIAN_POINT ( 'NONE',  ( -4.500000000000000000, 0.3300000000000001266, 2.250000000000000444 ) ) ;
#527 = ORIENTED_EDGE ( 'NONE', *, *, #4593, .F. ) ;
#528 = ADVANCED_FACE ( 'NONE', ( #7686 ), #1574, .T. ) ;
#529 = ORIENTED_EDGE ( 'NONE', *, *, #1520, .F. ) ;
#530 = CARTESIAN_POINT ( 'NONE',  ( -0.8900000000000001243, 3.548505796534330958, 3.369999999999999662 ) ) ;
#531 = CARTESIAN_POINT ( 'NONE',  ( 1.289999999999999813, 1.379999999999999671, 1.369999999999999662 ) ) ;
#532 = ADVANCED_FACE ( 'NONE', ( #2915 ), #4072, .F. ) ;
#533 = CARTESIAN_POINT ( 'NONE',  ( 3.550000000000000266, 5.379999999999999893, 0.000000000000000000 ) ) ;
#534 = CARTESIAN_POINT ( 'NONE',  ( -5.500000000000000000, 0.1300000000000000600, -2.250000000000000000 ) ) ;
#535 = VERTEX_POINT ( 'NONE', #2875 ) ;
#536 = ORIENTED_EDGE ( 'NONE', *, *, #7309, .F. ) ;
#537 = LINE ( 'NONE', #28, #8020 ) ;
#538 = LINE ( 'NONE', #3769, #7911 ) ;
#539 = DIRECTION ( 'NONE',  ( -0.000000000000000000, 1.000000000000000000, -0.000000000000000000 ) ) ;
#540 = VERTEX_POINT ( 'NONE', #358 ) ;
#541 = CARTESIAN_POINT ( 'NONE',  ( 0.000000000000000000, 0.4300000000000000488, 3.750000000000000000 ) ) ;
#542 = UNCERTAINTY_MEASURE_WITH_UNIT (LENGTH_MEASURE( 1.000000000000000082E-05 ), #2993, 'distance_accuracy_value', 'NONE');
#543 = ORIENTED_EDGE ( 'NONE', *, *, #2162, .T. ) ;
#544 = LINE ( 'NONE', #3062, #5873 ) ;
#545 = ORIENTED_EDGE ( 'NONE', *, *, #2694, .F. ) ;
#546 = DIRECTION ( 'NONE',  ( 0.5220483011439607246, -0.000000000000000000, 0.8529159227454394809 ) ) ;
#547 = VERTEX_POINT ( 'NONE', #4195 ) ;
#548 = DIRECTION ( 'NONE',  ( 0.000000000000000000, -1.000000000000000000, 0.000000000000000000 ) ) ;
#549 = ADVANCED_FACE ( 'NONE', ( #7280 ), #5458, .F. ) ;
#550 = CARTESIAN_POINT ( 'NONE',  ( -0.08999999999999980238, 0.4300000000000000488, 0.000000000000000000 ) ) ;
#551 = DIRECTION ( 'NONE',  ( 0.000000000000000000, 6.691560283308973665E-16, 1.000000000000000000 ) ) ;
#552 = ADVANCED_FACE ( 'NONE', ( #1035 ), #7237, .T. ) ;
#553 = DIRECTION ( 'NONE',  ( -0.000000000000000000, 0.7071067811865489050, 0.7071067811865460184 ) ) ;
#554 = DIRECTION ( 'NONE',  ( 0.000000000000000000, 0.000000000000000000, -1.000000000000000000 ) ) ;
#555 = ORIENTED_EDGE ( 'NONE', *, *, #6452, .T. ) ;
#556 = DIRECTION ( 'NONE',  ( 0.000000000000000000, -0.7071067811865484609, -0.7071067811865465735 ) ) ;
#557 = VERTEX_POINT ( 'NONE', #5499 ) ;
#558 = ORIENTED_EDGE ( 'NONE', *, *, #6484, .F. ) ;
#559 = ORIENTED_EDGE ( 'NONE', *, *, #769, .F. ) ;
#560 = DIRECTION ( 'NONE',  ( 0.3868795754558335687, 0.7985882202808504138, -0.4610651239508122834 ) ) ;
#561 = EDGE_CURVE ( 'NONE', #254, #2216, #3579, .T. ) ;
#562 = CARTESIAN_POINT ( 'NONE',  ( -0.8635841881018363475, 0.4300000000000000488, 0.7246331737267817097 ) ) ;
#563 = ORIENTED_EDGE ( 'NONE', *, *, #2904, .T. ) ;
#564 = LINE ( 'NONE', #6749, #167 ) ;
#565 = LINE ( 'NONE', #57, #4958 ) ;
#566 = CARTESIAN_POINT ( 'NONE',  ( -2.490000000000000213, 0.4300000000000000488, 0.000000000000000000 ) ) ;
#567 =( BOUNDED_CURVE ( )  B_SPLINE_CURVE ( 3, ( #2112, #3377, #235, #2760 ),
 .UNSPECIFIED., .F., .T. ) 
 B_SPLINE_CURVE_WITH_KNOTS ( ( 4, 4 ),
 ( 5.261639698568747470, 6.283185307179580903 ),
 .UNSPECIFIED. ) 
 CURVE ( )  GEOMETRIC_REPRESENTATION_ITEM ( )  RATIONAL_B_SPLINE_CURVE ( ( 1.000000000000000000, 0.9149113210613639691, 0.9149113210613639691, 1.000000000000000000 ) ) 
 REPRESENTATION_ITEM ( '' )  );
#568 = VERTEX_POINT ( 'NONE', #952 ) ;
#569 = EDGE_CURVE ( 'NONE', #237, #3015, #7963, .T. ) ;
#570 = CARTESIAN_POINT ( 'NONE',  ( -4.700000000000000178, 3.979999999999999094, -2.250000000000001332 ) ) ;
#571 = LINE ( 'NONE', #3758, #7956 ) ;
#572 = FACE_OUTER_BOUND ( 'NONE', #3971, .T. ) ;
#573 = VERTEX_POINT ( 'NONE', #2231 ) ;
#574 = ORIENTED_EDGE ( 'NONE', *, *, #6575, .F. ) ;
#575 = VECTOR ( 'NONE', #5865, 1000.000000000000000 ) ;
#576 = CARTESIAN_POINT ( 'NONE',  ( 4.799999999999999822, -0.5700000000000019496, 0.000000000000000000 ) ) ;
#577 = VECTOR ( 'NONE', #6053, 1000.000000000000114 ) ;
#578 = ORIENTED_EDGE ( 'NONE', *, *, #4609, .F. ) ;
#579 = EDGE_CURVE ( 'NONE', #1253, #3925, #7362, .T. ) ;
#580 = EDGE_CURVE ( 'NONE', #4332, #1749, #4730, .T. ) ;
#581 = VECTOR ( 'NONE', #4463, 1000.000000000000000 ) ;
#582 = VECTOR ( 'NONE', #6070, 1000.000000000000000 ) ;
#583 = EDGE_CURVE ( 'NONE', #7818, #6963, #3751, .T. ) ;
#584 = DIRECTION ( 'NONE',  ( 1.000000000000000000, 0.000000000000000000, 0.000000000000000000 ) ) ;
#585 = LINE ( 'NONE', #6072, #993 ) ;
#586 = ORIENTED_EDGE ( 'NONE', *, *, #1746, .F. ) ;
#587 = LINE ( 'NONE', #3813, #7155 ) ;
#588 = ORIENTED_EDGE ( 'NONE', *, *, #5299, .F. ) ;
#589 = CARTESIAN_POINT ( 'NONE',  ( 0.4899999999999999911, 0.4300000000000007150, 3.553360657221955154 ) ) ;
#590 = EDGE_LOOP ( 'NONE', ( #2359, #6156, #5475, #683, #464, #818, #2466, #2521 ) ) ;
#591 = COLOUR_RGB ( '',0.7921568627450980005, 0.8196078431372548767, 0.9333333333333333481 ) ;
#592 = AXIS2_PLACEMENT_3D ( 'NONE', #751, #1459, #5079 ) ;
#593 = ORIENTED_EDGE ( 'NONE', *, *, #5462, .T. ) ;
#594 = EDGE_CURVE ( 'NONE', #2099, #2944, #991, .T. ) ;
#595 = ADVANCED_FACE ( 'NONE', ( #7199 ), #2952, .F. ) ;
#596 = DIRECTION ( 'NONE',  ( -0.000000000000000000, 0.000000000000000000, 1.000000000000000000 ) ) ;
#597 = CARTESIAN_POINT ( 'NONE',  ( 3.700000000000000178, 1.844405641844211852, 3.751878488843856552 ) ) ;
#598 = LINE ( 'NONE', #6081, #1385 ) ;
#599 = AXIS2_PLACEMENT_3D ( 'NONE', #2576, #7617, #5769 ) ;
#600 = VECTOR ( 'NONE', #3420, 1000.000000000000000 ) ;
#601 = LINE ( 'NONE', #3115, #2426 ) ;
#602 = ORIENTED_EDGE ( 'NONE', *, *, #6534, .F. ) ;
#603 = LINE ( 'NONE', #8039, #1163 ) ;
#604 = CARTESIAN_POINT ( 'NONE',  ( 3.689999999999999947, 1.379999999999999671, 3.369999999999999662 ) ) ;
#605 = VECTOR ( 'NONE', #305, 1000.000000000000227 ) ;
#606 = VERTEX_POINT ( 'NONE', #7843 ) ;
#607 = CARTESIAN_POINT ( 'NONE',  ( -4.700000000000000178, 2.879999999999999893, 3.399999999999998579 ) ) ;
#608 = VERTEX_POINT ( 'NONE', #5380 ) ;
#609 = VECTOR ( 'NONE', #1480, 1000.000000000000000 ) ;
#610 = LINE ( 'NONE', #3079, #5863 ) ;
#611 = ADVANCED_FACE ( 'NONE', ( #397 ), #1612, .F. ) ;
#612 = VERTEX_POINT ( 'NONE', #6579 ) ;
#613 = AXIS2_PLACEMENT_3D ( 'NONE', #4347, #1918, #3110 ) ;
#614 = CARTESIAN_POINT ( 'NONE',  ( -4.349999999999997868, -0.5494168154509139201, 8.640046532140947475E-15 ) ) ;
#615 = CARTESIAN_POINT ( 'NONE',  ( -3.290000000000000480, 3.548505796534330958, 3.553360657221955154 ) ) ;
#616 = DIRECTION ( 'NONE',  ( 0.000000000000000000, 1.000000000000000000, 0.000000000000000000 ) ) ;
#617 = ORIENTED_EDGE ( 'NONE', *, *, #6573, .T. ) ;
#618 = ORIENTED_EDGE ( 'NONE', *, *, #7568, .F. ) ;
#619 = AXIS2_PLACEMENT_3D ( 'NONE', #1771, #4891, #7815 ) ;
#620 = CARTESIAN_POINT ( 'NONE',  ( -4.991377574662865690, -0.7699999999999997957, -1.244140980491406109E-14 ) ) ;
#621 = ADVANCED_FACE ( 'NONE', ( #1693 ), #7920, .F. ) ;
#622 = ORIENTED_EDGE ( 'NONE', *, *, #1404, .T. ) ;
#623 = VECTOR ( 'NONE', #4638, 1000.000000000000000 ) ;
#624 = LINE ( 'NONE', #5602, #3373 ) ;
#625 = ORIENTED_EDGE ( 'NONE', *, *, #6060, .T. ) ;
#626 = DIRECTION ( 'NONE',  ( -0.7660444431189781245, 0.000000000000000000, 0.6427876096865393629 ) ) ;
#627 = UNCERTAINTY_MEASURE_WITH_UNIT (LENGTH_MEASURE( 1.000000000000000082E-05 ), #1483, 'distance_accuracy_value', 'NONE');
#628 = ORIENTED_EDGE ( 'NONE', *, *, #579, .T. ) ;
#629 = PLANE ( 'NONE',  #360 ) ;
#630 = ORIENTED_EDGE ( 'NONE', *, *, #1117, .T. ) ;
#631 = VECTOR ( 'NONE', #7301, 1000.000000000000000 ) ;
#632 = ORIENTED_EDGE ( 'NONE', *, *, #7607, .F. ) ;
#633 = EDGE_CURVE ( 'NONE', #292, #3728, #1734, .T. ) ;
#634 = LINE ( 'NONE', #1299, #5305 ) ;
#635 = EDGE_CURVE ( 'NONE', #154, #1450, #1108, .T. ) ;
#636 = DIRECTION ( 'NONE',  ( 0.000000000000000000, -0.1132032137678997130, -0.9935718556765882337 ) ) ;
#637 = LINE ( 'NONE', #2206, #4528 ) ;
#638 = ORIENTED_EDGE ( 'NONE', *, *, #6952, .T. ) ;
#639 = AXIS2_PLACEMENT_3D ( 'NONE', #7596, #4566, #7072 ) ;
#640 = DIRECTION ( 'NONE',  ( 0.000000000000000000, 0.000000000000000000, 1.000000000000000000 ) ) ;
#641 = DIRECTION ( 'NONE',  ( -0.000000000000000000, -0.000000000000000000, 1.000000000000000000 ) ) ;
#642 = EDGE_CURVE ( 'NONE', #6162, #5728, #483, .T. ) ;
#643 = ORIENTED_EDGE ( 'NONE', *, *, #673, .T. ) ;
#644 = CARTESIAN_POINT ( 'NONE',  ( -3.950000000000000178, 1.835969349108944604, 3.600000000000000089 ) ) ;
#645 = VERTEX_POINT ( 'NONE', #5091 ) ;
#646 = CARTESIAN_POINT ( 'NONE',  ( 3.900000000000000355, 0.1500000000000001332, 4.501878488843855664 ) ) ;
#647 = VECTOR ( 'NONE', #2289, 1000.000000000000000 ) ;
#648 = LINE ( 'NONE', #3746, #2713 ) ;
#649 = CARTESIAN_POINT ( 'NONE',  ( -5.500000000000000000, 0.1300000000000000600, 3.899999999999999911 ) ) ;
#650 = FACE_OUTER_BOUND ( 'NONE', #5110, .T. ) ;
#651 = ORIENTED_EDGE ( 'NONE', *, *, #7232, .T. ) ;
#652 = VECTOR ( 'NONE', #6953, 1000.000000000000000 ) ;
#653 = CARTESIAN_POINT ( 'NONE',  ( 5.500000000000000000, 0.3300000000000001266, 0.000000000000000000 ) ) ;
#654 = ORIENTED_EDGE ( 'NONE', *, *, #6292, .T. ) ;
#655 = CARTESIAN_POINT ( 'NONE',  ( 0.000000000000000000, 5.379999999999999893, 3.199999999999998845 ) ) ;
#656 = EDGE_CURVE ( 'NONE', #4418, #1952, #564, .T. ) ;
#657 = DIRECTION ( 'NONE',  ( 1.000000000000000000, -0.000000000000000000, -0.000000000000000000 ) ) ;
#658 = DIRECTION ( 'NONE',  ( 0.000000000000000000, 3.183472606097238429E-16, 1.000000000000000000 ) ) ;
#659 = ORIENTED_EDGE ( 'NONE', *, *, #4884, .T. ) ;
#660 = VERTEX_POINT ( 'NONE', #5189 ) ;
#661 = LINE ( 'NONE', #694, #727 ) ;
#662 = ORIENTED_EDGE ( 'NONE', *, *, #2186, .F. ) ;
#663 = ADVANCED_FACE ( 'NONE', ( #3337 ), #7650, .F. ) ;
#664 = FACE_OUTER_BOUND ( 'NONE', #4618, .T. ) ;
#665 = LINE ( 'NONE', #7532, #1782 ) ;
#666 = ORIENTED_EDGE ( 'NONE', *, *, #3151, .F. ) ;
#667 = LINE ( 'NONE', #541, #8065 ) ;
#668 = ORIENTED_EDGE ( 'NONE', *, *, #5469, .F. ) ;
#669 = ORIENTED_EDGE ( 'NONE', *, *, #3055, .T. ) ;
#670 = VERTEX_POINT ( 'NONE', #198 ) ;
#671 = CARTESIAN_POINT ( 'NONE',  ( -4.700000000000000178, 2.879999999999999893, 3.399999999999998579 ) ) ;
#672 = DIRECTION ( 'NONE',  ( 0.000000000000000000, -1.000000000000000000, 0.000000000000000000 ) ) ;
#673 = EDGE_CURVE ( 'NONE', #3198, #5623, #4080, .T. ) ;
#674 = VERTEX_POINT ( 'NONE', #959 ) ;
#675 = ADVANCED_FACE ( 'NONE', ( #7696 ), #2842, .F. ) ;
#676 = CARTESIAN_POINT ( 'NONE',  ( 3.700000000000000178, 0.1500000000000001332, 4.501878488843855664 ) ) ;
#677 = VERTEX_POINT ( 'NONE', #7500 ) ;
#678 = CARTESIAN_POINT ( 'NONE',  ( 5.500000000000000000, 5.379999999999999893, 3.899999999999999911 ) ) ;
#679 = EDGE_CURVE ( 'NONE', #3773, #1437, #705, .T. ) ;
#680 = EDGE_CURVE ( 'NONE', #6618, #7980, #1244, .T. ) ;
#681 = DIRECTION ( 'NONE',  ( 0.000000000000000000, 1.363776317591828850E-16, -1.000000000000000000 ) ) ;
#682 = EDGE_CURVE ( 'NONE', #1412, #4007, #2529, .T. ) ;
#683 = ORIENTED_EDGE ( 'NONE', *, *, #1551, .F. ) ;
#684 = PLANE ( 'NONE',  #5736 ) ;
#685 = LINE ( 'NONE', #1476, #3633 ) ;
#686 = ORIENTED_EDGE ( 'NONE', *, *, #290, .T. ) ;
#687 = PLANE ( 'NONE',  #4783 ) ;
#688 = DIRECTION ( 'NONE',  ( -1.421590381353233516E-14, -0.4627814220463080663, 0.8864724222494441142 ) ) ;
#689 = CARTESIAN_POINT ( 'NONE',  ( -0.08999999999999980238, 2.879999999999999893, 3.399999999999998579 ) ) ;
#690 = DIRECTION ( 'NONE',  ( 0.000000000000000000, 0.7071067811865461294, -0.7071067811865490160 ) ) ;
#691 = LINE ( 'NONE', #5783, #978 ) ;
#692 = VERTEX_POINT ( 'NONE', #6897 ) ;
#693 = ORIENTED_EDGE ( 'NONE', *, *, #6308, .T. ) ;
#694 = CARTESIAN_POINT ( 'NONE',  ( -0.4499999999999999001, 5.379999999999999893, 3.199999999999998845 ) ) ;
#695 = ORIENTED_EDGE ( 'NONE', *, *, #4593, .T. ) ;
#696 = ORIENTED_EDGE ( 'NONE', *, *, #5902, .F. ) ;
#697 = VECTOR ( 'NONE', #5776, 1000.000000000000000 ) ;
#698 = DIRECTION ( 'NONE',  ( 0.000000000000000000, 0.7071067811865465735, -0.7071067811865484609 ) ) ;
#699 = ORIENTED_EDGE ( 'NONE', *, *, #227, .T. ) ;
#700 = ORIENTED_EDGE ( 'NONE', *, *, #3892, .T. ) ;
#701 = VERTEX_POINT ( 'NONE', #1995 ) ;
#702 = EDGE_CURVE ( 'NONE', #3264, #1030, #2569, .T. ) ;
#703 = VECTOR ( 'NONE', #1434, 1000.000000000000114 ) ;
#704 = AXIS2_PLACEMENT_3D ( 'NONE', #3294, #6381, #2111 ) ;
#705 = LINE ( 'NONE', #5649, #4776 ) ;
#706 = CARTESIAN_POINT ( 'NONE',  ( -5.500000000000000000, 2.200000000000000178, 3.749999999999999556 ) ) ;
#707 = DIRECTION ( 'NONE',  ( 1.000000000000000000, 0.000000000000000000, -0.000000000000000000 ) ) ;
#708 = VERTEX_POINT ( 'NONE', #126 ) ;
#709 = VECTOR ( 'NONE', #7231, 1000.000000000000114 ) ;
#710 = CARTESIAN_POINT ( 'NONE',  ( 3.275000000000000355, 0.4300000000000007150, 3.750000000000000000 ) ) ;
#711 = VECTOR ( 'NONE', #6656, 1000.000000000000000 ) ;
#712 = ORIENTED_EDGE ( 'NONE', *, *, #6573, .F. ) ;
#713 = ORIENTED_EDGE ( 'NONE', *, *, #7003, .F. ) ;
#714 = FACE_OUTER_BOUND ( 'NONE', #6453, .T. ) ;
#715 = VERTEX_POINT ( 'NONE', #2085 ) ;
#716 = EDGE_CURVE ( 'NONE', #7840, #746, #7610, .T. ) ;
#717 = VERTEX_POINT ( 'NONE', #1373 ) ;
#718 = DIRECTION ( 'NONE',  ( -0.000000000000000000, -0.000000000000000000, 1.000000000000000000 ) ) ;
#719 = VECTOR ( 'NONE', #3597, 1000.000000000000000 ) ;
#720 = VECTOR ( 'NONE', #887, 1000.000000000000000 ) ;
#721 = PLANE ( 'NONE',  #2073 ) ;
#722 = ORIENTED_EDGE ( 'NONE', *, *, #4370, .F. ) ;
#723 = FACE_OUTER_BOUND ( 'NONE', #3261, .T. ) ;
#724 = CARTESIAN_POINT ( 'NONE',  ( 3.910000000000000142, 3.548505796534330958, 3.553360657221955154 ) ) ;
#725 = CARTESIAN_POINT ( 'NONE',  ( 4.500000000000000000, 0.3300000000000001266, 0.000000000000000000 ) ) ;
#726 = EDGE_CURVE ( 'NONE', #3369, #6502, #7541, .T. ) ;
#727 = VECTOR ( 'NONE', #7527, 1000.000000000000114 ) ;
#728 = ORIENTED_EDGE ( 'NONE', *, *, #1632, .T. ) ;
#729 = DIRECTION ( 'NONE',  ( 1.000000000000000000, 0.000000000000000000, 0.000000000000000000 ) ) ;
#730 = DIRECTION ( 'NONE',  ( 1.000000000000000000, 0.000000000000000000, 0.000000000000000000 ) ) ;
#731 = CIRCLE ( 'NONE', #1010, 0.09999999999999939493 ) ;
#732 = CARTESIAN_POINT ( 'NONE',  ( 4.150000000000003020, 0.1300000000000000600, -4.149999999999996803 ) ) ;
#733 = CARTESIAN_POINT ( 'NONE',  ( 1.289999999999999813, 1.379999999999999671, 1.369999999999999662 ) ) ;
#734 = LINE ( 'NONE', #184, #4394 ) ;
#735 = VERTEX_POINT ( 'NONE', #2648 ) ;
#736 = ADVANCED_FACE ( 'NONE', ( #3893 ), #1962, .T. ) ;
#737 = VERTEX_POINT ( 'NONE', #750 ) ;
#738 = EDGE_CURVE ( 'NONE', #4880, #3841, #4500, .T. ) ;
#739 = VECTOR ( 'NONE', #3651, 1000.000000000000000 ) ;
#740 = LINE ( 'NONE', #550, #7692 ) ;
#741 = VECTOR ( 'NONE', #4542, 1000.000000000000000 ) ;
#742 = LINE ( 'NONE', #2638, #6333 ) ;
#743 = ORIENTED_EDGE ( 'NONE', *, *, #5940, .F. ) ;
#744 = LINE ( 'NONE', #2726, #2468 ) ;
#745 = EDGE_LOOP ( 'NONE', ( #7372, #4440, #1743, #4550 ) ) ;
#746 = VERTEX_POINT ( 'NONE', #5797 ) ;
#747 = EDGE_LOOP ( 'NONE', ( #3428, #2148, #3140, #7354, #6623, #2613, #4648, #4221 ) ) ;
#748 = ORIENTED_EDGE ( 'NONE', *, *, #3959, .F. ) ;
#749 = VECTOR ( 'NONE', #3336, 1000.000000000000227 ) ;
#750 = CARTESIAN_POINT ( 'NONE',  ( 5.500000000000000000, 0.1300000000000000600, -2.799999999999997602 ) ) ;
#751 = CARTESIAN_POINT ( 'NONE',  ( -3.650000000000000355, 1.835969349108944604, 2.600000000000000089 ) ) ;
#752 = DIRECTION ( 'NONE',  ( -1.000000000000000000, 0.000000000000000000, 0.000000000000000000 ) ) ;
#754 = EDGE_CURVE ( 'NONE', #4939, #1192, #6967, .T. ) ;
#753 = DIRECTION ( 'NONE',  ( 0.000000000000000000, -1.000000000000000000, 0.000000000000000000 ) ) ;
#755 = ORIENTED_EDGE ( 'NONE', *, *, #3173, .T. ) ;
#756 = AXIS2_PLACEMENT_3D ( 'NONE', #6972, #3937, #1377 ) ;
#757 = CARTESIAN_POINT ( 'NONE',  ( 3.700000000000000178, 0.05000000000000010686, 4.501878488843855664 ) ) ;
#758 = ORIENTED_EDGE ( 'NONE', *, *, #845, .F. ) ;
#759 = ORIENTED_EDGE ( 'NONE', *, *, #3220, .T. ) ;
#760 = DIRECTION ( 'NONE',  ( 1.000000000000000000, 0.000000000000000000, 0.000000000000000000 ) ) ;
#761 = VERTEX_POINT ( 'NONE', #5117 ) ;
#762 = CONTEXT_DEPENDENT_SHAPE_REPRESENTATION ( #2282, #206 ) ;
#763 = ORIENTED_EDGE ( 'NONE', *, *, #936, .F. ) ;
#764 = DIRECTION ( 'NONE',  ( 0.3868795754558335687, -0.7985882202808504138, 0.4610651239508122834 ) ) ;
#765 = DIRECTION ( 'NONE',  ( 0.000000000000000000, 0.000000000000000000, 1.000000000000000000 ) ) ;
#766 = VECTOR ( 'NONE', #6875, 1000.000000000000000 ) ;
#767 = LINE ( 'NONE', #6410, #6915 ) ;
#768 = FACE_OUTER_BOUND ( 'NONE', #3202, .T. ) ;
#769 = EDGE_CURVE ( 'NONE', #151, #977, #88, .T. ) ;
#770 = EDGE_LOOP ( 'NONE', ( #4475, #5543, #1085, #5677, #6229, #121 ) ) ;
#771 = DIRECTION ( 'NONE',  ( 0.000000000000000000, 0.000000000000000000, -1.000000000000000000 ) ) ;
#772 = CARTESIAN_POINT ( 'NONE',  ( 5.500000000000000000, 5.379999999999999893, 3.100000000000000089 ) ) ;
#773 = DIRECTION ( 'NONE',  ( -0.000000000000000000, 0.000000000000000000, -1.000000000000000000 ) ) ;
#774 = VECTOR ( 'NONE', #2386, 1000.000000000000000 ) ;
#775 = ORIENTED_EDGE ( 'NONE', *, *, #6906, .F. ) ;
#776 = DIRECTION ( 'NONE',  ( 0.000000000000000000, 0.7071067811865450192, 0.7071067811865500152 ) ) ;
#777 = ORIENTED_EDGE ( 'NONE', *, *, #726, .T. ) ;
#778 = LINE ( 'NONE', #3372, #5878 ) ;
#779 = VECTOR ( 'NONE', #3601, 1000.000000000000000 ) ;
#780 = DIRECTION ( 'NONE',  ( -0.000000000000000000, 1.000000000000000000, -0.000000000000000000 ) ) ;
#781 = CARTESIAN_POINT ( 'NONE',  ( 4.500000000000000000, 0.4299999999999998268, 3.750000000000000000 ) ) ;
#782 = FILL_AREA_STYLE ('',( #2146 ) ) ;
#783 = ORIENTED_EDGE ( 'NONE', *, *, #5448, .F. ) ;
#784 = EDGE_CURVE ( 'NONE', #2397, #2187, #3224, .T. ) ;
#785 = LINE ( 'NONE', #5181, #5337 ) ;
#786 = ADVANCED_FACE ( 'NONE', ( #5725 ), #7579, .F. ) ;
#787 = PLANE ( 'NONE',  #7305 ) ;
#788 = DIRECTION ( 'NONE',  ( 0.000000000000000000, 0.000000000000000000, -1.000000000000000000 ) ) ;
#789 = ORIENTED_EDGE ( 'NONE', *, *, #3779, .F. ) ;
#790 = DIRECTION ( 'NONE',  ( 0.000000000000000000, 0.000000000000000000, 1.000000000000000000 ) ) ;
#791 = VERTEX_POINT ( 'NONE', #7054 ) ;
#792 = EDGE_CURVE ( 'NONE', #7219, #4035, #3268, .T. ) ;
#793 = ORIENTED_EDGE ( 'NONE', *, *, #6222, .F. ) ;
#794 = ORIENTED_EDGE ( 'NONE', *, *, #7057, .F. ) ;
#795 = VERTEX_POINT ( 'NONE', #1458 ) ;
#796 = LINE ( 'NONE', #5239, #4817 ) ;
#797 = EDGE_CURVE ( 'NONE', #4425, #4420, #1419, .T. ) ;
#798 = CARTESIAN_POINT ( 'NONE',  ( 0.000000000000000000, 0.4300000000000000488, 3.369999999999999662 ) ) ;
#799 = LINE ( 'NONE', #4544, #3221 ) ;
#800 = LINE ( 'NONE', #5199, #7657 ) ;
#801 = ORIENTED_EDGE ( 'NONE', *, *, #6466, .F. ) ;
#802 = PLANE ( 'NONE',  #5986 ) ;
#803 = ORIENTED_EDGE ( 'NONE', *, *, #6145, .F. ) ;
#804 = CARTESIAN_POINT ( 'NONE',  ( 2.725000000000000089, 0.4300000000000007150, 3.750000000000000000 ) ) ;
#805 = ORIENTED_EDGE ( 'NONE', *, *, #1062, .T. ) ;
#806 = ORIENTED_EDGE ( 'NONE', *, *, #8019, .F. ) ;
#807 = EDGE_CURVE ( 'NONE', #5280, #4490, #637, .T. ) ;
#808 = CARTESIAN_POINT ( 'NONE',  ( -0.7499999999999997780, 3.979999999999999094, -2.250000000000001332 ) ) ;
#809 = CARTESIAN_POINT ( 'NONE',  ( -5.500000000000000000, 5.379999999999999893, 3.100000000000000089 ) ) ;
#810 = CARTESIAN_POINT ( 'NONE',  ( 1.149999999999999911, 4.980000000000000426, 3.600000000000000089 ) ) ;
#811 = VERTEX_POINT ( 'NONE', #7703 ) ;
#812 =( LENGTH_UNIT ( ) NAMED_UNIT ( * ) SI_UNIT ( .MILLI., .METRE. ) );
#813 = CARTESIAN_POINT ( 'NONE',  ( -4.700000000000000178, 3.979999999999999094, 2.600000000000000089 ) ) ;
#814 = DIRECTION ( 'NONE',  ( 0.000000000000000000, 1.000000000000000000, 1.363776317591828850E-16 ) ) ;
#815 = ORIENTED_EDGE ( 'NONE', *, *, #7342, .F. ) ;
#816 = CARTESIAN_POINT ( 'NONE',  ( -4.700000000000000178, 3.979999999999999094, 2.600000000000000089 ) ) ;
#817 = EDGE_CURVE ( 'NONE', #5642, #2120, #7782, .T. ) ;
#818 = ORIENTED_EDGE ( 'NONE', *, *, #5031, .F. ) ;
#819 = LINE ( 'NONE', #2013, #6387 ) ;
#820 = CARTESIAN_POINT ( 'NONE',  ( 0.4899999999999999911, 1.379999999999999671, 1.369999999999999662 ) ) ;
#821 =( NAMED_UNIT ( * ) SI_UNIT ( $, .STERADIAN. ) SOLID_ANGLE_UNIT ( ) );
#822 = DIRECTION ( 'NONE',  ( 0.000000000000000000, 1.000000000000000000, 0.000000000000000000 ) ) ;
#823 = VERTEX_POINT ( 'NONE', #1501 ) ;
#824 = ORIENTED_EDGE ( 'NONE', *, *, #2461, .T. ) ;
#825 = FACE_OUTER_BOUND ( 'NONE', #5868, .T. ) ;
#826 = EDGE_CURVE ( 'NONE', #2470, #4093, #7740, .T. ) ;
#827 = LINE ( 'NONE', #2674, #2719 ) ;
#828 = DIRECTION ( 'NONE',  ( -0.000000000000000000, 1.000000000000000000, -0.000000000000000000 ) ) ;
#829 = CARTESIAN_POINT ( 'NONE',  ( 3.910000000000000142, 1.379999999999999671, 3.369999999999999662 ) ) ;
#830 = CARTESIAN_POINT ( 'NONE',  ( -4.885291592274542793, -0.5199999999999964650, -0.6522048301143499316 ) ) ;
#831 = VERTEX_POINT ( 'NONE', #204 ) ;
#832 = ORIENTED_EDGE ( 'NONE', *, *, #7011, .F. ) ;
#833 = EDGE_CURVE ( 'NONE', #5071, #4741, #4743, .T. ) ;
#834 = ORIENTED_EDGE ( 'NONE', *, *, #6874, .F. ) ;
#835 = ORIENTED_EDGE ( 'NONE', *, *, #656, .F. ) ;
#836 = DIRECTION ( 'NONE',  ( -0.000000000000000000, -0.7071067811865474617, 0.7071067811865474617 ) ) ;
#837 = EDGE_CURVE ( 'NONE', #2200, #7790, #5240, .T. ) ;
#838 = PLANE ( 'NONE',  #50 ) ;
#839 = VECTOR ( 'NONE', #484, 1000.000000000000000 ) ;
#840 = CARTESIAN_POINT ( 'NONE',  ( -2.490000000000000213, 1.379999999999999671, 1.369999999999999662 ) ) ;
#841 = ORIENTED_EDGE ( 'NONE', *, *, #2967, .F. ) ;
#842 = CARTESIAN_POINT ( 'NONE',  ( 3.900000000000000355, 1.844405641844211852, 3.751878488843856552 ) ) ;
#843 = EDGE_LOOP ( 'NONE', ( #5682, #3665, #3786, #2615 ) ) ;
#844 = ADVANCED_FACE ( 'NONE', ( #3968 ), #4004, .F. ) ;
#845 = EDGE_CURVE ( 'NONE', #1072, #6132, #6435, .T. ) ;
#846 = CARTESIAN_POINT ( 'NONE',  ( -4.700000000000000178, 3.979999999999999094, -2.250000000000001332 ) ) ;
#847 = VECTOR ( 'NONE', #273, 1000.000000000000000 ) ;
#848 = ORIENTED_EDGE ( 'NONE', *, *, #5851, .T. ) ;
#849 = CARTESIAN_POINT ( 'NONE',  ( -3.950000000000000178, 5.379999999999999893, 3.199999999999998845 ) ) ;
#850 = LINE ( 'NONE', #5852, #1579 ) ;
#851 = CYLINDRICAL_SURFACE ( 'NONE', #7886, 0.04999999999999969746 ) ;
#852 = AXIS2_PLACEMENT_3D ( 'NONE', #6415, #3951, #3245 ) ;
#853 = VECTOR ( 'NONE', #3852, 1000.000000000000000 ) ;
#854 = EDGE_LOOP ( 'NONE', ( #5912, #5267, #7816, #4235 ) ) ;
#855 = DIRECTION ( 'NONE',  ( 0.000000000000000000, 1.000000000000000000, 1.363776317591828850E-16 ) ) ;
#856 = DIRECTION ( 'NONE',  ( 1.000000000000000000, -0.000000000000000000, -0.000000000000000000 ) ) ;
#857 = CARTESIAN_POINT ( 'NONE',  ( -4.700000000000000178, 3.979999999999999094, 2.600000000000000089 ) ) ;
#858 = PLANE ( 'NONE',  #5593 ) ;
#859 = ADVANCED_FACE ( 'NONE', ( #6478 ), #2123, .F. ) ;
#860 = CIRCLE ( 'NONE', #5439, 0.1000000000000002554 ) ;
#861 = VECTOR ( 'NONE', #4238, 1000.000000000000000 ) ;
#862 = ORIENTED_EDGE ( 'NONE', *, *, #6036, .T. ) ;
#863 = DIRECTION ( 'NONE',  ( -1.000000000000000000, -0.000000000000000000, -0.000000000000000000 ) ) ;
#864 = EDGE_LOOP ( 'NONE', ( #1290, #6237, #6106, #5096 ) ) ;
#865 = DIRECTION ( 'NONE',  ( 0.000000000000000000, -1.000000000000000000, 0.000000000000000000 ) ) ;
#866 = LINE ( 'NONE', #6419, #300 ) ;
#867 = DIRECTION ( 'NONE',  ( 0.6031026327552829747, -0.7071067811865461294, -0.3691438938458121988 ) ) ;
#868 = VECTOR ( 'NONE', #6813, 1000.000000000000000 ) ;
#869 = CARTESIAN_POINT ( 'NONE',  ( -3.290000000000000480, 2.879999999999999893, 3.399999999999998579 ) ) ;
#870 = EDGE_CURVE ( 'NONE', #95, #5028, #3391, .T. ) ;
#871 = ORIENTED_EDGE ( 'NONE', *, *, #3452, .F. ) ;
#872 = ORIENTED_EDGE ( 'NONE', *, *, #3789, .T. ) ;
#873 = ADVANCED_FACE ( 'NONE', ( #5277 ), #2888, .F. ) ;
#874 = DIRECTION ( 'NONE',  ( 1.000000000000000000, 0.000000000000000000, -0.000000000000000000 ) ) ;
#875 = AXIS2_PLACEMENT_3D ( 'NONE', #3532, #6012, #5292 ) ;
#876 = LINE ( 'NONE', #362, #2978 ) ;
#877 = FACE_OUTER_BOUND ( 'NONE', #7262, .T. ) ;
#878 = ORIENTED_EDGE ( 'NONE', *, *, #7830, .F. ) ;
#879 = CARTESIAN_POINT ( 'NONE',  ( -2.075000000000000178, 0.4300000000000007150, 3.750000000000000000 ) ) ;
#880 = VERTEX_POINT ( 'NONE', #2771 ) ;
#881 = VECTOR ( 'NONE', #2635, 1000.000000000000000 ) ;
#882 = VERTEX_POINT ( 'NONE', #5389 ) ;
#883 = DIRECTION ( 'NONE',  ( 0.000000000000000000, 0.000000000000000000, -1.000000000000000000 ) ) ;
#884 = VECTOR ( 'NONE', #7822, 1000.000000000000000 ) ;
#885 = CARTESIAN_POINT ( 'NONE',  ( -3.950000000000000178, 5.379999999999999893, 2.600000000000000089 ) ) ;
#886 = PRODUCT_DEFINITION_SHAPE ( 'NONE', 'NONE',  #8091 ) ;
#887 = DIRECTION ( 'NONE',  ( -0.000000000000000000, -1.000000000000000000, -0.000000000000000000 ) ) ;
#888 = DIRECTION ( 'NONE',  ( -0.000000000000000000, 1.000000000000000000, -0.000000000000000000 ) ) ;
#889 = DIRECTION ( 'NONE',  ( -0.000000000000000000, 1.000000000000000000, -0.000000000000000000 ) ) ;
#890 = EDGE_LOOP ( 'NONE', ( #1100, #1811, #5862, #471, #862, #2909 ) ) ;
#891 = CARTESIAN_POINT ( 'NONE',  ( -3.510000000000000675, 2.879999999999999893, 3.399999999999998579 ) ) ;
#892 = ORIENTED_EDGE ( 'NONE', *, *, #5802, .T. ) ;
#893 = EDGE_CURVE ( 'NONE', #977, #670, #2277, .T. ) ;
#894 = ORIENTED_EDGE ( 'NONE', *, *, #3430, .F. ) ;
#895 = VECTOR ( 'NONE', #4456, 1000.000000000000000 ) ;
#896 = ADVANCED_FACE ( 'NONE', ( #4704 ), #838, .T. ) ;
#897 = DIRECTION ( 'NONE',  ( 0.000000000000000000, 0.7071067811865461294, -0.7071067811865490160 ) ) ;
#898 = ORIENTED_EDGE ( 'NONE', *, *, #594, .F. ) ;
#899 = CARTESIAN_POINT ( 'NONE',  ( 1.650000000000000133, 5.379999999999999893, 2.600000000000000089 ) ) ;
#900 = EDGE_CURVE ( 'NONE', #6608, #7095, #2036, .T. ) ;
#901 = DIRECTION ( 'NONE',  ( -0.000000000000000000, -0.000000000000000000, 1.000000000000000000 ) ) ;
#902 = CIRCLE ( 'NONE', #6773, 0.2000000000000000944 ) ;
#903 = PLANE ( 'NONE',  #4002 ) ;
#904 = VERTEX_POINT ( 'NONE', #333 ) ;
#905 = DIRECTION ( 'NONE',  ( 0.5220483011439734922, 0.000000000000000000, 0.8529159227454317094 ) ) ;
#906 = CARTESIAN_POINT ( 'NONE',  ( 3.900000000000000355, 1.844405641844211852, 3.851878488843856641 ) ) ;
#907 = LINE ( 'NONE', #1643, #2059 ) ;
#908 = VECTOR ( 'NONE', #5220, 1000.000000000000000 ) ;
#909 = VECTOR ( 'NONE', #1659, 1000.000000000000000 ) ;
#910 = EDGE_LOOP ( 'NONE', ( #5697, #4614, #2976, #536, #2893, #4793, #394, #5470, #236, #5235, #2987, #1998 ) ) ;
#911 = CARTESIAN_POINT ( 'NONE',  ( 0.000000000000000000, 0.4300000000000000488, 3.750000000000000000 ) ) ;
#912 = EDGE_LOOP ( 'NONE', ( #2601, #578, #5578, #6194 ) ) ;
#913 = CARTESIAN_POINT ( 'NONE',  ( 3.700000000000000178, -2.778268066994105112E-16, 3.651878488843856463 ) ) ;
#914 =( LENGTH_UNIT ( ) NAMED_UNIT ( * ) SI_UNIT ( .MILLI., .METRE. ) );
#915 = DIRECTION ( 'NONE',  ( -1.000000000000000000, 0.000000000000000000, 0.000000000000000000 ) ) ;
#916 =( LENGTH_UNIT ( ) NAMED_UNIT ( * ) SI_UNIT ( .MILLI., .METRE. ) );
#917 = AXIS2_PLACEMENT_3D ( 'NONE', #5342, #1033, #2991 ) ;
#918 = DIRECTION ( 'NONE',  ( 0.000000000000000000, 0.000000000000000000, -1.000000000000000000 ) ) ;
#919 = VECTOR ( 'NONE', #3585, 1000.000000000000000 ) ;
#920 = EDGE_CURVE ( 'NONE', #708, #6846, #2848, .T. ) ;
#921 = CARTESIAN_POINT ( 'NONE',  ( -0.8000000000000000444, 0.000000000000000000, 1.369999999999999662 ) ) ;
#922 = ORIENTED_EDGE ( 'NONE', *, *, #7526, .F. ) ;
#923 = DIRECTION ( 'NONE',  ( 1.000000000000000000, 0.000000000000000000, -0.000000000000000000 ) ) ;
#924 = VERTEX_POINT ( 'NONE', #1623 ) ;
#925 = VECTOR ( 'NONE', #3009, 1000.000000000000227 ) ;
#926 = EDGE_LOOP ( 'NONE', ( #5247, #1340, #3538, #1148 ) ) ;
#927 = CARTESIAN_POINT ( 'NONE',  ( -4.049999999999999822, 0.1300000000000000600, -2.250000000000000000 ) ) ;
#928 = DIRECTION ( 'NONE',  ( -0.000000000000000000, -0.8660254037844389297, 0.4999999999999993339 ) ) ;
#929 = DIRECTION ( 'NONE',  ( 0.000000000000000000, -1.000000000000000000, 0.000000000000000000 ) ) ;
#930 = PLANE ( 'NONE',  #1544 ) ;
#931 = ORIENTED_EDGE ( 'NONE', *, *, #5771, .F. ) ;
#932 = LINE ( 'NONE', #291, #3133 ) ;
#933 = ORIENTED_EDGE ( 'NONE', *, *, #5114, .T. ) ;
#934 = CARTESIAN_POINT ( 'NONE',  ( -3.352614145427975423, -0.7699999999999997957, -2.052050468677146799 ) ) ;
#935 = ORIENTED_EDGE ( 'NONE', *, *, #3452, .T. ) ;
#936 = EDGE_CURVE ( 'NONE', #132, #523, #4123, .T. ) ;
#937 = DIRECTION ( 'NONE',  ( 0.000000000000000000, -0.000000000000000000, -1.000000000000000000 ) ) ;
#938 = DIRECTION ( 'NONE',  ( 1.000000000000000000, 0.000000000000000000, 0.000000000000000000 ) ) ;
#939 = EDGE_CURVE ( 'NONE', #7990, #6770, #3515, .T. ) ;
#940 = EDGE_LOOP ( 'NONE', ( #1326, #2741, #1428, #4120 ) ) ;
#941 = DIRECTION ( 'NONE',  ( 1.000000000000000000, 0.000000000000000000, 0.000000000000000000 ) ) ;
#942 = LINE ( 'NONE', #813, #5180 ) ;
#943 = DIRECTION ( 'NONE',  ( 1.000000000000000000, -0.000000000000000000, -0.000000000000000000 ) ) ;
#944 = DIRECTION ( 'NONE',  ( -0.000000000000000000, 1.000000000000000000, -0.000000000000000000 ) ) ;
#945 = EDGE_CURVE ( 'NONE', #7437, #1363, #4443, .T. ) ;
#946 = EDGE_CURVE ( 'NONE', #1072, #4459, #6645, .T. ) ;
#947 = ORIENTED_EDGE ( 'NONE', *, *, #2902, .F. ) ;
#948 = CARTESIAN_POINT ( 'NONE',  ( 0.4899999999999991029, 2.879999999999999893, 3.399999999999998579 ) ) ;
#949 = ORIENTED_EDGE ( 'NONE', *, *, #1344, .F. ) ;
#950 = EDGE_CURVE ( 'NONE', #505, #7851, #6032, .T. ) ;
#951 = FACE_OUTER_BOUND ( 'NONE', #2972, .T. ) ;
#952 = CARTESIAN_POINT ( 'NONE',  ( 2.089999999999999858, 1.379999999999999671, 1.369999999999999662 ) ) ;
#953 = CARTESIAN_POINT ( 'NONE',  ( -2.850000000000000089, 3.979999999999999094, -2.250000000000001332 ) ) ;
#954 = DIRECTION ( 'NONE',  ( 0.000000000000000000, 0.000000000000000000, 1.000000000000000000 ) ) ;
#955 = EDGE_CURVE ( 'NONE', #1641, #5551, #2968, .T. ) ;
#956 = DIRECTION ( 'NONE',  ( 0.000000000000000000, 2.710505431213760099E-16, -1.000000000000000000 ) ) ;
#957 = VERTEX_POINT ( 'NONE', #1710 ) ;
#958 = LINE ( 'NONE', #1199, #6503 ) ;
#959 = CARTESIAN_POINT ( 'NONE',  ( 2.310000000000000497, 2.879999999999999893, 1.369999999999999662 ) ) ;
#960 = ORIENTED_EDGE ( 'NONE', *, *, #6184, .F. ) ;
#961 = VERTEX_POINT ( 'NONE', #4242 ) ;
#962 = PLANE ( 'NONE',  #2303 ) ;
#963 = DIRECTION ( 'NONE',  ( 0.000000000000000000, 0.000000000000000000, -1.000000000000000000 ) ) ;
#964 = CARTESIAN_POINT ( 'NONE',  ( 0.000000000000000000, 5.379999999999999893, 3.199999999999998845 ) ) ;
#965 = DIRECTION ( 'NONE',  ( 0.000000000000000000, -0.7071067811865475727, -0.7071067811865475727 ) ) ;
#966 = FACE_OUTER_BOUND ( 'NONE', #4183, .T. ) ;
#967 = VERTEX_POINT ( 'NONE', #689 ) ;
#968 = CARTESIAN_POINT ( 'NONE',  ( 0.4899999999999999911, 2.879999999999999893, 3.369999999999999662 ) ) ;
#969 = EDGE_CURVE ( 'NONE', #3692, #3661, #4167, .T. ) ;
#970 = ORIENTED_EDGE ( 'NONE', *, *, #446, .T. ) ;
#971 = ORIENTED_EDGE ( 'NONE', *, *, #398, .F. ) ;
#972 = CARTESIAN_POINT ( 'NONE',  ( 3.700000000000000178, 0.1500000000000001332, 4.501878488843855664 ) ) ;
#973 = ORIENTED_EDGE ( 'NONE', *, *, #8008, .F. ) ;
#974 = CLOSED_SHELL ( 'NONE', ( #269, #7683, #5853, #2731, #532, #4074, #7844, #6088, #6979, #3747, #7486, #1288, #3537, #4153, #5266, #6744, #5987, #7502, #4176, #7975, #5059, #7065, #1709, #219, #2946, #1413, #3243, #3756, #7691, #2846, #361, #3341, #595, #3725, #6048, #1745, #5397, #621, #1803, #2596, #4960, #7239, #435, #4846, #1269, #7623, #7343, #2806, #5015, #4315, #7229, #5302, #418, #276, #6093, #1608, #6135, #3670, #7549, #7484, #3636, #3305, #5523, #5385, #4992, #4055, #2398, #6885, #7678, #5991, #1905, #3098, #5454, #6270, #528, #3502, #6383, #5116, #6654, #549, #1646, #2754, #4034, #2050, #5418, #2644, #5061, #675, #7621, #5667, #4409, #6614, #5156, #1894, #1752, #1543, #6980, #5151, #736, #7337, #1838, #157, #6014, #4934, #3553, #7875, #2152, #1703, #6363, #100, #786, #1549, #2014, #5729, #6352, #2276, #2552, #7676, #6555, #5211, #7090, #2271, #3127, #4556, #7924, #7985, #332, #1938, #7524, #6984, #125, #429, #4012, #3865, #5152, #2213, #5693, #5140, #2018, #3458, #2594, #7142, #1181, #5311, #5087, #4085, #6643, #4451, #896, #4707, #552, #1532, #3817, #7823, #6739, #2313, #7465, #5329, #6277, #7187, #5506, #2265, #7134, #4159, #2299, #3960, #7282, #6593, #1469, #4225, #5896, #6409, #6926, #1877, #844, #2095, #5701, #611, #3112, #5599, #5436, #859, #5080, #3229, #663, #5659, #110, #4661, #5905, #3999, #3085, #2253, #6893, #2947, #873, #7284, #7749, #7433, #2796, #2620, #2878, #4431, #119, #2127, #4271, #6628, #6833, #7110, #4911, #1099, #6482, #6729, #6327 ) ) ;
#975 = DIRECTION ( 'NONE',  ( 0.6427876096865392519, 0.000000000000000000, -0.7660444431189780135 ) ) ;
#976 = DIRECTION ( 'NONE',  ( -0.5220483011439734922, 0.000000000000000000, -0.8529159227454317094 ) ) ;
#977 = VERTEX_POINT ( 'NONE', #2924 ) ;
#978 = VECTOR ( 'NONE', #5023, 1000.000000000000000 ) ;
#979 = LINE ( 'NONE', #1307, #6901 ) ;
#980 =( GEOMETRIC_REPRESENTATION_CONTEXT ( 3 ) GLOBAL_UNCERTAINTY_ASSIGNED_CONTEXT ( ( #7008 ) ) GLOBAL_UNIT_ASSIGNED_CONTEXT ( ( #916, #5263, #821 ) ) REPRESENTATION_CONTEXT ( 'NONE', 'WORKASPACE' ) );
#981 = EDGE_CURVE ( 'NONE', #4133, #1942, #4208, .T. ) ;
#982 = CARTESIAN_POINT ( 'NONE',  ( 0.000000000000000000, 5.379999999999999893, 3.199999999999998845 ) ) ;
#983 = CARTESIAN_POINT ( 'NONE',  ( -5.500000000000000000, 0.3300000000000001266, -2.250000000000000000 ) ) ;
#984 = EDGE_LOOP ( 'NONE', ( #1331, #6179, #7983, #1102 ) ) ;
#985 = FACE_OUTER_BOUND ( 'NONE', #2210, .T. ) ;
#986 = FACE_OUTER_BOUND ( 'NONE', #3020, .T. ) ;
#987 = ORIENTED_EDGE ( 'NONE', *, *, #969, .T. ) ;
#988 = VECTOR ( 'NONE', #6153, 1000.000000000000000 ) ;
#989 = VECTOR ( 'NONE', #7254, 1000.000000000000000 ) ;
#990 = DIRECTION ( 'NONE',  ( -0.000000000000000000, 0.000000000000000000, -1.000000000000000000 ) ) ;
#991 = LINE ( 'NONE', #3496, #6071 ) ;
#992 = CARTESIAN_POINT ( 'NONE',  ( 2.890000000000000124, 0.4300000000000000488, 0.000000000000000000 ) ) ;
#993 = VECTOR ( 'NONE', #1712, 1000.000000000000000 ) ;
#994 = VECTOR ( 'NONE', #207, 1000.000000000000000 ) ;
#995 = EDGE_CURVE ( 'NONE', #3369, #6278, #1789, .T. ) ;
#996 = EDGE_CURVE ( 'NONE', #501, #1072, #7937, .T. ) ;
#997 = DIRECTION ( 'NONE',  ( -1.000000000000000000, 0.000000000000000000, 0.000000000000000000 ) ) ;
#998 = DIRECTION ( 'NONE',  ( 0.000000000000000000, 0.000000000000000000, 1.000000000000000000 ) ) ;
#999 = VECTOR ( 'NONE', #8074, 1000.000000000000000 ) ;
#1000 = VECTOR ( 'NONE', #6800, 1000.000000000000000 ) ;
#1001 = LINE ( 'NONE', #5186, #919 ) ;
#1002 = EDGE_CURVE ( 'NONE', #2578, #2216, #5516, .T. ) ;
#1003 = DIRECTION ( 'NONE',  ( -0.000000000000000000, 1.000000000000000000, -0.000000000000000000 ) ) ;
#1004 = ORIENTED_EDGE ( 'NONE', *, *, #465, .T. ) ;
#1005 = VECTOR ( 'NONE', #6373, 1000.000000000000000 ) ;
#1006 = ORIENTED_EDGE ( 'NONE', *, *, #4384, .F. ) ;
#1007 = DIRECTION ( 'NONE',  ( -0.000000000000000000, 1.000000000000000000, -0.000000000000000000 ) ) ;
#1008 = DIRECTION ( 'NONE',  ( -0.000000000000000000, -0.000000000000000000, 1.000000000000000000 ) ) ;
#1009 = CARTESIAN_POINT ( 'NONE',  ( -2.490000000000000213, 0.4300000000000007150, 3.369999999999999662 ) ) ;
#1010 = AXIS2_PLACEMENT_3D ( 'NONE', #2827, #3791, #6257 ) ;
#1011 = CARTESIAN_POINT ( 'NONE',  ( -4.700000000000000178, 2.879999999999999893, -2.250000000000001332 ) ) ;
#1012 = LINE ( 'NONE', #5920, #1674 ) ;
#1013 = ORIENTED_EDGE ( 'NONE', *, *, #2513, .F. ) ;
#1014 = CARTESIAN_POINT ( 'NONE',  ( -4.379416815450911216, -0.5200000000000042366, 0.1044096602287939435 ) ) ;
#1015 = ORIENTED_EDGE ( 'NONE', *, *, #2867, .F. ) ;
#1016 = LINE ( 'NONE', #2132, #2446 ) ;
#1017 = EDGE_LOOP ( 'NONE', ( #4277, #4288, #971, #7543 ) ) ;
#1018 = VECTOR ( 'NONE', #636, 1000.000000000000114 ) ;
#1019 = EDGE_CURVE ( 'NONE', #7895, #2350, #2401, .T. ) ;
#1020 = CARTESIAN_POINT ( 'NONE',  ( 1.510000000000000009, 0.4300000000000007150, 3.553360657221955154 ) ) ;
#1021 = CARTESIAN_POINT ( 'NONE',  ( 3.700000000000000178, 0.1500000000000001332, 4.501878488843855664 ) ) ;
#1022 = CARTESIAN_POINT ( 'NONE',  ( 0.4899999999999999911, 1.379999999999999671, 1.369999999999999662 ) ) ;
#1023 = VERTEX_POINT ( 'NONE', #6767 ) ;
#1024 = CARTESIAN_POINT ( 'NONE',  ( -2.249948034924228679, 3.770203837241576483, 2.886040574934937375 ) ) ;
#1025 = LINE ( 'NONE', #304, #3077 ) ;
#1026 = CARTESIAN_POINT ( 'NONE',  ( -4.764378947591293212, -0.5374134071012671710, 0.6999999999999504396 ) ) ;
#1027 = APPLICATION_CONTEXT ( 'automotive_design' ) ;
#1028 = VERTEX_POINT ( 'NONE', #1171 ) ;
#1029 = CARTESIAN_POINT ( 'NONE',  ( 3.900000000000000355, 2.679999999999999716, 3.257821306406132766 ) ) ;
#1030 = VERTEX_POINT ( 'NONE', #3682 ) ;
#1031 = STYLED_ITEM ( 'NONE', ( #262 ), #6028 ) ;
#1032 = EDGE_CURVE ( 'NONE', #1598, #5575, #3056, .T. ) ;
#1033 = DIRECTION ( 'NONE',  ( 0.000000000000000000, -1.000000000000000000, 0.000000000000000000 ) ) ;
#1034 = CARTESIAN_POINT ( 'NONE',  ( 0.000000000000000000, 0.000000000000000000, 0.000000000000000000 ) ) ;
#1035 = FACE_OUTER_BOUND ( 'NONE', #3973, .T. ) ;
#1036 = CARTESIAN_POINT ( 'NONE',  ( -2.709999999999999964, 0.4300000000000007150, 3.553360657221955154 ) ) ;
#1037 = VECTOR ( 'NONE', #7825, 1000.000000000000000 ) ;
#1038 = CARTESIAN_POINT ( 'NONE',  ( -4.049999999999999822, 0.1300000000000000600, 2.250000000000000000 ) ) ;
#1039 = CARTESIAN_POINT ( 'NONE',  ( -3.290000000000000480, 2.879999999999999893, 1.369999999999999662 ) ) ;
#1040 = LINE ( 'NONE', #5465, #3001 ) ;
#1041 = VECTOR ( 'NONE', #3205, 1000.000000000000114 ) ;
#1042 = DIRECTION ( 'NONE',  ( -1.000000000000000000, 0.000000000000000000, 0.000000000000000000 ) ) ;
#1043 = EDGE_CURVE ( 'NONE', #5848, #6185, #5582, .T. ) ;
#1044 = DIRECTION ( 'NONE',  ( 0.000000000000000000, 0.000000000000000000, -1.000000000000000000 ) ) ;
#1045 = EDGE_CURVE ( 'NONE', #4762, #5770, #1858, .T. ) ;
#1046 = VERTEX_POINT ( 'NONE', #7513 ) ;
#1047 = VECTOR ( 'NONE', #296, 1000.000000000000000 ) ;
#1048 = ORIENTED_EDGE ( 'NONE', *, *, #1861, .T. ) ;
#1049 = EDGE_CURVE ( 'NONE', #2115, #3671, #6910, .T. ) ;
#1050 = FACE_OUTER_BOUND ( 'NONE', #2202, .T. ) ;
#1051 = EDGE_CURVE ( 'NONE', #1318, #5521, #5496, .T. ) ;
#1052 = CARTESIAN_POINT ( 'NONE',  ( 3.110000000000000320, 3.548505796534330958, 3.553360657221955154 ) ) ;
#1053 = MECHANICAL_DESIGN_GEOMETRIC_PRESENTATION_REPRESENTATION (  '', ( #3546 ), #2756 ) ;
#1054 = LINE ( 'NONE', #3555, #7123 ) ;
#1055 = CARTESIAN_POINT ( 'NONE',  ( 0.000000000000000000, 0.3300000000000001266, 0.000000000000000000 ) ) ;
#1056 = DIRECTION ( 'NONE',  ( 0.000000000000000000, 1.363776317591828850E-16, -1.000000000000000000 ) ) ;
#1057 = ORIENTED_EDGE ( 'NONE', *, *, #1268, .T. ) ;
#1058 = DIRECTION ( 'NONE',  ( -1.000000000000000000, 0.000000000000000000, 0.000000000000000000 ) ) ;
#1059 = ORIENTED_EDGE ( 'NONE', *, *, #7366, .F. ) ;
#1060 = PLANE ( 'NONE',  #5449 ) ;
#1061 = EDGE_LOOP ( 'NONE', ( #4041, #4097, #1637, #5950, #4498, #7093 ) ) ;
#1062 = EDGE_CURVE ( 'NONE', #2512, #1104, #6999, .T. ) ;
#1063 = PLANE ( 'NONE',  #3014 ) ;
#1064 = CARTESIAN_POINT ( 'NONE',  ( -5.500000000000000000, 5.380000000000001670, 3.600000000000000089 ) ) ;
#1065 = CARTESIAN_POINT ( 'NONE',  ( 3.900000000000000355, 0.05000000000000010686, 4.451878488843855841 ) ) ;
#1066 = DIRECTION ( 'NONE',  ( -1.000000000000000000, 0.000000000000000000, 0.000000000000000000 ) ) ;
#1067 = VERTEX_POINT ( 'NONE', #1271 ) ;
#1068 = CARTESIAN_POINT ( 'NONE',  ( -4.799999999999999822, 0.3300000000000001266, 0.7915531566348212866 ) ) ;
#1069 = VERTEX_POINT ( 'NONE', #8002 ) ;
#1070 = FACE_OUTER_BOUND ( 'NONE', #4557, .T. ) ;
#1071 = DIRECTION ( 'NONE',  ( -1.000000000000000000, 0.000000000000000000, 0.000000000000000000 ) ) ;
#1072 = VERTEX_POINT ( 'NONE', #2992 ) ;
#1073 = PRODUCT_DEFINITION_SHAPE ( 'NONE', 'NONE',  #8093 ) ;
#1074 = CARTESIAN_POINT ( 'NONE',  ( -2.709999999999999964, 0.4300000000000007150, 3.369999999999999662 ) ) ;
#1075 = VERTEX_POINT ( 'NONE', #6260 ) ;
#1076 = PLANE ( 'NONE',  #3269 ) ;
#1077 = CARTESIAN_POINT ( 'NONE',  ( -4.700000000000000178, 2.879999999999999893, 3.399999999999998579 ) ) ;
#1078 = PLANE ( 'NONE',  #1508 ) ;
#1079 = LINE ( 'NONE', #6704, #6968 ) ;
#1080 = EDGE_CURVE ( 'NONE', #8079, #1192, #2425, .T. ) ;
#1081 = DIRECTION ( 'NONE',  ( 1.000000000000000000, -0.000000000000000000, -0.000000000000000000 ) ) ;
#1082 = CARTESIAN_POINT ( 'NONE',  ( -3.510000000000000675, 1.379999999999999671, 1.369999999999999662 ) ) ;
#1083 = DIRECTION ( 'NONE',  ( -0.8529159227454270464, 0.000000000000000000, -0.5220483011439811527 ) ) ;
#1084 = CARTESIAN_POINT ( 'NONE',  ( 1.289999999999999813, 2.879999999999999893, 1.369999999999999662 ) ) ;
#1085 = ORIENTED_EDGE ( 'NONE', *, *, #2967, .T. ) ;
#1086 = ORIENTED_EDGE ( 'NONE', *, *, #6473, .F. ) ;
#1087 = LINE ( 'NONE', #7376, #1370 ) ;
#1088 = DIRECTION ( 'NONE',  ( -0.000000000000000000, -1.000000000000000000, -0.000000000000000000 ) ) ;
#1089 = VERTEX_POINT ( 'NONE', #3749 ) ;
#1090 = PLANE ( 'NONE',  #6382 ) ;
#1091 = ORIENTED_EDGE ( 'NONE', *, *, #6417, .T. ) ;
#1092 = CARTESIAN_POINT ( 'NONE',  ( -1.909999999999999698, 1.379999999999999671, 1.369999999999999662 ) ) ;
#1093 = ORIENTED_EDGE ( 'NONE', *, *, #6542, .F. ) ;
#1094 = EDGE_CURVE ( 'NONE', #4741, #3528, #7404, .T. ) ;
#1095 = CARTESIAN_POINT ( 'NONE',  ( 2.750000000000000000, 4.380000000000001670, 3.600000000000000089 ) ) ;
#1096 = LINE ( 'NONE', #5650, #3625 ) ;
#1097 = LINE ( 'NONE', #3604, #3501 ) ;
#1098 = LINE ( 'NONE', #3605, #6456 ) ;
#1099 = ADVANCED_FACE ( 'NONE', ( #650 ), #1153, .F. ) ;
#1100 = ORIENTED_EDGE ( 'NONE', *, *, #4432, .T. ) ;
#1101 = CARTESIAN_POINT ( 'NONE',  ( 1.289999999999999813, 2.879999999999999893, 3.399999999999998579 ) ) ;
#1102 = ORIENTED_EDGE ( 'NONE', *, *, #2400, .F. ) ;
#1103 = LINE ( 'NONE', #3611, #3609 ) ;
#1104 = VERTEX_POINT ( 'NONE', #2622 ) ;
#1105 = DIRECTION ( 'NONE',  ( -0.000000000000000000, 1.000000000000000000, -0.000000000000000000 ) ) ;
#1106 = DIRECTION ( 'NONE',  ( 0.000000000000000000, 0.000000000000000000, 1.000000000000000000 ) ) ;
#1107 = ORIENTED_EDGE ( 'NONE', *, *, #3563, .F. ) ;
#1108 = LINE ( 'NONE', #6098, #2556 ) ;
#1109 = LINE ( 'NONE', #3582, #7104 ) ;
#1110 = DIRECTION ( 'NONE',  ( 0.000000000000000000, -1.000000000000000000, 0.000000000000000000 ) ) ;
#1111 = SHAPE_DEFINITION_REPRESENTATION ( #5451, #3360 ) ;
#1112 = VECTOR ( 'NONE', #836, 1000.000000000000114 ) ;
#1113 = AXIS2_PLACEMENT_3D ( 'NONE', #5790, #7085, #5764 ) ;
#1114 = EDGE_LOOP ( 'NONE', ( #4596, #3844, #6183, #1357, #7780, #1366 ) ) ;
#1115 = LINE ( 'NONE', #4279, #3238 ) ;
#1116 = LINE ( 'NONE', #3627, #2225 ) ;
#1117 = EDGE_CURVE ( 'NONE', #342, #5453, #5127, .T. ) ;
#1118 = LINE ( 'NONE', #4283, #7317 ) ;
#1119 = DIRECTION ( 'NONE',  ( 0.000000000000000000, 0.000000000000000000, 1.000000000000000000 ) ) ;
#1120 = AXIS2_PLACEMENT_3D ( 'NONE', #5975, #5410, #353 ) ;
#1121 = VECTOR ( 'NONE', #5044, 1000.000000000000000 ) ;
#1122 = ORIENTED_EDGE ( 'NONE', *, *, #5822, .F. ) ;
#1123 = ORIENTED_EDGE ( 'NONE', *, *, #4832, .F. ) ;
#1124 = CARTESIAN_POINT ( 'NONE',  ( 3.900000000000000355, 2.169580722449310439, 3.881343414416258852 ) ) ;
#1125 = VECTOR ( 'NONE', #1577, 1000.000000000000000 ) ;
#1126 = VECTOR ( 'NONE', #2477, 1000.000000000000000 ) ;
#1127 = DIRECTION ( 'NONE',  ( 0.5220483011439607246, 0.000000000000000000, 0.8529159227454394809 ) ) ;
#1128 = CARTESIAN_POINT ( 'NONE',  ( -0.4499999999999999001, 1.835969349108944604, 2.600000000000000089 ) ) ;
#1129 = ORIENTED_EDGE ( 'NONE', *, *, #2607, .F. ) ;
#1130 = AXIS2_PLACEMENT_3D ( 'NONE', #463, #2331, #2492 ) ;
#1131 = CARTESIAN_POINT ( 'NONE',  ( -5.500000000000000000, 2.273782217350889923, 3.749999999999999556 ) ) ;
#1132 = PRODUCT_DEFINITION_SHAPE ( 'NONE', 'NONE',  #8095 ) ;
#1133 = ORIENTED_EDGE ( 'NONE', *, *, #6796, .F. ) ;
#1134 = LINE ( 'NONE', #1092, #719 ) ;
#1135 = ORIENTED_EDGE ( 'NONE', *, *, #4731, .T. ) ;
#1136 = DIRECTION ( 'NONE',  ( 0.000000000000000000, 0.000000000000000000, 1.000000000000000000 ) ) ;
#1137 = AXIS2_PLACEMENT_3D ( 'NONE', #1705, #3723, #3843 ) ;
#1138 = FACE_OUTER_BOUND ( 'NONE', #5687, .T. ) ;
#1139 = DIRECTION ( 'NONE',  ( -1.000000000000000000, 0.000000000000000000, 0.000000000000000000 ) ) ;
#1140 = DIRECTION ( 'NONE',  ( 1.000000000000000000, 0.000000000000000000, -0.000000000000000000 ) ) ;
#1141 = CARTESIAN_POINT ( 'NONE',  ( -0.3099999999999999423, 1.379999999999999671, 1.369999999999999662 ) ) ;
#1142 = ADVANCED_FACE ( 'NONE', ( #768 ), #851, .T. ) ;
#1143 = ORIENTED_EDGE ( 'NONE', *, *, #3257, .F. ) ;
#1144 = EDGE_CURVE ( 'NONE', #7224, #7434, #7624, .T. ) ;
#1145 = DIRECTION ( 'NONE',  ( 1.000000000000000000, 0.000000000000000000, 0.000000000000000000 ) ) ;
#1146 = ORIENTED_EDGE ( 'NONE', *, *, #826, .F. ) ;
#1147 = DIRECTION ( 'NONE',  ( 0.000000000000000000, 0.000000000000000000, 1.000000000000000000 ) ) ;
#1148 = ORIENTED_EDGE ( 'NONE', *, *, #1344, .T. ) ;
#1149 = VECTOR ( 'NONE', #4854, 1000.000000000000114 ) ;
#1150 = ORIENTED_EDGE ( 'NONE', *, *, #1698, .T. ) ;
#1151 = EDGE_CURVE ( 'NONE', #7980, #5929, #318, .T. ) ;
#1152 = VECTOR ( 'NONE', #5392, 1000.000000000000000 ) ;
#1153 = PLANE ( 'NONE',  #6861 ) ;
#1154 = DIRECTION ( 'NONE',  ( 1.000000000000000000, 0.000000000000000000, 0.000000000000000000 ) ) ;
#1155 = VERTEX_POINT ( 'NONE', #2744 ) ;
#1156 = DIRECTION ( 'NONE',  ( 0.000000000000000000, -0.000000000000000000, 1.000000000000000000 ) ) ;
#1157 = DIRECTION ( 'NONE',  ( 0.5220483011439890353, 0.000000000000000000, -0.8529159227454221615 ) ) ;
#1158 = ORIENTED_EDGE ( 'NONE', *, *, #3959, .T. ) ;
#1159 = VECTOR ( 'NONE', #2841, 1000.000000000000000 ) ;
#1160 = FACE_OUTER_BOUND ( 'NONE', #6303, .T. ) ;
#1161 = DIRECTION ( 'NONE',  ( 0.000000000000000000, 0.000000000000000000, 1.000000000000000000 ) ) ;
#1162 = DIRECTION ( 'NONE',  ( 0.000000000000000000, -0.7071067811865475727, -0.7071067811865475727 ) ) ;
#1163 = VECTOR ( 'NONE', #8080, 1000.000000000000114 ) ;
#1164 = ORIENTED_EDGE ( 'NONE', *, *, #6686, .T. ) ;
#1165 = VERTEX_POINT ( 'NONE', #5254 ) ;
#1166 = EDGE_CURVE ( 'NONE', #6676, #1749, #7715, .T. ) ;
#1167 =( GEOMETRIC_REPRESENTATION_CONTEXT ( 3 ) GLOBAL_UNCERTAINTY_ASSIGNED_CONTEXT ( ( #4907 ) ) GLOBAL_UNIT_ASSIGNED_CONTEXT ( ( #5456, #5497, #4269 ) ) REPRESENTATION_CONTEXT ( 'NONE', 'WORKASPACE' ) );
#1168 = LINE ( 'NONE', #4819, #4664 ) ;
#1169 = VECTOR ( 'NONE', #7285, 1000.000000000000000 ) ;
#1170 = EDGE_CURVE ( 'NONE', #5737, #1913, #5331, .T. ) ;
#1171 = CARTESIAN_POINT ( 'NONE',  ( 5.500000000000000000, 0.1300000000000000600, 3.899999999999999911 ) ) ;
#1172 = CARTESIAN_POINT ( 'NONE',  ( 3.689999999999998170, 2.879999999999999893, 3.399999999999998579 ) ) ;
#1173 = PLANE ( 'NONE',  #2593 ) ;
#1174 = PRODUCT_DEFINITION_FORMATION_WITH_SPECIFIED_SOURCE ( 'ANY', '', #6225, .NOT_KNOWN. ) ;
#1175 = ORIENTED_EDGE ( 'NONE', *, *, #3406, .T. ) ;
#1176 = VECTOR ( 'NONE', #1105, 1000.000000000000000 ) ;
#1177 = CARTESIAN_POINT ( 'NONE',  ( -5.500000000000000000, 4.380000000000001670, 3.600000000000000089 ) ) ;
#1178 = EDGE_LOOP ( 'NONE', ( #6594, #7866, #3689, #1454 ) ) ;
#1179 = CARTESIAN_POINT ( 'NONE',  ( -5.500000000000000000, 2.200000000000000178, 3.899999999999999467 ) ) ;
#1180 = ORIENTED_EDGE ( 'NONE', *, *, #5229, .F. ) ;
#1181 = ADVANCED_FACE ( 'NONE', ( #7147 ), #903, .T. ) ;
#1182 = LINE ( 'NONE', #6815, #3509 ) ;
#1183 = VECTOR ( 'NONE', #4017, 1000.000000000000114 ) ;
#1184 = PLANE ( 'NONE',  #3144 ) ;
#1185 = LINE ( 'NONE', #7987, #2441 ) ;
#1186 = PLANE ( 'NONE',  #1930 ) ;
#1187 = PLANE ( 'NONE',  #5565 ) ;
#1188 = VERTEX_POINT ( 'NONE', #2176 ) ;
#1189 = CARTESIAN_POINT ( 'NONE',  ( -2.741421272368924633, 0.4300000000000000488, 2.300325578546314809 ) ) ;
#1190 = ORIENTED_EDGE ( 'NONE', *, *, #2321, .T. ) ;
#1191 = LINE ( 'NONE', #604, #3095 ) ;
#1192 = VERTEX_POINT ( 'NONE', #4678 ) ;
#1193 = SHAPE_DEFINITION_REPRESENTATION ( #2139, #6422 ) ;
#1194 = ORIENTED_EDGE ( 'NONE', *, *, #3220, .F. ) ;
#1195 = LINE ( 'NONE', #6175, #4155 ) ;
#1196 = DIRECTION ( 'NONE',  ( -1.000000000000000000, 0.000000000000000000, 0.000000000000000000 ) ) ;
#1197 = CARTESIAN_POINT ( 'NONE',  ( -5.500000000000000000, 0.1300000000000000600, 3.899999999999999911 ) ) ;
#1198 = ORIENTED_EDGE ( 'NONE', *, *, #1241, .T. ) ;
#1199 = CARTESIAN_POINT ( 'NONE',  ( 0.000000000000000000, 0.3300000000000001266, -2.250000000000000000 ) ) ;
#1200 = FACE_OUTER_BOUND ( 'NONE', #6965, .T. ) ;
#1201 = EDGE_CURVE ( 'NONE', #3063, #2697, #4096, .T. ) ;
#1202 = EDGE_CURVE ( 'NONE', #1942, #4351, #1561, .T. ) ;
#1203 = VERTEX_POINT ( 'NONE', #4831 ) ;
#1204 = EDGE_CURVE ( 'NONE', #3472, #6209, #2900, .T. ) ;
#1205 = DIRECTION ( 'NONE',  ( 0.000000000000000000, 0.000000000000000000, -1.000000000000000000 ) ) ;
#1206 = PRODUCT ( 'HC-SFP-20P', 'HC-SFP-20P', '', ( #4143 ) ) ;
#1207 = CARTESIAN_POINT ( 'NONE',  ( 1.950000000000000400, 3.979999999999999094, 3.199999999999998845 ) ) ;
#1208 = EDGE_LOOP ( 'NONE', ( #4427, #8072, #3335, #168, #482, #3296, #4164, #4067, #32 ) ) ;
#1209 = EDGE_CURVE ( 'NONE', #6824, #2788, #7794, .T. ) ;
#1210 = EDGE_LOOP ( 'NONE', ( #2032, #4416, #654, #7339 ) ) ;
#1211 = EDGE_CURVE ( 'NONE', #214, #2592, #4061, .T. ) ;
#1212 = CARTESIAN_POINT ( 'NONE',  ( 3.689999999999999947, 2.879999999999999893, 3.369999999999999662 ) ) ;
#1213 = ORIENTED_EDGE ( 'NONE', *, *, #2186, .T. ) ;
#1214 = PLANE ( 'NONE',  #2324 ) ;
#1215 = LINE ( 'NONE', #3726, #2192 ) ;
#1216 = CARTESIAN_POINT ( 'NONE',  ( -4.700000000000000178, 2.879999999999999893, 3.399999999999998579 ) ) ;
#1217 = ORIENTED_EDGE ( 'NONE', *, *, #5713, .T. ) ;
#1218 = EDGE_CURVE ( 'NONE', #4470, #6134, #6533, .T. ) ;
#1219 = LINE ( 'NONE', #503, #8073 ) ;
#1220 = ORIENTED_EDGE ( 'NONE', *, *, #6307, .T. ) ;
#1221 = EDGE_LOOP ( 'NONE', ( #5921, #4759, #4719, #777 ) ) ;
#1222 = LINE ( 'NONE', #44, #4693 ) ;
#1223 = LINE ( 'NONE', #2024, #3679 ) ;
#1224 = CARTESIAN_POINT ( 'NONE',  ( 0.000000000000000000, 5.379999999999999893, 3.199999999999998845 ) ) ;
#1225 = EDGE_CURVE ( 'NONE', #7803, #6232, #3443, .T. ) ;
#1226 = LINE ( 'NONE', #2460, #3872 ) ;
#1227 = ORIENTED_EDGE ( 'NONE', *, *, #4432, .F. ) ;
#1228 = LINE ( 'NONE', #4426, #7162 ) ;
#1229 = DIRECTION ( 'NONE',  ( 1.000000000000000000, 0.000000000000000000, 0.000000000000000000 ) ) ;
#1230 = ORIENTED_EDGE ( 'NONE', *, *, #3291, .F. ) ;
#1231 = DIRECTION ( 'NONE',  ( 1.000000000000000000, 0.000000000000000000, 0.000000000000000000 ) ) ;
#1232 = CARTESIAN_POINT ( 'NONE',  ( 4.499999999999999112, 0.1300000000000000600, -2.250000000000000000 ) ) ;
#1233 = ORIENTED_EDGE ( 'NONE', *, *, #6109, .T. ) ;
#1234 = CARTESIAN_POINT ( 'NONE',  ( 4.700000000000000178, 3.880000000000002558, 3.399999999999998579 ) ) ;
#1235 = ORIENTED_EDGE ( 'NONE', *, *, #7833, .F. ) ;
#1236 = CARTESIAN_POINT ( 'NONE',  ( -1.250000000000000222, 5.379999999999999893, 3.199999999999998845 ) ) ;
#1237 = CARTESIAN_POINT ( 'NONE',  ( -4.379416815450912104, -0.5199999999999979083, -0.1044096602287947623 ) ) ;
#1238 = CARTESIAN_POINT ( 'NONE',  ( -4.049999999999999822, 0.1300000000000000600, -2.250000000000000000 ) ) ;
#1239 = ORIENTED_EDGE ( 'NONE', *, *, #7309, .T. ) ;
#1240 = VERTEX_POINT ( 'NONE', #5369 ) ;
#1241 = EDGE_CURVE ( 'NONE', #2187, #5521, #4753, .T. ) ;
#1242 = VECTOR ( 'NONE', #3043, 1000.000000000000000 ) ;
#1243 = DIRECTION ( 'NONE',  ( 1.000000000000000000, -0.000000000000000000, -0.000000000000000000 ) ) ;
#1244 = CIRCLE ( 'NONE', #5817, 0.6999999999999997335 ) ;
#1245 = VERTEX_POINT ( 'NONE', #421 ) ;
#1246 = EDGE_CURVE ( 'NONE', #2670, #6446, #346, .T. ) ;
#1247 = VECTOR ( 'NONE', #7680, 1000.000000000000000 ) ;
#1248 = VECTOR ( 'NONE', #5882, 1000.000000000000000 ) ;
#1249 = DIRECTION ( 'NONE',  ( -0.000000000000000000, 0.000000000000000000, -1.000000000000000000 ) ) ;
#1250 = CARTESIAN_POINT ( 'NONE',  ( 2.310000000000000497, 3.548505796534330958, 3.553360657221955154 ) ) ;
#1251 = ORIENTED_EDGE ( 'NONE', *, *, #7718, .F. ) ;
#1252 = CARTESIAN_POINT ( 'NONE',  ( -3.125000000000000000, 0.4300000000000007150, 3.750000000000000000 ) ) ;
#1253 = VERTEX_POINT ( 'NONE', #4717 ) ;
#1254 = VECTOR ( 'NONE', #3955, 1000.000000000000000 ) ;
#1255 = VECTOR ( 'NONE', #1502, 1000.000000000000000 ) ;
#1256 = ORIENTED_EDGE ( 'NONE', *, *, #2977, .F. ) ;
#1257 = DIRECTION ( 'NONE',  ( -1.000000000000000000, -0.000000000000000000, -0.000000000000000000 ) ) ;
#1258 = PLANE ( 'NONE',  #7411 ) ;
#1259 = FACE_OUTER_BOUND ( 'NONE', #940, .T. ) ;
#1260 = FACE_OUTER_BOUND ( 'NONE', #1854, .T. ) ;
#1261 = CARTESIAN_POINT ( 'NONE',  ( 3.299999999999999822, 0.2945473795552883689, -3.886801189779353294 ) ) ;
#1262 = ORIENTED_EDGE ( 'NONE', *, *, #6513, .T. ) ;
#1263 = CARTESIAN_POINT ( 'NONE',  ( -1.909999999999999698, 2.879999999999999893, 3.369999999999999662 ) ) ;
#1264 = VERTEX_POINT ( 'NONE', #6493 ) ;
#1265 = DIRECTION ( 'NONE',  ( -0.000000000000000000, -1.000000000000000000, -0.000000000000000000 ) ) ;
#1266 = VECTOR ( 'NONE', #5550, 1000.000000000000000 ) ;
#1267 = ORIENTED_EDGE ( 'NONE', *, *, #4685, .F. ) ;
#1268 = EDGE_CURVE ( 'NONE', #1069, #6280, #5968, .T. ) ;
#1269 = ADVANCED_FACE ( 'NONE', ( #2255 ), #7222, .F. ) ;
#1270 = CARTESIAN_POINT ( 'NONE',  ( 3.910000000000000142, 2.879999999999999893, 3.369999999999999662 ) ) ;
#1271 = CARTESIAN_POINT ( 'NONE',  ( -1.110000000000000320, 2.879999999999999893, 3.399999999999998579 ) ) ;
#1272 = PLANE ( 'NONE',  #4949 ) ;
#1273 = ORIENTED_EDGE ( 'NONE', *, *, #981, .F. ) ;
#1274 = AXIS2_PLACEMENT_3D ( 'NONE', #5228, #6464, #874 ) ;
#1275 = CARTESIAN_POINT ( 'NONE',  ( -3.950000000000000178, 1.835969349108944604, 2.600000000000000089 ) ) ;
#1276 = DIRECTION ( 'NONE',  ( 0.000000000000000000, 0.000000000000000000, 1.000000000000000000 ) ) ;
#1277 = ORIENTED_EDGE ( 'NONE', *, *, #2395, .T. ) ;
#1278 = ADVANCED_FACE ( 'NONE', ( #6613 ), #3405, .F. ) ;
#1279 = AXIS2_PLACEMENT_3D ( 'NONE', #3851, #6966, #4624 ) ;
#1280 = LINE ( 'NONE', #3130, #2868 ) ;
#1281 = CARTESIAN_POINT ( 'NONE',  ( -4.700000000000000178, 3.979999999999999094, 3.099999999999999645 ) ) ;
#1282 = CARTESIAN_POINT ( 'NONE',  ( 3.700000000000000178, 1.412288678607071191, 3.601878488843856196 ) ) ;
#1283 = ORIENTED_EDGE ( 'NONE', *, *, #2250, .T. ) ;
#1284 = VECTOR ( 'NONE', #6262, 1000.000000000000000 ) ;
#1285 = PLANE ( 'NONE',  #5459 ) ;
#1286 = ORIENTED_EDGE ( 'NONE', *, *, #4832, .T. ) ;
#1287 = VECTOR ( 'NONE', #2940, 1000.000000000000114 ) ;
#1288 = ADVANCED_FACE ( 'NONE', ( #4787 ), #7266, .F. ) ;
#1289 = CARTESIAN_POINT ( 'NONE',  ( -4.700000000000000178, 4.380000000000001670, 3.600000000000000089 ) ) ;
#1290 = ORIENTED_EDGE ( 'NONE', *, *, #216, .T. ) ;
#1291 = LINE ( 'NONE', #2449, #1826 ) ;
#1292 = ORIENTED_EDGE ( 'NONE', *, *, #161, .T. ) ;
#1293 = EDGE_LOOP ( 'NONE', ( #841, #38, #2046, #7193 ) ) ;
#1294 = AXIS2_PLACEMENT_3D ( 'NONE', #1780, #6759, #1161 ) ;
#1295 = EDGE_CURVE ( 'NONE', #1541, #3073, #6045, .T. ) ;
#1296 = VECTOR ( 'NONE', #5961, 1000.000000000000000 ) ;
#1297 = EDGE_CURVE ( 'NONE', #5393, #56, #7904, .T. ) ;
#1298 = ORIENTED_EDGE ( 'NONE', *, *, #1453, .F. ) ;
#1299 = CARTESIAN_POINT ( 'NONE',  ( 1.290000000000000258, 2.879999999999999893, 3.399999999999998579 ) ) ;
#1300 = LINE ( 'NONE', #6853, #4558 ) ;
#1301 = EDGE_CURVE ( 'NONE', #5249, #6648, #5485, .T. ) ;
#1302 = CARTESIAN_POINT ( 'NONE',  ( -3.510000000000000675, 1.379999999999999671, 1.369999999999999662 ) ) ;
#1303 = AXIS2_PLACEMENT_3D ( 'NONE', #134, #4478, #5735 ) ;
#1304 = FACE_OUTER_BOUND ( 'NONE', #747, .T. ) ;
#1305 = CARTESIAN_POINT ( 'NONE',  ( 0.3500000000000004774, 3.979999999999999094, 3.199999999999998845 ) ) ;
#1306 = ORIENTED_EDGE ( 'NONE', *, *, #2194, .T. ) ;
#1307 = CARTESIAN_POINT ( 'NONE',  ( 3.915069450035854270, 0.4300000000000000488, 3.285133331558522496 ) ) ;
#1308 = ORIENTED_EDGE ( 'NONE', *, *, #2149, .F. ) ;
#1309 = EDGE_CURVE ( 'NONE', #7258, #3885, #598, .T. ) ;
#1310 = DIRECTION ( 'NONE',  ( 0.000000000000000000, 0.000000000000000000, -1.000000000000000000 ) ) ;
#1311 = CONTEXT_DEPENDENT_SHAPE_REPRESENTATION ( #5893, #1132 ) ;
#1312 = VECTOR ( 'NONE', #384, 1000.000000000000000 ) ;
#1313 = VERTEX_POINT ( 'NONE', #3783 ) ;
#1314 = VECTOR ( 'NONE', #3875, 1000.000000000000000 ) ;
#1315 = CARTESIAN_POINT ( 'NONE',  ( -5.249999999999998224, -0.5494168154509186941, -1.431969301908058658E-14 ) ) ;
#1316 = DIRECTION ( 'NONE',  ( -1.000000000000000000, 0.000000000000000000, 0.000000000000000000 ) ) ;
#1317 = EDGE_CURVE ( 'NONE', #3063, #2091, #1185, .T. ) ;
#1318 = VERTEX_POINT ( 'NONE', #3152 ) ;
#1319 = FACE_OUTER_BOUND ( 'NONE', #1596, .T. ) ;
#1320 = LINE ( 'NONE', #3837, #1041 ) ;
#1321 = DIRECTION ( 'NONE',  ( -0.000000000000000000, -0.7071067811865474617, 0.7071067811865474617 ) ) ;
#1322 = FACE_OUTER_BOUND ( 'NONE', #3312, .T. ) ;
#1323 = EDGE_CURVE ( 'NONE', #701, #1369, #6249, .T. ) ;
#1324 = EDGE_LOOP ( 'NONE', ( #7736, #462, #7022, #2633 ) ) ;
#1325 = DIRECTION ( 'NONE',  ( 0.000000000000000000, 0.000000000000000000, -1.000000000000000000 ) ) ;
#1326 = ORIENTED_EDGE ( 'NONE', *, *, #6955, .T. ) ;
#1327 = CARTESIAN_POINT ( 'NONE',  ( 4.700000000000000178, 3.979999999999999094, -2.250000000000001332 ) ) ;
#1328 = ORIENTED_EDGE ( 'NONE', *, *, #5833, .T. ) ;
#1329 = LINE ( 'NONE', #3300, #7665 ) ;
#1330 = EDGE_CURVE ( 'NONE', #1318, #2397, #7391, .T. ) ;
#1331 = ORIENTED_EDGE ( 'NONE', *, *, #6086, .T. ) ;
#1332 = EDGE_LOOP ( 'NONE', ( #2169, #3493, #6775, #5187, #1800, #2445, #5605, #4861, #7009, #892, #6688, #3897, #2519, #4162, #2493, #3945, #2396 ) ) ;
#1333 = ORIENTED_EDGE ( 'NONE', *, *, #405, .T. ) ;
#1334 = DIRECTION ( 'NONE',  ( 1.000000000000000000, 0.000000000000000000, 0.000000000000000000 ) ) ;
#1335 = CARTESIAN_POINT ( 'NONE',  ( -4.700000000000000178, 3.979999999999999094, 3.199999999999998845 ) ) ;
#1336 = DIRECTION ( 'NONE',  ( 0.000000000000000000, -1.000000000000000000, 0.000000000000000000 ) ) ;
#1337 = CARTESIAN_POINT ( 'NONE',  ( 0.05000000000000012768, 5.379999999999999893, 3.199999999999998845 ) ) ;
#1338 = ORIENTED_EDGE ( 'NONE', *, *, #5049, .F. ) ;
#1339 = CARTESIAN_POINT ( 'NONE',  ( 3.910000000000000142, 2.879999999999999893, 1.369999999999999662 ) ) ;
#1340 = ORIENTED_EDGE ( 'NONE', *, *, #4362, .T. ) ;
#1341 = CARTESIAN_POINT ( 'NONE',  ( 3.700000000000000178, 0.04999999999999956563, 3.601878488843856641 ) ) ;
#1342 = ORIENTED_EDGE ( 'NONE', *, *, #7449, .T. ) ;
#1343 = CARTESIAN_POINT ( 'NONE',  ( -5.500000000000000000, 0.1300000000000000600, 2.250000000000000444 ) ) ;
#1344 = EDGE_CURVE ( 'NONE', #6273, #3721, #1806, .T. ) ;
#1345 = FACE_OUTER_BOUND ( 'NONE', #5788, .T. ) ;
#1346 = EDGE_CURVE ( 'NONE', #5661, #547, #7827, .T. ) ;
#1347 = CARTESIAN_POINT ( 'NONE',  ( -2.709999999999999964, 1.379999999999999671, 1.369999999999999662 ) ) ;
#1348 = VERTEX_POINT ( 'NONE', #1851 ) ;
#1349 = CARTESIAN_POINT ( 'NONE',  ( 5.500000000000000000, 0.3300000000000001266, 0.000000000000000000 ) ) ;
#1350 = CARTESIAN_POINT ( 'NONE',  ( 0.7100000000000000755, 0.4300000000000007150, 3.553360657221955154 ) ) ;
#1351 = ORIENTED_EDGE ( 'NONE', *, *, #6288, .T. ) ;
#1352 = CARTESIAN_POINT ( 'NONE',  ( 2.089999999999999858, 1.379999999999999671, 1.369999999999999662 ) ) ;
#1353 = DIRECTION ( 'NONE',  ( -0.000000000000000000, -0.000000000000000000, -1.000000000000000000 ) ) ;
#1354 = LINE ( 'NONE', #732, #6907 ) ;
#1355 = PLANE ( 'NONE',  #8014 ) ;
#1356 = ORIENTED_EDGE ( 'NONE', *, *, #4663, .T. ) ;
#1357 = ORIENTED_EDGE ( 'NONE', *, *, #1655, .T. ) ;
#1358 = LINE ( 'NONE', #1903, #1266 ) ;
#1359 = ADVANCED_FACE ( 'NONE', ( #1260 ), #4349, .F. ) ;
#1360 = CARTESIAN_POINT ( 'NONE',  ( -5.306217782649110148, 3.880000000000002558, 3.750000000000000000 ) ) ;
#1361 = VECTOR ( 'NONE', #915, 1000.000000000000000 ) ;
#1362 = DIRECTION ( 'NONE',  ( -0.000000000000000000, 1.000000000000000000, -0.000000000000000000 ) ) ;
#1363 = VERTEX_POINT ( 'NONE', #7351 ) ;
#1364 = COLOUR_RGB ( '',0.7921568627450980005, 0.8196078431372548767, 0.9333333333333333481 ) ;
#1365 = CARTESIAN_POINT ( 'NONE',  ( 3.550000000000000266, 4.980000000000000426, 3.600000000000000089 ) ) ;
#1366 = ORIENTED_EDGE ( 'NONE', *, *, #6758, .F. ) ;
#1367 = ORIENTED_EDGE ( 'NONE', *, *, #288, .T. ) ;
#1368 = EDGE_LOOP ( 'NONE', ( #7425, #3437, #6735, #5202 ) ) ;
#1369 = VERTEX_POINT ( 'NONE', #1757 ) ;
#1370 = VECTOR ( 'NONE', #6068, 1000.000000000000000 ) ;
#1371 = AXIS2_PLACEMENT_3D ( 'NONE', #3362, #135, #2659 ) ;
#1372 = EDGE_CURVE ( 'NONE', #7217, #2115, #4255, .T. ) ;
#1373 = CARTESIAN_POINT ( 'NONE',  ( -3.149999999999999911, 5.379999999999999893, 3.199999999999998845 ) ) ;
#1374 = DIRECTION ( 'NONE',  ( -0.6427876096865392519, 0.000000000000000000, -0.7660444431189780135 ) ) ;
#1375 = CARTESIAN_POINT ( 'NONE',  ( -0.08999999999999969136, 2.614371549809415107, 3.553360657221955154 ) ) ;
#1376 = VERTEX_POINT ( 'NONE', #6780 ) ;
#1377 = DIRECTION ( 'NONE',  ( 1.000000000000000000, 0.000000000000000000, 0.000000000000000000 ) ) ;
#1378 = VECTOR ( 'NONE', #3466, 1000.000000000000000 ) ;
#1379 = ORIENTED_EDGE ( 'NONE', *, *, #2990, .F. ) ;
#1380 = DIRECTION ( 'NONE',  ( -0.000000000000000000, -1.000000000000000000, 3.183472606097238429E-16 ) ) ;
#1381 = ORIENTED_EDGE ( 'NONE', *, *, #8018, .F. ) ;
#1382 = ORIENTED_EDGE ( 'NONE', *, *, #4454, .F. ) ;
#1383 = CARTESIAN_POINT ( 'NONE',  ( -2.049999999999999822, 3.979999999999999094, 3.199999999999998845 ) ) ;
#1384 = VECTOR ( 'NONE', #1597, 1000.000000000000000 ) ;
#1385 = VECTOR ( 'NONE', #2530, 1000.000000000000000 ) ;
#1386 = EDGE_CURVE ( 'NONE', #4847, #924, #1096, .T. ) ;
#1387 = DIRECTION ( 'NONE',  ( 0.7660444431189781245, 0.000000000000000000, 0.6427876096865393629 ) ) ;
#1388 = EDGE_CURVE ( 'NONE', #1245, #2974, #3696, .T. ) ;
#1389 = ORIENTED_EDGE ( 'NONE', *, *, #6776, .F. ) ;
#1390 = DIRECTION ( 'NONE',  ( 0.000000000000000000, -1.000000000000000000, 0.000000000000000000 ) ) ;
#1391 = DIRECTION ( 'NONE',  ( -1.000000000000000000, 0.000000000000000000, 0.000000000000000000 ) ) ;
#1392 = CARTESIAN_POINT ( 'NONE',  ( 3.299999999999999822, 0.4300000000000000488, -3.598121511156143537 ) ) ;
#1393 = LINE ( 'NONE', #6296, #1005 ) ;
#1394 = AXIS2_PLACEMENT_3D ( 'NONE', #391, #5408, #7870 ) ;
#1395 = EDGE_CURVE ( 'NONE', #5661, #154, #3027, .T. ) ;
#1396 = VERTEX_POINT ( 'NONE', #4916 ) ;
#1397 = DIRECTION ( 'NONE',  ( 0.000000000000000000, -0.7071067811865475727, -0.7071067811865475727 ) ) ;
#1398 = FACE_OUTER_BOUND ( 'NONE', #4489, .T. ) ;
#1399 = AXIS2_PLACEMENT_3D ( 'NONE', #2956, #1081, #2879 ) ;
#1400 = CARTESIAN_POINT ( 'NONE',  ( -4.700000000000000178, 3.880000000000002558, 3.100000000000000089 ) ) ;
#1401 = DIRECTION ( 'NONE',  ( -0.000000000000000000, 1.000000000000000000, -0.000000000000000000 ) ) ;
#1402 = ORIENTED_EDGE ( 'NONE', *, *, #3291, .T. ) ;
#1403 = AXIS2_PLACEMENT_3D ( 'NONE', #91, #6318, #1462 ) ;
#1404 = EDGE_CURVE ( 'NONE', #535, #3053, #6690, .T. ) ;
#1405 = FACE_OUTER_BOUND ( 'NONE', #4552, .T. ) ;
#1406 = VECTOR ( 'NONE', #2640, 1000.000000000000000 ) ;
#1407 = CARTESIAN_POINT ( 'NONE',  ( -1.550000000000000266, 5.379999999999999893, 2.600000000000000089 ) ) ;
#1408 = ORIENTED_EDGE ( 'NONE', *, *, #1805, .F. ) ;
#1409 = PLANE ( 'NONE',  #2076 ) ;
#1410 = VERTEX_POINT ( 'NONE', #6203 ) ;
#1411 = EDGE_CURVE ( 'NONE', #5191, #7066, #6817, .T. ) ;
#1412 = VERTEX_POINT ( 'NONE', #8034 ) ;
#1413 = ADVANCED_FACE ( 'NONE', ( #2458 ), #4218, .F. ) ;
#1414 = ORIENTED_EDGE ( 'NONE', *, *, #1950, .T. ) ;
#1415 = ORIENTED_EDGE ( 'NONE', *, *, #4495, .T. ) ;
#1416 = CARTESIAN_POINT ( 'NONE',  ( -2.049999999999999822, 5.379999999999999893, 3.199999999999998845 ) ) ;
#1417 = CIRCLE ( 'NONE', #5741, 0.1000000000000002554 ) ;
#1418 = LINE ( 'NONE', #7540, #4037 ) ;
#1419 = LINE ( 'NONE', #3931, #1908 ) ;
#1420 = CARTESIAN_POINT ( 'NONE',  ( -2.490000000000000213, 2.879999999999999893, 1.369999999999999662 ) ) ;
#1421 = CARTESIAN_POINT ( 'NONE',  ( 3.550000000000000266, 1.835969349108944604, 2.600000000000000089 ) ) ;
#1422 = ORIENTED_EDGE ( 'NONE', *, *, #3839, .F. ) ;
#1423 = VECTOR ( 'NONE', #7897, 1000.000000000000000 ) ;
#1424 = DIRECTION ( 'NONE',  ( 1.000000000000000000, -0.000000000000000000, -0.000000000000000000 ) ) ;
#1425 = EDGE_CURVE ( 'NONE', #5737, #2281, #7468, .T. ) ;
#1426 = VERTEX_POINT ( 'NONE', #2086 ) ;
#1427 = LINE ( 'NONE', #2656, #4796 ) ;
#1428 = ORIENTED_EDGE ( 'NONE', *, *, #3935, .F. ) ;
#1429 = DIRECTION ( 'NONE',  ( 1.000000000000000000, -0.000000000000000000, -0.000000000000000000 ) ) ;
#1430 = VECTOR ( 'NONE', #3952, 1000.000000000000000 ) ;
#1431 = DIRECTION ( 'NONE',  ( 0.000000000000000000, 1.363776317591828850E-16, -1.000000000000000000 ) ) ;
#1432 = ORIENTED_EDGE ( 'NONE', *, *, #2700, .F. ) ;
#1433 = EDGE_CURVE ( 'NONE', #292, #4035, #3346, .T. ) ;
#1434 = DIRECTION ( 'NONE',  ( 0.8660254037844388186, -0.000000000000000000, -0.4999999999999996114 ) ) ;
#1435 = PLANE ( 'NONE',  #3232 ) ;
#1436 = VECTOR ( 'NONE', #3986, 1000.000000000000000 ) ;
#1437 = VERTEX_POINT ( 'NONE', #2649 ) ;
#1438 = PLANE ( 'NONE',  #852 ) ;
#1439 = LINE ( 'NONE', #5814, #609 ) ;
#1440 = ORIENTED_EDGE ( 'NONE', *, *, #3600, .F. ) ;
#1441 = CARTESIAN_POINT ( 'NONE',  ( -2.850000000000000089, 1.835969349108944604, 2.600000000000000089 ) ) ;
#1442 = VECTOR ( 'NONE', #2378, 1000.000000000000000 ) ;
#1443 = EDGE_CURVE ( 'NONE', #2545, #1253, #4469, .T. ) ;
#1444 = CARTESIAN_POINT ( 'NONE',  ( -4.500000000000000000, 0.1300000000000000600, 2.250000000000000000 ) ) ;
#1445 = LINE ( 'NONE', #3987, #847 ) ;
#1446 = EDGE_CURVE ( 'NONE', #3004, #495, #6283, .T. ) ;
#1448 = LINE ( 'NONE', #314, #7252 ) ;
#1447 =( REPRESENTATION_RELATIONSHIP ('NONE','NONE', #3360, #6422 ) REPRESENTATION_RELATIONSHIP_WITH_TRANSFORMATION ( #3705 )SHAPE_REPRESENTATION_RELATIONSHIP( ) );
#1449 = CARTESIAN_POINT ( 'NONE',  ( 3.700000000000000178, 1.412288678607071191, 3.601878488843856196 ) ) ;
#1450 = VERTEX_POINT ( 'NONE', #2570 ) ;
#1451 = EDGE_CURVE ( 'NONE', #5191, #5498, #6939, .T. ) ;
#1452 = CARTESIAN_POINT ( 'NONE',  ( 4.799999999999999822, -3.649898987322333088, 0.000000000000000000 ) ) ;
#1453 = EDGE_CURVE ( 'NONE', #6042, #4105, #5686, .T. ) ;
#1454 = ORIENTED_EDGE ( 'NONE', *, *, #6856, .F. ) ;
#1455 = CARTESIAN_POINT ( 'NONE',  ( -4.349999999999997868, -0.5494168154509139201, 8.640046532140947475E-15 ) ) ;
#1456 = ORIENTED_EDGE ( 'NONE', *, *, #7730, .F. ) ;
#1457 = DIRECTION ( 'NONE',  ( -0.000000000000000000, 0.7071067811865474617, -0.7071067811865474617 ) ) ;
#1458 = CARTESIAN_POINT ( 'NONE',  ( -1.550000000000000266, 4.380000000000001670, 3.600000000000000089 ) ) ;
#1459 = DIRECTION ( 'NONE',  ( -0.000000000000000000, 0.000000000000000000, -1.000000000000000000 ) ) ;
#1460 = EDGE_CURVE ( 'NONE', #3899, #5068, #3307, .T. ) ;
#1461 = CARTESIAN_POINT ( 'NONE',  ( -1.250000000000000222, 5.379999999999999893, 3.199999999999998845 ) ) ;
#1462 = DIRECTION ( 'NONE',  ( 0.000000000000000000, 0.000000000000000000, -1.000000000000000000 ) ) ;
#1463 = VERTEX_POINT ( 'NONE', #5726 ) ;
#1464 = CARTESIAN_POINT ( 'NONE',  ( -2.850000000000000089, 1.835969349108944604, 2.600000000000000089 ) ) ;
#1465 = ORIENTED_EDGE ( 'NONE', *, *, #3348, .F. ) ;
#1466 = CARTESIAN_POINT ( 'NONE',  ( -4.700000000000000178, 2.879999999999999893, -2.250000000000001332 ) ) ;
#1467 = ORIENTED_EDGE ( 'NONE', *, *, #1887, .T. ) ;
#1468 = DIRECTION ( 'NONE',  ( 0.000000000000000000, -1.000000000000000000, 0.000000000000000000 ) ) ;
#1469 = ADVANCED_FACE ( 'NONE', ( #46 ), #2040, .F. ) ;
#1470 = PLANE ( 'NONE',  #107 ) ;
#1471 = FACE_OUTER_BOUND ( 'NONE', #2480, .T. ) ;
#1472 = ORIENTED_EDGE ( 'NONE', *, *, #3005, .T. ) ;
#1473 = CARTESIAN_POINT ( 'NONE',  ( 4.700000000000000178, 3.979999999999999094, -2.250000000000001332 ) ) ;
#1474 = LINE ( 'NONE', #4021, #6463 ) ;
#1475 = LINE ( 'NONE', #3981, #5301 ) ;
#1476 = CARTESIAN_POINT ( 'NONE',  ( 0.000000000000000000, 5.379999999999999893, 3.199999999999998845 ) ) ;
#1477 = PRODUCT_DEFINITION_SHAPE ( 'NONE', 'NONE',  #8090 ) ;
#1478 = ORIENTED_EDGE ( 'NONE', *, *, #2527, .F. ) ;
#1479 = LINE ( 'NONE', #816, #3342 ) ;
#1480 = DIRECTION ( 'NONE',  ( -1.000000000000000000, -0.000000000000000000, -0.000000000000000000 ) ) ;
#1481 = ORIENTED_EDGE ( 'NONE', *, *, #3734, .T. ) ;
#1482 = LINE ( 'NONE', #2143, #4453 ) ;
#1483 =( LENGTH_UNIT ( ) NAMED_UNIT ( * ) SI_UNIT ( .MILLI., .METRE. ) );
#1484 = DIRECTION ( 'NONE',  ( 0.000000000000000000, 0.000000000000000000, -1.000000000000000000 ) ) ;
#1485 = DIRECTION ( 'NONE',  ( 0.000000000000000000, -1.000000000000000000, 0.000000000000000000 ) ) ;
#1486 = FACE_OUTER_BOUND ( 'NONE', #5027, .T. ) ;
#1487 = LINE ( 'NONE', #5909, #5043 ) ;
#1488 = ORIENTED_EDGE ( 'NONE', *, *, #3432, .T. ) ;
#1489 = LINE ( 'NONE', #4249, #2708 ) ;
#1490 = DIRECTION ( 'NONE',  ( 1.144344205099612874E-16, -1.000000000000000000, -1.363776317591828850E-16 ) ) ;
#1491 = CARTESIAN_POINT ( 'NONE',  ( 3.689999999999999947, 3.548505796534330958, 3.369999999999999662 ) ) ;
#1492 = EDGE_CURVE ( 'NONE', #4313, #254, #5798, .T. ) ;
#1493 = EDGE_CURVE ( 'NONE', #5551, #7546, #3270, .T. ) ;
#1494 = ORIENTED_EDGE ( 'NONE', *, *, #1346, .T. ) ;
#1495 = DIRECTION ( 'NONE',  ( 0.000000000000000000, 0.000000000000000000, 1.000000000000000000 ) ) ;
#1496 = ORIENTED_EDGE ( 'NONE', *, *, #3217, .T. ) ;
#1497 = ORIENTED_EDGE ( 'NONE', *, *, #3701, .F. ) ;
#1498 = ORIENTED_EDGE ( 'NONE', *, *, #1372, .F. ) ;
#1499 = EDGE_CURVE ( 'NONE', #6134, #5642, #799, .T. ) ;
#1500 = LINE ( 'NONE', #2242, #7377 ) ;
#1501 = CARTESIAN_POINT ( 'NONE',  ( 5.500000000000000000, 0.3300000000000001266, -2.250000000000000000 ) ) ;
#1502 = DIRECTION ( 'NONE',  ( 1.000000000000000000, 0.000000000000000000, 0.000000000000000000 ) ) ;
#1503 = LINE ( 'NONE', #1668, #4788 ) ;
#1504 = LINE ( 'NONE', #5320, #4428 ) ;
#1505 = EDGE_LOOP ( 'NONE', ( #933, #3978, #1968, #1381, #2825 ) ) ;
#1506 = DIRECTION ( 'NONE',  ( 1.000000000000000000, 0.000000000000000000, 0.000000000000000000 ) ) ;
#1507 = ORIENTED_EDGE ( 'NONE', *, *, #344, .T. ) ;
#1508 = AXIS2_PLACEMENT_3D ( 'NONE', #6829, #3581, #2430 ) ;
#1509 = FACE_OUTER_BOUND ( 'NONE', #6849, .T. ) ;
#1510 = ORIENTED_EDGE ( 'NONE', *, *, #6746, .T. ) ;
#1511 = FACE_OUTER_BOUND ( 'NONE', #3103, .T. ) ;
#1512 = CARTESIAN_POINT ( 'NONE',  ( -1.110000000000000320, 2.879999999999999893, 3.399999999999998579 ) ) ;
#1513 = VECTOR ( 'NONE', #7755, 1000.000000000000000 ) ;
#1514 = VECTOR ( 'NONE', #7960, 1000.000000000000227 ) ;
#1515 = ORIENTED_EDGE ( 'NONE', *, *, #3602, .F. ) ;
#1516 = DIRECTION ( 'NONE',  ( 0.000000000000000000, 0.000000000000000000, 1.000000000000000000 ) ) ;
#1517 = PLANE ( 'NONE',  #6982 ) ;
#1518 = LINE ( 'NONE', #4022, #3071 ) ;
#1519 = CARTESIAN_POINT ( 'NONE',  ( -4.608622425337133954, -0.7699999999999997957, 4.079605926369647899E-15 ) ) ;
#1520 = EDGE_CURVE ( 'NONE', #6963, #7818, #2045, .T. ) ;
#1521 = VECTOR ( 'NONE', #186, 1000.000000000000000 ) ;
#1522 = VECTOR ( 'NONE', #2412, 1000.000000000000114 ) ;
#1523 = ORIENTED_EDGE ( 'NONE', *, *, #1433, .T. ) ;
#1524 = PLANE ( 'NONE',  #7119 ) ;
#1525 = ORIENTED_EDGE ( 'NONE', *, *, #4509, .T. ) ;
#1526 = LINE ( 'NONE', #6504, #4188 ) ;
#1527 = CARTESIAN_POINT ( 'NONE',  ( -4.700000000000000178, 2.879999999999999893, -2.250000000000001332 ) ) ;
#1528 = DIRECTION ( 'NONE',  ( 0.000000000000000000, -1.000000000000000000, 0.000000000000000000 ) ) ;
#1529 = VECTOR ( 'NONE', #1380, 1000.000000000000000 ) ;
#1530 = ORIENTED_EDGE ( 'NONE', *, *, #3857, .F. ) ;
#1531 = DIRECTION ( 'NONE',  ( -0.000000000000000000, 1.000000000000000000, -0.000000000000000000 ) ) ;
#1532 = ADVANCED_FACE ( 'NONE', ( #6360 ), #2733, .T. ) ;
#1533 = VECTOR ( 'NONE', #4187, 1000.000000000000000 ) ;
#1534 = DIRECTION ( 'NONE',  ( -0.000000000000000000, -1.000000000000000000, -0.000000000000000000 ) ) ;
#1535 = ORIENTED_EDGE ( 'NONE', *, *, #3871, .F. ) ;
#1536 = LINE ( 'NONE', #5352, #1159 ) ;
#1537 = DIRECTION ( 'NONE',  ( 0.000000000000000000, 0.000000000000000000, -1.000000000000000000 ) ) ;
#1538 = EDGE_LOOP ( 'NONE', ( #1875, #2273, #5665, #5792, #2284, #5622, #1338 ) ) ;
#1539 = VECTOR ( 'NONE', #5441, 1000.000000000000000 ) ;
#1540 = EDGE_CURVE ( 'NONE', #2983, #141, #7015, .T. ) ;
#1541 = VERTEX_POINT ( 'NONE', #3822 ) ;
#1542 = CARTESIAN_POINT ( 'NONE',  ( 2.750000000000000000, 3.979999999999999094, -2.250000000000001332 ) ) ;
#1543 = ADVANCED_FACE ( 'NONE', ( #5242 ), #7659, .T. ) ;
#1544 = AXIS2_PLACEMENT_3D ( 'NONE', #5474, #4088, #2971 ) ;
#1545 = DIRECTION ( 'NONE',  ( 1.000000000000000000, 0.000000000000000000, -0.000000000000000000 ) ) ;
#1546 = CARTESIAN_POINT ( 'NONE',  ( 3.299999999999999822, 0.4300000000000000488, -3.598121511156143537 ) ) ;
#1547 = CARTESIAN_POINT ( 'NONE',  ( 2.976150907902310738, 0.4300000000000000488, 2.497287129148756168 ) ) ;
#1548 = PLANE ( 'NONE',  #7918 ) ;
#1549 = ADVANCED_FACE ( 'NONE', ( #1304 ), #1591, .F. ) ;
#1550 = ORIENTED_EDGE ( 'NONE', *, *, #5727, .F. ) ;
#1551 = EDGE_CURVE ( 'NONE', #961, #5609, #4777, .T. ) ;
#1552 = CARTESIAN_POINT ( 'NONE',  ( -2.349999999999999645, 5.379999999999999893, 2.600000000000000089 ) ) ;
#1553 = ORIENTED_EDGE ( 'NONE', *, *, #7997, .T. ) ;
#1554 = VECTOR ( 'NONE', #6295, 1000.000000000000000 ) ;
#1555 = LINE ( 'NONE', #4092, #3489 ) ;
#1556 = ORIENTED_EDGE ( 'NONE', *, *, #6867, .F. ) ;
#1557 = EDGE_CURVE ( 'NONE', #4880, #4945, #1624, .T. ) ;
#1558 = EDGE_CURVE ( 'NONE', #3929, #717, #7741, .T. ) ;
#1559 = DIRECTION ( 'NONE',  ( -0.000000000000000000, 0.7071067811865474617, -0.7071067811865474617 ) ) ;
#1560 = AXIS2_PLACEMENT_3D ( 'NONE', #3228, #6820, #3069 ) ;
#1561 = LINE ( 'NONE', #2862, #6983 ) ;
#1562 = ORIENTED_EDGE ( 'NONE', *, *, #5662, .T. ) ;
#1563 = EDGE_CURVE ( 'NONE', #214, #2004, #2244, .T. ) ;
#1564 = DIRECTION ( 'NONE',  ( 0.000000000000000000, -0.4999999999999993894, -0.8660254037844390407 ) ) ;
#1565 = LINE ( 'NONE', #5809, #703 ) ;
#1566 = DIRECTION ( 'NONE',  ( 1.144344205099612874E-16, 1.000000000000000000, 1.363776317591828850E-16 ) ) ;
#1567 = CARTESIAN_POINT ( 'NONE',  ( -4.700000000000000178, 3.979999999999999094, 3.199999999999998845 ) ) ;
#1568 = MECHANICAL_DESIGN_GEOMETRIC_PRESENTATION_REPRESENTATION (  '', ( #7934 ), #5509 ) ;
#1569 = ORIENTED_EDGE ( 'NONE', *, *, #656, .T. ) ;
#1570 = DIRECTION ( 'NONE',  ( 0.000000000000000000, 0.000000000000000000, 1.000000000000000000 ) ) ;
#1571 = DIRECTION ( 'NONE',  ( -0.7071067811865470176, -0.000000000000000000, -0.7071067811865480168 ) ) ;
#1572 = PRESENTATION_STYLE_ASSIGNMENT (( #271 ) ) ;
#1573 = AXIS2_PLACEMENT_3D ( 'NONE', #7925, #441, #5542 ) ;
#1574 = PLANE ( 'NONE',  #302 ) ;
#1575 = AXIS2_PLACEMENT_3D ( 'NONE', #6945, #2006, #4510 ) ;
#1576 = EDGE_CURVE ( 'NONE', #967, #5157, #6600, .T. ) ;
#1577 = DIRECTION ( 'NONE',  ( 1.000000000000000000, 0.000000000000000000, 0.000000000000000000 ) ) ;
#1578 = DIRECTION ( 'NONE',  ( 0.000000000000000000, 0.000000000000000000, 1.000000000000000000 ) ) ;
#1579 = VECTOR ( 'NONE', #217, 1000.000000000000000 ) ;
#1580 = DIRECTION ( 'NONE',  ( -0.000000000000000000, -0.000000000000000000, 1.000000000000000000 ) ) ;
#1581 = EDGE_CURVE ( 'NONE', #4572, #717, #3434, .T. ) ;
#1582 = FACE_OUTER_BOUND ( 'NONE', #7787, .T. ) ;
#1583 = LINE ( 'NONE', #7850, #4672 ) ;
#1584 = DIRECTION ( 'NONE',  ( 0.6427876096865392519, 0.000000000000000000, -0.7660444431189780135 ) ) ;
#1585 = DIRECTION ( 'NONE',  ( 1.000000000000000000, 0.000000000000000000, -0.000000000000000000 ) ) ;
#1586 = VERTEX_POINT ( 'NONE', #5918 ) ;
#1587 =( GEOMETRIC_REPRESENTATION_CONTEXT ( 3 ) GLOBAL_UNCERTAINTY_ASSIGNED_CONTEXT ( ( #3019 ) ) GLOBAL_UNIT_ASSIGNED_CONTEXT ( ( #914, #4030, #6505 ) ) REPRESENTATION_CONTEXT ( 'NONE', 'WORKASPACE' ) );
#1588 = VERTEX_POINT ( 'NONE', #285 ) ;
#1589 = DIRECTION ( 'NONE',  ( -0.000000000000000000, 1.000000000000000000, -0.000000000000000000 ) ) ;
#1590 = DIRECTION ( 'NONE',  ( 0.000000000000000000, 0.000000000000000000, 1.000000000000000000 ) ) ;
#1591 = PLANE ( 'NONE',  #1657 ) ;
#1592 = DIRECTION ( 'NONE',  ( 1.000000000000000000, -0.000000000000000000, -0.000000000000000000 ) ) ;
#1593 = CARTESIAN_POINT ( 'NONE',  ( -5.500000000000000000, 5.380000000000001670, 3.750000000000000000 ) ) ;
#1594 = ORIENTED_EDGE ( 'NONE', *, *, #2410, .F. ) ;
#1595 = DIRECTION ( 'NONE',  ( 0.000000000000000000, -1.000000000000000000, 0.000000000000000000 ) ) ;
#1596 = EDGE_LOOP ( 'NONE', ( #1415, #3702, #3301, #1770 ) ) ;
#1597 = DIRECTION ( 'NONE',  ( 0.000000000000000000, -1.000000000000000000, 0.000000000000000000 ) ) ;
#1598 = VERTEX_POINT ( 'NONE', #7174 ) ;
#1599 = CARTESIAN_POINT ( 'NONE',  ( 2.450000000000000178, 4.980000000000000426, 3.600000000000000089 ) ) ;
#1600 = CARTESIAN_POINT ( 'NONE',  ( -5.500000000000000000, 5.380000000000001670, 3.750000000000000000 ) ) ;
#1601 = ORIENTED_EDGE ( 'NONE', *, *, #1411, .T. ) ;
#1602 = DIRECTION ( 'NONE',  ( 0.3868795754558335687, -0.7985882202808504138, 0.4610651239508122834 ) ) ;
#1603 = LINE ( 'NONE', #3357, #4259 ) ;
#1604 = DIRECTION ( 'NONE',  ( -0.000000000000000000, 1.000000000000000000, -0.000000000000000000 ) ) ;
#1605 = CARTESIAN_POINT ( 'NONE',  ( 3.500000000000000000, 0.1356428144323411078, -4.398121511156142915 ) ) ;
#1606 = VERTEX_POINT ( 'NONE', #1009 ) ;
#1607 = CARTESIAN_POINT ( 'NONE',  ( 2.890000000000000124, 1.379999999999999671, 3.369999999999999662 ) ) ;
#1608 = ADVANCED_FACE ( 'NONE', ( #2889 ), #2805, .F. ) ;
#1609 = ORIENTED_EDGE ( 'NONE', *, *, #4984, .T. ) ;
#1610 = DIRECTION ( 'NONE',  ( 0.000000000000000000, -0.7071067811865475727, -0.7071067811865475727 ) ) ;
#1611 = SHAPE_REPRESENTATION_RELATIONSHIP ( 'NONE' , 'NONE' ,  #2520, #7298 ) ;
#1612 = PLANE ( 'NONE',  #5307 ) ;
#1613 = CARTESIAN_POINT ( 'NONE',  ( 1.950000000000000400, 4.380000000000001670, 3.600000000000000089 ) ) ;
#1614 = DIRECTION ( 'NONE',  ( 0.8529159227454221615, 0.000000000000000000, 0.5220483011439890353 ) ) ;
#1615 = DIRECTION ( 'NONE',  ( 0.000000000000000000, 0.000000000000000000, 1.000000000000000000 ) ) ;
#1616 = DIRECTION ( 'NONE',  ( 0.000000000000000000, -1.000000000000000000, 0.000000000000000000 ) ) ;
#1617 = CARTESIAN_POINT ( 'NONE',  ( -2.349999999999999645, 1.835969349108944604, 3.600000000000000089 ) ) ;
#1618 = FACE_OUTER_BOUND ( 'NONE', #6396, .T. ) ;
#1619 = LINE ( 'NONE', #3506, #1681 ) ;
#1620 = ORIENTED_EDGE ( 'NONE', *, *, #7240, .T. ) ;
#1621 = EDGE_LOOP ( 'NONE', ( #5, #5370, #8045, #6842 ) ) ;
#1622 = EDGE_CURVE ( 'NONE', #7829, #2652, #5995, .T. ) ;
#1623 = CARTESIAN_POINT ( 'NONE',  ( 0.3500000000000000333, 4.980000000000000426, 3.600000000000000089 ) ) ;
#1624 = LINE ( 'NONE', #7783, #6215 ) ;
#1625 = LINE ( 'NONE', #4668, #177 ) ;
#1626 = CARTESIAN_POINT ( 'NONE',  ( 0.8500000000000000888, 1.835969349108944604, 2.600000000000000089 ) ) ;
#1627 = ORIENTED_EDGE ( 'NONE', *, *, #1997, .T. ) ;
#1628 = PLANE ( 'NONE',  #6908 ) ;
#1629 = VERTEX_POINT ( 'NONE', #7255 ) ;
#1630 = CARTESIAN_POINT ( 'NONE',  ( -0.7499999999999997780, 3.979999999999998206, 2.600000000000000089 ) ) ;
#1631 = VERTEX_POINT ( 'NONE', #1666 ) ;
#1632 = EDGE_CURVE ( 'NONE', #7681, #6066, #1054, .T. ) ;
#1633 = CLOSED_SHELL ( 'NONE', ( #6895, #1821, #1898, #6241, #1359, #1142, #1278, #6233, #3330, #3159, #7340, #326, #2918, #8053, #4859, #4377, #3612, #6063, #3197 ) ) ;
#1634 = DIRECTION ( 'NONE',  ( 0.000000000000000000, 1.000000000000000000, 1.363776317591828850E-16 ) ) ;
#1635 = DIRECTION ( 'NONE',  ( 0.000000000000000000, 1.363776317591828850E-16, -1.000000000000000000 ) ) ;
#1636 = CARTESIAN_POINT ( 'NONE',  ( -2.490000000000000213, 2.879999999999999893, 3.399999999999998579 ) ) ;
#1637 = ORIENTED_EDGE ( 'NONE', *, *, #2504, .T. ) ;
#1638 = VECTOR ( 'NONE', #1679, 1000.000000000000000 ) ;
#1639 = PLANE ( 'NONE',  #218 ) ;
#1640 = VECTOR ( 'NONE', #7041, 1000.000000000000000 ) ;
#1641 = VERTEX_POINT ( 'NONE', #7704 ) ;
#1642 = CARTESIAN_POINT ( 'NONE',  ( 3.700000000000000178, 2.169580722449310439, 3.881343414416258852 ) ) ;
#1643 = CARTESIAN_POINT ( 'NONE',  ( -1.110000000000000320, 2.879999999999999893, 1.369999999999999662 ) ) ;
#1644 = EDGE_LOOP ( 'NONE', ( #4148, #5128, #2286, #3123 ) ) ;
#1645 = DIRECTION ( 'NONE',  ( -1.000000000000000000, 0.000000000000000000, 0.000000000000000000 ) ) ;
#1646 = ADVANCED_FACE ( 'NONE', ( #2124 ), #4626, .T. ) ;
#1647 = ORIENTED_EDGE ( 'NONE', *, *, #2432, .F. ) ;
#1648 = EDGE_CURVE ( 'NONE', #6132, #1412, #5304, .T. ) ;
#1649 = AXIS2_PLACEMENT_3D ( 'NONE', #4662, #3511, #7089 ) ;
#1650 = VECTOR ( 'NONE', #4865, 1000.000000000000114 ) ;
#1651 = FACE_OUTER_BOUND ( 'NONE', #2428, .T. ) ;
#1652 = CARTESIAN_POINT ( 'NONE',  ( -5.599999999999998757, 1.214306433183765597E-14, 0.000000000000000000 ) ) ;
#1653 = DIRECTION ( 'NONE',  ( 0.000000000000000000, -1.000000000000000000, 0.000000000000000000 ) ) ;
#1654 = CARTESIAN_POINT ( 'NONE',  ( -5.220583184549082212, -0.5200000000000105649, -0.1044096602287979542 ) ) ;
#1655 = EDGE_CURVE ( 'NONE', #6446, #6232, #2883, .T. ) ;
#1656 = VECTOR ( 'NONE', #36, 1000.000000000000000 ) ;
#1657 = AXIS2_PLACEMENT_3D ( 'NONE', #5278, #4005, #2165 ) ;
#1658 = LINE ( 'NONE', #4650, #3246 ) ;
#1659 = DIRECTION ( 'NONE',  ( 1.000000000000000000, 0.000000000000000000, 0.000000000000000000 ) ) ;
#1660 = VECTOR ( 'NONE', #2408, 1000.000000000000000 ) ;
#1661 = PLANE ( 'NONE',  #1849 ) ;
#1662 = ORIENTED_EDGE ( 'NONE', *, *, #6401, .F. ) ;
#1663 = VECTOR ( 'NONE', #1316, 1000.000000000000000 ) ;
#1664 = ORIENTED_EDGE ( 'NONE', *, *, #5299, .T. ) ;
#1665 = DIRECTION ( 'NONE',  ( 0.000000000000000000, 0.000000000000000000, 1.000000000000000000 ) ) ;
#1666 = CARTESIAN_POINT ( 'NONE',  ( -0.8900000000000001243, 0.4300000000000007150, 3.553360657221955154 ) ) ;
#1667 = VECTOR ( 'NONE', #7025, 1000.000000000000000 ) ;
#1668 = CARTESIAN_POINT ( 'NONE',  ( 1.149999999999999911, 1.835969349108944604, 2.600000000000000089 ) ) ;
#1669 = CARTESIAN_POINT ( 'NONE',  ( 3.700000000000000178, 0.2500000000000001110, 4.401878488843856019 ) ) ;
#1670 = ORIENTED_EDGE ( 'NONE', *, *, #5552, .F. ) ;
#1671 = LINE ( 'NONE', #2854, #7936 ) ;
#1672 = ORIENTED_EDGE ( 'NONE', *, *, #4699, .F. ) ;
#1673 = ORIENTED_EDGE ( 'NONE', *, *, #3613, .F. ) ;
#1674 = VECTOR ( 'NONE', #287, 1000.000000000000000 ) ;
#1675 = DIRECTION ( 'NONE',  ( -1.000000000000000000, 0.000000000000000000, 0.000000000000000000 ) ) ;
#1676 = DIRECTION ( 'NONE',  ( 1.000000000000000000, 0.000000000000000000, 0.000000000000000000 ) ) ;
#1677 = EDGE_CURVE ( 'NONE', #3303, #5032, #1583, .T. ) ;
#1678 = LINE ( 'NONE', #4181, #200 ) ;
#1679 = DIRECTION ( 'NONE',  ( 0.000000000000000000, -1.000000000000000000, 0.000000000000000000 ) ) ;
#1680 = ORIENTED_EDGE ( 'NONE', *, *, #7865, .F. ) ;
#1681 = VECTOR ( 'NONE', #2798, 1000.000000000000000 ) ;
#1682 = CARTESIAN_POINT ( 'NONE',  ( 3.900000000000000355, 2.334618803272979104, 3.572697287147439837 ) ) ;
#1683 = ORIENTED_EDGE ( 'NONE', *, *, #193, .F. ) ;
#1684 = LINE ( 'NONE', #6662, #577 ) ;
#1685 = DIRECTION ( 'NONE',  ( 1.000000000000000000, 0.000000000000000000, -0.000000000000000000 ) ) ;
#1686 = VERTEX_POINT ( 'NONE', #829 ) ;
#1687 = DIRECTION ( 'NONE',  ( 1.000000000000000000, 0.000000000000000000, 0.000000000000000000 ) ) ;
#1688 =( BOUNDED_CURVE ( )  B_SPLINE_CURVE ( 3, ( #1897, #5708, #2631, #6877 ),
 .UNSPECIFIED., .F., .T. ) 
 B_SPLINE_CURVE_WITH_KNOTS ( ( 4, 4 ),
 ( 5.733934588995652781, 6.283185307179586232 ),
 .UNSPECIFIED. ) 
 CURVE ( )  GEOMETRIC_REPRESENTATION_ITEM ( )  RATIONAL_B_SPLINE_CURVE ( ( 1.000000000000000000, 0.9750179084506065408, 0.9750179084506065408, 1.000000000000000000 ) ) 
 REPRESENTATION_ITEM ( '' )  );
#1689 = ORIENTED_EDGE ( 'NONE', *, *, #3818, .F. ) ;
#1690 = VECTOR ( 'NONE', #3408, 1000.000000000000114 ) ;
#1691 = CARTESIAN_POINT ( 'NONE',  ( 3.299999999999999822, 0.4300000000000001044, -3.798121511156143715 ) ) ;
#1692 = DIRECTION ( 'NONE',  ( 1.000000000000000000, 0.000000000000000000, 0.000000000000000000 ) ) ;
#1693 = FACE_OUTER_BOUND ( 'NONE', #2498, .T. ) ;
#1694 = CARTESIAN_POINT ( 'NONE',  ( 1.650000000000000133, 1.835969349108944604, 2.600000000000000089 ) ) ;
#1695 = PLANE ( 'NONE',  #4905 ) ;
#1696 = AXIS2_PLACEMENT_3D ( 'NONE', #6810, #2452, #8071 ) ;
#1697 = AXIS2_PLACEMENT_3D ( 'NONE', #7236, #4888, #5379 ) ;
#1698 = EDGE_CURVE ( 'NONE', #4748, #5877, #3333, .T. ) ;
#1699 = PLANE ( 'NONE',  #224 ) ;
#1700 = VECTOR ( 'NONE', #4728, 1000.000000000000000 ) ;
#1701 = PLANE ( 'NONE',  #6013 ) ;
#1702 = DIRECTION ( 'NONE',  ( 0.000000000000000000, -0.4999999999999993894, -0.8660254037844390407 ) ) ;
#1703 = ADVANCED_FACE ( 'NONE', ( #2920 ), #1781, .F. ) ;
#1704 = ORIENTED_EDGE ( 'NONE', *, *, #3364, .T. ) ;
#1705 = CARTESIAN_POINT ( 'NONE',  ( -3.650000000000000355, 1.835969349108944604, 2.600000000000000089 ) ) ;
#1706 = CIRCLE ( 'NONE', #3278, 0.09999999999999982514 ) ;
#1707 = EDGE_LOOP ( 'NONE', ( #7044, #4919, #1683, #7274 ) ) ;
#1708 = CARTESIAN_POINT ( 'NONE',  ( -2.049999999999999822, 5.379999999999999893, 2.600000000000000089 ) ) ;
#1709 = ADVANCED_FACE ( 'NONE', ( #7930 ), #3586, .F. ) ;
#1710 = CARTESIAN_POINT ( 'NONE',  ( -2.490000000000000213, 2.614371549809415551, 3.553360657221955154 ) ) ;
#1711 = AXIS2_PLACEMENT_3D ( 'NONE', #7114, #7684, #2066 ) ;
#1712 = DIRECTION ( 'NONE',  ( -1.000000000000000000, 0.000000000000000000, 0.000000000000000000 ) ) ;
#1713 = CARTESIAN_POINT ( 'NONE',  ( -5.500000000000000000, 3.880000000000002558, 3.750000000000000000 ) ) ;
#1714 = ORIENTED_EDGE ( 'NONE', *, *, #1763, .F. ) ;
#1715 = FACE_OUTER_BOUND ( 'NONE', #1809, .T. ) ;
#1716 = ORIENTED_EDGE ( 'NONE', *, *, #5049, .T. ) ;
#1717 = ORIENTED_EDGE ( 'NONE', *, *, #4976, .F. ) ;
#1718 = EDGE_CURVE ( 'NONE', #2944, #3253, #5595, .T. ) ;
#1719 = FACE_OUTER_BOUND ( 'NONE', #745, .T. ) ;
#1720 = CARTESIAN_POINT ( 'NONE',  ( 3.299999999999999822, 0.4300000000000000488, -3.598121511156143537 ) ) ;
#1721 = DIRECTION ( 'NONE',  ( 1.000000000000000000, 0.000000000000000000, 0.000000000000000000 ) ) ;
#1722 = FACE_OUTER_BOUND ( 'NONE', #3989, .T. ) ;
#1723 = ORIENTED_EDGE ( 'NONE', *, *, #4154, .F. ) ;
#1724 = CARTESIAN_POINT ( 'NONE',  ( 1.510000000000000009, 0.4300000000000007150, 3.369999999999999662 ) ) ;
#1725 = EDGE_LOOP ( 'NONE', ( #6720, #279, #6440, #1494, #6397, #7108 ) ) ;
#1726 = DIRECTION ( 'NONE',  ( 1.000000000000000000, 0.000000000000000000, -0.000000000000000000 ) ) ;
#1727 = FACE_OUTER_BOUND ( 'NONE', #245, .T. ) ;
#1728 = EDGE_LOOP ( 'NONE', ( #3856, #3181, #728, #6917, #7488, #3485 ) ) ;
#1729 = EDGE_CURVE ( 'NONE', #6431, #7895, #4284, .T. ) ;
#1730 = VERTEX_POINT ( 'NONE', #3719 ) ;
#1731 = CARTESIAN_POINT ( 'NONE',  ( 3.700000000000000178, 1.937312807731383035, 3.788868467578828447 ) ) ;
#1732 = DIRECTION ( 'NONE',  ( 0.000000000000000000, 0.000000000000000000, 1.000000000000000000 ) ) ;
#1733 = ORIENTED_EDGE ( 'NONE', *, *, #5564, .F. ) ;
#1734 = LINE ( 'NONE', #4230, #7618 ) ;
#1735 = DIRECTION ( 'NONE',  ( 0.000000000000000000, -0.000000000000000000, -1.000000000000000000 ) ) ;
#1736 = DIRECTION ( 'NONE',  ( -0.7660444431189781245, 0.000000000000000000, 0.6427876096865393629 ) ) ;
#1737 = CARTESIAN_POINT ( 'NONE',  ( -1.110000000000000320, 3.548505796534330958, 3.553360657221955154 ) ) ;
#1738 = ORIENTED_EDGE ( 'NONE', *, *, #1388, .T. ) ;
#1739 = LINE ( 'NONE', #5383, #4447 ) ;
#1740 = CARTESIAN_POINT ( 'NONE',  ( 1.567773094701994330, 0.4300000000000000488, 1.315517825534106455 ) ) ;
#1741 = CARTESIAN_POINT ( 'NONE',  ( 2.890000000000000124, 3.548505796534330958, 3.369999999999999662 ) ) ;
#1742 = ORIENTED_EDGE ( 'NONE', *, *, #1558, .F. ) ;
#1743 = ORIENTED_EDGE ( 'NONE', *, *, #7830, .T. ) ;
#1744 = DIRECTION ( 'NONE',  ( 0.000000000000000000, -1.000000000000000000, 0.000000000000000000 ) ) ;
#1745 = ADVANCED_FACE ( 'NONE', ( #5420 ), #6674, .F. ) ;
#1746 = EDGE_CURVE ( 'NONE', #2094, #3899, #4986, .T. ) ;
#1747 = DIRECTION ( 'NONE',  ( 1.144344205099612874E-16, -1.000000000000000000, -1.363776317591828850E-16 ) ) ;
#1748 = DIRECTION ( 'NONE',  ( 0.5220483011439734922, 0.000000000000000000, 0.8529159227454317094 ) ) ;
#1749 = VERTEX_POINT ( 'NONE', #7884 ) ;
#1750 = CARTESIAN_POINT ( 'NONE',  ( -0.3099999999999999423, 2.879999999999999893, 3.369999999999999662 ) ) ;
#1751 = ORIENTED_EDGE ( 'NONE', *, *, #3554, .F. ) ;
#1752 = ADVANCED_FACE ( 'NONE', ( #572 ), #4897, .F. ) ;
#1753 = ORIENTED_EDGE ( 'NONE', *, *, #870, .T. ) ;
#1754 = FACE_OUTER_BOUND ( 'NONE', #5855, .T. ) ;
#1755 = CARTESIAN_POINT ( 'NONE',  ( -4.700000000000000178, 3.979999999999999094, 2.600000000000000089 ) ) ;
#1756 = CARTESIAN_POINT ( 'NONE',  ( 3.299999999999999822, 0.1356428144323411078, -4.498121511156143448 ) ) ;
#1757 = CARTESIAN_POINT ( 'NONE',  ( 0.8500000000000000888, 5.379999999999999893, 3.199999999999998845 ) ) ;
#1758 = LINE ( 'NONE', #4833, #6621 ) ;
#1759 = CARTESIAN_POINT ( 'NONE',  ( -5.500000000000000000, 2.273782217350889923, 3.749999999999999556 ) ) ;
#1760 = ORIENTED_EDGE ( 'NONE', *, *, #6776, .T. ) ;
#1761 = CARTESIAN_POINT ( 'NONE',  ( 3.299999999999999822, 0.1000000000000000056, -3.698121511156143626 ) ) ;
#1762 = LINE ( 'NONE', #3447, #2941 ) ;
#1763 = EDGE_CURVE ( 'NONE', #6393, #4501, #3088, .T. ) ;
#1764 = ORIENTED_EDGE ( 'NONE', *, *, #4643, .T. ) ;
#1765 = ORIENTED_EDGE ( 'NONE', *, *, #268, .F. ) ;
#1766 = CARTESIAN_POINT ( 'NONE',  ( -4.885291592274542793, 0.3300000000000001266, -0.6522048301143499316 ) ) ;
#1767 = CARTESIAN_POINT ( 'NONE',  ( -4.885291592274543682, -0.5199999999999950218, 0.6522048301143487103 ) ) ;
#1768 = VECTOR ( 'NONE', #6506, 1000.000000000000000 ) ;
#1769 = VECTOR ( 'NONE', #2057, 1000.000000000000000 ) ;
#1770 = ORIENTED_EDGE ( 'NONE', *, *, #1928, .T. ) ;
#1771 = CARTESIAN_POINT ( 'NONE',  ( -2.349999999999999645, 1.835969349108944604, 2.600000000000000089 ) ) ;
#1772 = EDGE_CURVE ( 'NONE', #389, #2774, #4814, .T. ) ;
#1773 = DIRECTION ( 'NONE',  ( -1.000000000000000000, 0.000000000000000000, 0.000000000000000000 ) ) ;
#1774 = ORIENTED_EDGE ( 'NONE', *, *, #2062, .T. ) ;
#1775 = VECTOR ( 'NONE', #7798, 1000.000000000000000 ) ;
#1776 = VECTOR ( 'NONE', #4848, 1000.000000000000000 ) ;
#1777 = ORIENTED_EDGE ( 'NONE', *, *, #4209, .F. ) ;
#1778 = CARTESIAN_POINT ( 'NONE',  ( 0.3500000000000000333, 1.835969349108944604, 3.600000000000000089 ) ) ;
#1779 = DIRECTION ( 'NONE',  ( 1.000000000000000000, -0.000000000000000000, -0.000000000000000000 ) ) ;
#1780 = CARTESIAN_POINT ( 'NONE',  ( -3.290000000000000480, 3.548505796534330958, 3.369999999999999662 ) ) ;
#1781 = PLANE ( 'NONE',  #4938 ) ;
#1782 = VECTOR ( 'NONE', #1362, 1000.000000000000000 ) ;
#1783 = VECTOR ( 'NONE', #938, 1000.000000000000000 ) ;
#1784 = ORIENTED_EDGE ( 'NONE', *, *, #1813, .T. ) ;
#1785 = ORIENTED_EDGE ( 'NONE', *, *, #1080, .T. ) ;
#1786 = CARTESIAN_POINT ( 'NONE',  ( -5.500000000000000000, 0.1300000000000000600, 3.899999999999999911 ) ) ;
#1787 = VECTOR ( 'NONE', #5847, 1000.000000000000000 ) ;
#1788 = VECTOR ( 'NONE', #6124, 1000.000000000000000 ) ;
#1789 = LINE ( 'NONE', #5057, #582 ) ;
#1790 = CARTESIAN_POINT ( 'NONE',  ( 1.183125137056345588, 0.7424206153039824008, 4.634132033168437026 ) ) ;
#1791 = DIRECTION ( 'NONE',  ( 1.000000000000000000, -0.000000000000000000, -0.000000000000000000 ) ) ;
#1792 = CARTESIAN_POINT ( 'NONE',  ( 4.799999999999999822, -3.649898987322333088, 0.000000000000000000 ) ) ;
#1793 = EDGE_CURVE ( 'NONE', #6873, #1868, #6732, .T. ) ;
#1794 = VERTEX_POINT ( 'NONE', #2439 ) ;
#1795 = VECTOR ( 'NONE', #5203, 1000.000000000000000 ) ;
#1796 = FACE_OUTER_BOUND ( 'NONE', #1825, .T. ) ;
#1797 = PRODUCT_DEFINITION_SHAPE ( 'NONE', 'NONE',  #8097 ) ;
#1798 = ORIENTED_EDGE ( 'NONE', *, *, #39, .F. ) ;
#1799 = EDGE_CURVE ( 'NONE', #6232, #2405, #3631, .T. ) ;
#1800 = ORIENTED_EDGE ( 'NONE', *, *, #22, .T. ) ;
#1801 = DIRECTION ( 'NONE',  ( 1.000000000000000000, 0.000000000000000000, 0.000000000000000000 ) ) ;
#1802 = VECTOR ( 'NONE', #7120, 1000.000000000000000 ) ;
#1803 = ADVANCED_FACE ( 'NONE', ( #6027 ), #493, .F. ) ;
#1804 = DIRECTION ( 'NONE',  ( -0.6427876096865392519, 0.000000000000000000, -0.7660444431189780135 ) ) ;
#1805 = EDGE_CURVE ( 'NONE', #196, #5200, #2394, .T. ) ;
#1806 = LINE ( 'NONE', #2379, #1788 ) ;
#1807 = CARTESIAN_POINT ( 'NONE',  ( -1.110000000000000320, 3.548505796534330958, 3.369999999999999662 ) ) ;
#1808 = CARTESIAN_POINT ( 'NONE',  ( 1.149999999999999911, 5.379999999999999893, 3.199999999999998845 ) ) ;
#1809 = EDGE_LOOP ( 'NONE', ( #4579, #898, #1964, #4932, #1751, #6271, #5024 ) ) ;
#1810 = DIRECTION ( 'NONE',  ( -0.000000000000000000, -0.7071067811865489050, -0.7071067811865460184 ) ) ;
#1811 = ORIENTED_EDGE ( 'NONE', *, *, #4461, .T. ) ;
#1812 = DIRECTION ( 'NONE',  ( 0.000000000000000000, 1.000000000000000000, 1.363776317591828850E-16 ) ) ;
#1813 = EDGE_CURVE ( 'NONE', #4852, #5453, #1830, .T. ) ;
#1814 = AXIS2_PLACEMENT_3D ( 'NONE', #2347, #4531, #3382 ) ;
#1815 = ORIENTED_EDGE ( 'NONE', *, *, #5507, .F. ) ;
#1816 = ORIENTED_EDGE ( 'NONE', *, *, #5796, .F. ) ;
#1817 = CARTESIAN_POINT ( 'NONE',  ( -4.700000000000000178, 3.979999999999999094, 3.199999999999998845 ) ) ;
#1818 = EDGE_CURVE ( 'NONE', #4880, #8013, #6182, .T. ) ;
#1819 = PLANE ( 'NONE',  #3534 ) ;
#1820 = AXIS2_PLACEMENT_3D ( 'NONE', #458, #500, #1912 ) ;
#1821 = ADVANCED_FACE ( 'NONE', ( #4446 ), #1355, .F. ) ;
#1822 = ORIENTED_EDGE ( 'NONE', *, *, #4969, .F. ) ;
#1823 = CARTESIAN_POINT ( 'NONE',  ( 0.000000000000000000, 0.4300000000000000488, 3.369999999999999662 ) ) ;
#1824 = PRODUCT_CONTEXT ( 'NONE', #7847, 'mechanical' ) ;
#1825 = EDGE_LOOP ( 'NONE', ( #5306, #1982, #3276, #3738 ) ) ;
#1826 = VECTOR ( 'NONE', #8, 1000.000000000000000 ) ;
#1827 = EDGE_LOOP ( 'NONE', ( #4534, #3092, #6530, #5190 ) ) ;
#1828 = DIRECTION ( 'NONE',  ( -0.6427876096865392519, 0.000000000000000000, 0.7660444431189780135 ) ) ;
#1829 = DIRECTION ( 'NONE',  ( -1.000000000000000000, 0.000000000000000000, 0.000000000000000000 ) ) ;
#1830 = LINE ( 'NONE', #4329, #1000 ) ;
#1831 = AXIS2_PLACEMENT_3D ( 'NONE', #6527, #7662, #6362 ) ;
#1832 = CARTESIAN_POINT ( 'NONE',  ( -2.349999999999999645, 3.979999999999999094, 3.199999999999998845 ) ) ;
#1833 = EDGE_LOOP ( 'NONE', ( #696, #3653, #6285, #7168 ) ) ;
#1834 = DIRECTION ( 'NONE',  ( 1.000000000000000000, -0.000000000000000000, -0.000000000000000000 ) ) ;
#1835 = ORIENTED_EDGE ( 'NONE', *, *, #4609, .T. ) ;
#1836 = ORIENTED_EDGE ( 'NONE', *, *, #920, .F. ) ;
#1837 = VECTOR ( 'NONE', #1205, 1000.000000000000000 ) ;
#1838 = ADVANCED_FACE ( 'NONE', ( #31 ), #5709, .T. ) ;
#1839 = CARTESIAN_POINT ( 'NONE',  ( -0.8900000000000001243, 3.548505796534330958, 3.369999999999999662 ) ) ;
#1840 = ORIENTED_EDGE ( 'NONE', *, *, #3416, .F. ) ;
#1841 = CARTESIAN_POINT ( 'NONE',  ( -3.650000000000000355, 1.835969349108944604, 3.600000000000000089 ) ) ;
#1842 = ORIENTED_EDGE ( 'NONE', *, *, #4257, .F. ) ;
#1843 = VECTOR ( 'NONE', #6378, 1000.000000000000114 ) ;
#1844 = DIRECTION ( 'NONE',  ( -1.000000000000000000, 0.000000000000000000, 0.000000000000000000 ) ) ;
#1845 = ORIENTED_EDGE ( 'NONE', *, *, #7249, .F. ) ;
#1846 = CARTESIAN_POINT ( 'NONE',  ( -5.500000000000000000, 5.379999999999999893, 3.899999999999999911 ) ) ;
#1847 = ORIENTED_EDGE ( 'NONE', *, *, #7773, .T. ) ;
#1848 = FACE_OUTER_BOUND ( 'NONE', #2696, .T. ) ;
#1849 = AXIS2_PLACEMENT_3D ( 'NONE', #6707, #4158, #6149 ) ;
#1850 = DIRECTION ( 'NONE',  ( 0.000000000000000000, 1.363776317591828850E-16, -1.000000000000000000 ) ) ;
#1851 = CARTESIAN_POINT ( 'NONE',  ( -3.650000000000000355, 5.379999999999999893, 2.600000000000000089 ) ) ;
#1852 = VERTEX_POINT ( 'NONE', #7564 ) ;
#1853 = CARTESIAN_POINT ( 'NONE',  ( 0.07500000000000041356, 0.4300000000000007150, 3.750000000000000000 ) ) ;
#1854 = EDGE_LOOP ( 'NONE', ( #3815, #7805, #2855, #383 ) ) ;
#1855 = EDGE_CURVE ( 'NONE', #7972, #8013, #6227, .T. ) ;
#1856 = ORIENTED_EDGE ( 'NONE', *, *, #140, .T. ) ;
#1857 = PLANE ( 'NONE',  #5106 ) ;
#1858 = LINE ( 'NONE', #1197, #4665 ) ;
#1859 = ORIENTED_EDGE ( 'NONE', *, *, #5683, .T. ) ;
#1860 = LINE ( 'NONE', #3163, #7539 ) ;
#1861 = EDGE_CURVE ( 'NONE', #6891, #5926, #2550, .T. ) ;
#1862 = ORIENTED_EDGE ( 'NONE', *, *, #5616, .F. ) ;
#1863 = FACE_OUTER_BOUND ( 'NONE', #1017, .T. ) ;
#1864 = PLANE ( 'NONE',  #2602 ) ;
#1865 = CARTESIAN_POINT ( 'NONE',  ( 0.000000000000000000, 5.379999999999999893, 3.199999999999998845 ) ) ;
#1866 = DIRECTION ( 'NONE',  ( 1.000000000000000000, 0.000000000000000000, 0.000000000000000000 ) ) ;
#1867 = VERTEX_POINT ( 'NONE', #1 ) ;
#1868 = VERTEX_POINT ( 'NONE', #3804 ) ;
#1869 = CARTESIAN_POINT ( 'NONE',  ( 1.924999999999999600, 2.273782217350889923, 3.749999999999999556 ) ) ;
#1870 = ORIENTED_EDGE ( 'NONE', *, *, #845, .T. ) ;
#1871 =( REPRESENTATION_RELATIONSHIP ('NONE','NONE', #3360, #2520 ) REPRESENTATION_RELATIONSHIP_WITH_TRANSFORMATION ( #3829 )SHAPE_REPRESENTATION_RELATIONSHIP( ) );
#1872 = DIRECTION ( 'NONE',  ( 0.3868795754558335687, 0.7985882202808504138, -0.4610651239508122834 ) ) ;
#1873 = LINE ( 'NONE', #4292, #4538 ) ;
#1874 = CARTESIAN_POINT ( 'NONE',  ( -4.700000000000000178, 2.879999999999999893, 3.399999999999998579 ) ) ;
#1875 = ORIENTED_EDGE ( 'NONE', *, *, #312, .F. ) ;
#1876 = DIRECTION ( 'NONE',  ( 0.000000000000000000, -0.000000000000000000, -1.000000000000000000 ) ) ;
#1877 = ADVANCED_FACE ( 'NONE', ( #2516 ), #7482, .F. ) ;
#1878 = ORIENTED_EDGE ( 'NONE', *, *, #2643, .T. ) ;
#1879 = ORIENTED_EDGE ( 'NONE', *, *, #7167, .F. ) ;
#1880 = DIRECTION ( 'NONE',  ( -1.000000000000000000, 0.000000000000000000, 0.000000000000000000 ) ) ;
#1881 = CARTESIAN_POINT ( 'NONE',  ( 3.900000000000000355, 1.844405641844211852, 3.851878488843856641 ) ) ;
#1882 = PLANE ( 'NONE',  #6653 ) ;
#1883 = CARTESIAN_POINT ( 'NONE',  ( 4.500000000000000000, 0.4300000000000000488, 2.049999999999999822 ) ) ;
#1884 = DIRECTION ( 'NONE',  ( 0.000000000000000000, -1.000000000000000000, 0.000000000000000000 ) ) ;
#1885 = ORIENTED_EDGE ( 'NONE', *, *, #5364, .F. ) ;
#1886 = DIRECTION ( 'NONE',  ( 0.000000000000000000, 0.000000000000000000, -1.000000000000000000 ) ) ;
#1887 = EDGE_CURVE ( 'NONE', #2652, #7066, #691, .T. ) ;
#1888 = PLANE ( 'NONE',  #1921 ) ;
#1889 = ORIENTED_EDGE ( 'NONE', *, *, #4529, .F. ) ;
#1890 = DIRECTION ( 'NONE',  ( 1.000000000000000000, 0.000000000000000000, 0.000000000000000000 ) ) ;
#1891 = FACE_OUTER_BOUND ( 'NONE', #4824, .T. ) ;
#1892 = ORIENTED_EDGE ( 'NONE', *, *, #7160, .F. ) ;
#1893 = LINE ( 'NONE', #1234, #86 ) ;
#1894 = ADVANCED_FACE ( 'NONE', ( #6954 ), #1899, .F. ) ;
#1895 = VECTOR ( 'NONE', #7965, 1000.000000000000000 ) ;
#1896 = LINE ( 'NONE', #6798, #766 ) ;
#1897 = CARTESIAN_POINT ( 'NONE',  ( -5.249999999999998224, -0.5494168154509186941, -1.431969301908058658E-14 ) ) ;
#1898 = ADVANCED_FACE ( 'NONE', ( #5101 ), #146, .F. ) ;
#1899 = PLANE ( 'NONE',  #6322 ) ;
#1900 = EDGE_CURVE ( 'NONE', #557, #2922, #7616, .T. ) ;
#1901 = VERTEX_POINT ( 'NONE', #6923 ) ;
#1902 = AXIS2_PLACEMENT_3D ( 'NONE', #4515, #59, #771 ) ;
#1903 = CARTESIAN_POINT ( 'NONE',  ( 1.675000000000001155, 5.380000000000000782, 3.750000000000000000 ) ) ;
#1904 = AXIS2_PLACEMENT_3D ( 'NONE', #4739, #1585, #5834 ) ;
#1905 = ADVANCED_FACE ( 'NONE', ( #1322 ), #4487, .F. ) ;
#1906 = VERTEX_POINT ( 'NONE', #1400 ) ;
#1907 = VECTOR ( 'NONE', #3321, 1000.000000000000114 ) ;
#1908 = VECTOR ( 'NONE', #6247, 1000.000000000000000 ) ;
#1909 = EDGE_CURVE ( 'NONE', #3116, #761, #3876, .T. ) ;
#1910 = DIRECTION ( 'NONE',  ( 0.000000000000000000, -1.000000000000000000, 0.000000000000000000 ) ) ;
#1911 = ORIENTED_EDGE ( 'NONE', *, *, #950, .T. ) ;
#1912 = DIRECTION ( 'NONE',  ( 0.000000000000000000, -0.000000000000000000, -1.000000000000000000 ) ) ;
#1913 = VERTEX_POINT ( 'NONE', #781 ) ;
#1914 = EDGE_LOOP ( 'NONE', ( #5969, #593, #5719, #2617, #6324, #3475 ) ) ;
#1915 = VECTOR ( 'NONE', #3639, 1000.000000000000000 ) ;
#1916 = VECTOR ( 'NONE', #1044, 1000.000000000000000 ) ;
#1917 = ORIENTED_EDGE ( 'NONE', *, *, #7332, .F. ) ;
#1918 = DIRECTION ( 'NONE',  ( -1.000000000000000000, 0.000000000000000000, 0.000000000000000000 ) ) ;
#1919 = CARTESIAN_POINT ( 'NONE',  ( 0.000000000000000000, 0.4300000000000000488, 3.369999999999999662 ) ) ;
#1920 = CARTESIAN_POINT ( 'NONE',  ( -1.909999999999999698, 1.379999999999999671, 1.369999999999999662 ) ) ;
#1921 = AXIS2_PLACEMENT_3D ( 'NONE', #4388, #2344, #4839 ) ;
#1922 = LINE ( 'NONE', #4424, #3465 ) ;
#1923 = ORIENTED_EDGE ( 'NONE', *, *, #4810, .F. ) ;
#1924 = CARTESIAN_POINT ( 'NONE',  ( 5.306217782649109260, 2.273782217350889923, 3.749999999999999556 ) ) ;
#1925 = ORIENTED_EDGE ( 'NONE', *, *, #4718, .F. ) ;
#1926 = CARTESIAN_POINT ( 'NONE',  ( 5.500000000000000000, 0.1300000000000000600, 3.899999999999999911 ) ) ;
#1927 = VECTOR ( 'NONE', #5104, 1000.000000000000000 ) ;
#1928 = EDGE_CURVE ( 'NONE', #7895, #612, #6339, .T. ) ;
#1929 = ORIENTED_EDGE ( 'NONE', *, *, #4414, .T. ) ;
#1930 = AXIS2_PLACEMENT_3D ( 'NONE', #3697, #2363, #6148 ) ;
#1931 = DIRECTION ( 'NONE',  ( 0.000000000000000000, 0.000000000000000000, 1.000000000000000000 ) ) ;
#1932 = DIRECTION ( 'NONE',  ( 0.6427876096865392519, 0.000000000000000000, 0.7660444431189780135 ) ) ;
#1933 = LINE ( 'NONE', #4935, #1769 ) ;
#1934 = PLANE ( 'NONE',  #3774 ) ;
#1935 = ORIENTED_EDGE ( 'NONE', *, *, #6131, .T. ) ;
#1936 = DIRECTION ( 'NONE',  ( 1.000000000000000000, 0.000000000000000000, 0.000000000000000000 ) ) ;
#1937 = VECTOR ( 'NONE', #127, 1000.000000000000000 ) ;
#1938 = ADVANCED_FACE ( 'NONE', ( #5746 ), #114, .T. ) ;
#1939 = CARTESIAN_POINT ( 'NONE',  ( 3.900000000000000355, 2.879999999999999893, 1.405037386032898405 ) ) ;
#1940 = LINE ( 'NONE', #6922, #7567 ) ;
#1941 = DIRECTION ( 'NONE',  ( 0.000000000000000000, 0.000000000000000000, -1.000000000000000000 ) ) ;
#1942 = VERTEX_POINT ( 'NONE', #2016 ) ;
#1943 = VERTEX_POINT ( 'NONE', #4523 ) ;
#1944 = VECTOR ( 'NONE', #280, 1000.000000000000000 ) ;
#1945 = CARTESIAN_POINT ( 'NONE',  ( -4.500000000000000000, 2.200000000000001066, 3.899999999999999911 ) ) ;
#1946 = ORIENTED_EDGE ( 'NONE', *, *, #4562, .T. ) ;
#1947 = EDGE_CURVE ( 'NONE', #4278, #4240, #3915, .T. ) ;
#1948 = AXIS2_PLACEMENT_3D ( 'NONE', #1761, #7991, #7355 ) ;
#1949 = LINE ( 'NONE', #2022, #741 ) ;
#1950 = EDGE_CURVE ( 'NONE', #7170, #4828, #2110, .T. ) ;
#1951 = PLANE ( 'NONE',  #2690 ) ;
#1952 = VERTEX_POINT ( 'NONE', #4610 ) ;
#1953 = CARTESIAN_POINT ( 'NONE',  ( -1.909999999999999698, 1.379999999999999671, 1.369999999999999662 ) ) ;
#1954 = ORIENTED_EDGE ( 'NONE', *, *, #7045, .T. ) ;
#1955 = ORIENTED_EDGE ( 'NONE', *, *, #5880, .T. ) ;
#1956 = AXIS2_PLACEMENT_3D ( 'NONE', #7279, #481, #6669 ) ;
#1957 = AXIS2_PLACEMENT_3D ( 'NONE', #5922, #129, #7094 ) ;
#1958 = VERTEX_POINT ( 'NONE', #7074 ) ;
#1959 = EDGE_CURVE ( 'NONE', #612, #4335, #2714, .T. ) ;
#1960 = CARTESIAN_POINT ( 'NONE',  ( 0.000000000000000000, 0.4300000000000000488, 3.750000000000000000 ) ) ;
#1961 = DIRECTION ( 'NONE',  ( -0.000000000000000000, 0.000000000000000000, 1.000000000000000000 ) ) ;
#1962 = CYLINDRICAL_SURFACE ( 'NONE', #4400, 0.09999999999999993616 ) ;
#1963 = AXIS2_PLACEMENT_3D ( 'NONE', #2913, #5412, #5495 ) ;
#1964 = ORIENTED_EDGE ( 'NONE', *, *, #1993, .F. ) ;
#1965 = CARTESIAN_POINT ( 'NONE',  ( 3.299999999999999822, 0.1356428144323411078, -4.398121511156142915 ) ) ;
#1966 = ORIENTED_EDGE ( 'NONE', *, *, #3512, .F. ) ;
#1967 = DIRECTION ( 'NONE',  ( -0.000000000000000000, 1.000000000000000000, -0.000000000000000000 ) ) ;
#1968 = ORIENTED_EDGE ( 'NONE', *, *, #635, .F. ) ;
#1969 = VECTOR ( 'NONE', #7883, 1000.000000000000000 ) ;
#1970 = EDGE_LOOP ( 'NONE', ( #1286, #3806, #5766, #806, #1298, #794 ) ) ;
#1971 = DIRECTION ( 'NONE',  ( -1.000000000000000000, 0.000000000000000000, 0.000000000000000000 ) ) ;
#1972 = ORIENTED_EDGE ( 'NONE', *, *, #5349, .F. ) ;
#1973 = AXIS2_PLACEMENT_3D ( 'NONE', #1034, #3540, #1692 ) ;
#1974 = CARTESIAN_POINT ( 'NONE',  ( 0.4899999999999999911, 2.879999999999999893, 1.369999999999999662 ) ) ;
#1975 = FACE_OUTER_BOUND ( 'NONE', #3569, .T. ) ;
#1976 = EDGE_CURVE ( 'NONE', #1188, #6384, #3324, .T. ) ;
#1977 = ORIENTED_EDGE ( 'NONE', *, *, #5250, .T. ) ;
#1978 = CARTESIAN_POINT ( 'NONE',  ( -0.7499999999999997780, 5.379999999999999893, 2.600000000000000089 ) ) ;
#1979 = FACE_OUTER_BOUND ( 'NONE', #2671, .T. ) ;
#1980 = PLANE ( 'NONE',  #3820 ) ;
#1981 = DIRECTION ( 'NONE',  ( -0.000000000000000000, 1.000000000000000000, 1.363776317591828850E-16 ) ) ;
#1982 = ORIENTED_EDGE ( 'NONE', *, *, #6022, .F. ) ;
#1983 = ORIENTED_EDGE ( 'NONE', *, *, #2990, .T. ) ;
#1984 = CARTESIAN_POINT ( 'NONE',  ( -5.500000000000000000, 2.200000000000000178, 3.899999999999999467 ) ) ;
#1985 = EDGE_CURVE ( 'NONE', #1348, #5071, #7040, .T. ) ;
#1986 = CARTESIAN_POINT ( 'NONE',  ( 3.250000000000000444, 3.979999999999998206, 2.600000000000000089 ) ) ;
#1987 = LINE ( 'NONE', #241, #2465 ) ;
#1988 = LINE ( 'NONE', #4415, #1656 ) ;
#1989 = VERTEX_POINT ( 'NONE', #1444 ) ;
#1990 = FACE_OUTER_BOUND ( 'NONE', #4265, .T. ) ;
#1991 = ORIENTED_EDGE ( 'NONE', *, *, #6678, .T. ) ;
#1992 = ORIENTED_EDGE ( 'NONE', *, *, #2365, .T. ) ;
#1993 = EDGE_CURVE ( 'NONE', #56, #2099, #470, .T. ) ;
#1994 = DIRECTION ( 'NONE',  ( 0.000000000000000000, -0.4999999999999993894, -0.8660254037844390407 ) ) ;
#1995 = CARTESIAN_POINT ( 'NONE',  ( 0.8500000000000000888, 5.379999999999999893, 2.600000000000000089 ) ) ;
#1996 = CARTESIAN_POINT ( 'NONE',  ( 0.000000000000000000, 0.1300000000000000600, 0.000000000000000000 ) ) ;
#1997 = EDGE_CURVE ( 'NONE', #5083, #7405, #866, .T. ) ;
#1998 = ORIENTED_EDGE ( 'NONE', *, *, #7206, .F. ) ;
#1999 = EDGE_CURVE ( 'NONE', #7575, #6287, #4834, .T. ) ;
#2000 = CARTESIAN_POINT ( 'NONE',  ( 3.700000000000000178, 1.412288678607070969, 1.405037386032898850 ) ) ;
#2001 = ORIENTED_EDGE ( 'NONE', *, *, #8000, .F. ) ;
#2002 = DIRECTION ( 'NONE',  ( -0.000000000000000000, 0.000000000000000000, -1.000000000000000000 ) ) ;
#2003 = ORIENTED_EDGE ( 'NONE', *, *, #3201, .T. ) ;
#2004 = VERTEX_POINT ( 'NONE', #4182 ) ;
#2005 = LINE ( 'NONE', #7620, #1667 ) ;
#2006 = DIRECTION ( 'NONE',  ( 0.8529159227454317094, 0.000000000000000000, -0.5220483011439734922 ) ) ;
#2007 = CARTESIAN_POINT ( 'NONE',  ( -0.4499999999999999001, 1.835969349108944604, 3.600000000000000089 ) ) ;
#2008 = VERTEX_POINT ( 'NONE', #183 ) ;
#2009 = CARTESIAN_POINT ( 'NONE',  ( -1.250000000000000222, 1.835969349108944604, 3.600000000000000089 ) ) ;
#2010 = CARTESIAN_POINT ( 'NONE',  ( 5.500000000000000000, 3.880000000000002558, 3.100000000000000089 ) ) ;
#2011 = ORIENTED_EDGE ( 'NONE', *, *, #7442, .T. ) ;
#2012 = CARTESIAN_POINT ( 'NONE',  ( -5.500000000000000000, 3.880000000000002558, 3.100000000000000089 ) ) ;
#2013 = CARTESIAN_POINT ( 'NONE',  ( 5.500000000000000000, 2.200000000000000178, 3.899999999999999467 ) ) ;
#2014 = ADVANCED_FACE ( 'NONE', ( #7725 ), #5907, .F. ) ;
#2015 = DIRECTION ( 'NONE',  ( 0.000000000000000000, 0.000000000000000000, -1.000000000000000000 ) ) ;
#2016 = CARTESIAN_POINT ( 'NONE',  ( -4.799999999999997158, -0.7699999999999997957, 0.3126702650476411161 ) ) ;
#2017 = LINE ( 'NONE', #4570, #5171 ) ;
#2018 = ADVANCED_FACE ( 'NONE', ( #1722 ), #3374, .T. ) ;
#2019 = ORIENTED_EDGE ( 'NONE', *, *, #79, .T. ) ;
#2020 = VERTEX_POINT ( 'NONE', #2982 ) ;
#2021 = AXIS2_PLACEMENT_3D ( 'NONE', #138, #7106, #4604 ) ;
#2022 = CARTESIAN_POINT ( 'NONE',  ( -4.714708407725456851, -0.7699999999999997957, -0.6522048301143478222 ) ) ;
#2023 = EDGE_CURVE ( 'NONE', #6134, #4847, #6658, .T. ) ;
#2024 = CARTESIAN_POINT ( 'NONE',  ( 1.650000000000000133, 1.835969349108944604, 3.600000000000000089 ) ) ;
#2025 = VECTOR ( 'NONE', #8012, 1000.000000000000114 ) ;
#2026 = PLANE ( 'NONE',  #3882 ) ;
#2027 = ORIENTED_EDGE ( 'NONE', *, *, #6936, .T. ) ;
#2028 = VECTOR ( 'NONE', #3541, 1000.000000000000114 ) ;
#2029 = DIRECTION ( 'NONE',  ( 1.000000000000000000, 0.000000000000000000, 0.000000000000000000 ) ) ;
#2030 = VERTEX_POINT ( 'NONE', #7115 ) ;
#2031 = ORIENTED_EDGE ( 'NONE', *, *, #2083, .T. ) ;
#2032 = ORIENTED_EDGE ( 'NONE', *, *, #5114, .F. ) ;
#2033 = EDGE_LOOP ( 'NONE', ( #2503, #3693, #3616, #5778 ) ) ;
#2034 = CARTESIAN_POINT ( 'NONE',  ( 1.289999999999999813, 2.879999999999999893, 1.369999999999999662 ) ) ;
#2035 = AXIS2_PLACEMENT_3D ( 'NONE', #202, #7701, #883 ) ;
#2036 = CIRCLE ( 'NONE', #4922, 0.1000000000000001582 ) ;
#2037 = FACE_OUTER_BOUND ( 'NONE', #6651, .T. ) ;
#2038 = CARTESIAN_POINT ( 'NONE',  ( -1.909999999999999698, 3.548505796534330958, 3.553360657221955154 ) ) ;
#2039 = EDGE_CURVE ( 'NONE', #7523, #4686, #272, .T. ) ;
#2040 = PLANE ( 'NONE',  #592 ) ;
#2041 = CARTESIAN_POINT ( 'NONE',  ( 0.05000000000000012768, 1.835969349108944604, 2.600000000000000089 ) ) ;
#2042 = ORIENTED_EDGE ( 'NONE', *, *, #4360, .F. ) ;
#2043 = VECTOR ( 'NONE', #5264, 1000.000000000000000 ) ;
#2044 = DIRECTION ( 'NONE',  ( 1.000000000000000000, -0.000000000000000000, -0.000000000000000000 ) ) ;
#2045 = CIRCLE ( 'NONE', #7393, 0.5000000000000004441 ) ;
#2046 = ORIENTED_EDGE ( 'NONE', *, *, #1677, .F. ) ;
#2047 = PLANE ( 'NONE',  #5836 ) ;
#2048 = VERTEX_POINT ( 'NONE', #4220 ) ;
#2049 = LINE ( 'NONE', #7668, #6231 ) ;
#2050 = ADVANCED_FACE ( 'NONE', ( #5296 ), #7765, .F. ) ;
#2051 = AXIS2_PLACEMENT_3D ( 'NONE', #1179, #6740, #4882 ) ;
#2052 = AXIS2_PLACEMENT_3D ( 'NONE', #2632, #5136, #7598 ) ;
#2053 = FACE_OUTER_BOUND ( 'NONE', #7017, .T. ) ;
#2054 = EDGE_CURVE ( 'NONE', #811, #4679, #4689, .T. ) ;
#2055 = ORIENTED_EDGE ( 'NONE', *, *, #5553, .T. ) ;
#2056 = LINE ( 'NONE', #2784, #7544 ) ;
#2057 = DIRECTION ( 'NONE',  ( 1.000000000000000000, -0.000000000000000000, -0.000000000000000000 ) ) ;
#2058 = CARTESIAN_POINT ( 'NONE',  ( -3.650000000000000355, 3.979999999999999094, 3.199999999999998845 ) ) ;
#2059 = VECTOR ( 'NONE', #2224, 1000.000000000000000 ) ;
#2060 = ORIENTED_EDGE ( 'NONE', *, *, #5526, .T. ) ;
#2061 = CARTESIAN_POINT ( 'NONE',  ( -0.7499999999999997780, 5.379999999999999893, 2.600000000000000089 ) ) ;
#2062 = EDGE_CURVE ( 'NONE', #3386, #4686, #6047, .T. ) ;
#2063 = EDGE_LOOP ( 'NONE', ( #2155, #2930, #4669, #1107 ) ) ;
#2064 = PLANE ( 'NONE',  #639 ) ;
#2065 = AXIS2_PLACEMENT_3D ( 'NONE', #1022, #3567, #3527 ) ;
#2066 = DIRECTION ( 'NONE',  ( 1.000000000000000000, 0.000000000000000000, 0.000000000000000000 ) ) ;
#2067 = CARTESIAN_POINT ( 'NONE',  ( 0.7100000000000000755, 2.879999999999999893, 1.369999999999999662 ) ) ;
#2068 = DIRECTION ( 'NONE',  ( -1.000000000000000000, 0.000000000000000000, 0.000000000000000000 ) ) ;
#2069 = LINE ( 'NONE', #2531, #8029 ) ;
#2070 = CARTESIAN_POINT ( 'NONE',  ( -5.049999999999998046, 0.3300000000000001266, -5.421010862427522170E-17 ) ) ;
#2071 = ORIENTED_EDGE ( 'NONE', *, *, #4584, .T. ) ;
#2072 = DIRECTION ( 'NONE',  ( 1.000000000000000000, 0.000000000000000000, 0.000000000000000000 ) ) ;
#2073 = AXIS2_PLACEMENT_3D ( 'NONE', #3161, #2507, #5016 ) ;
#2074 = EDGE_CURVE ( 'NONE', #2262, #4089, #1098, .T. ) ;
#2075 = DIRECTION ( 'NONE',  ( 1.000000000000000000, 0.000000000000000000, 0.000000000000000000 ) ) ;
#2076 = AXIS2_PLACEMENT_3D ( 'NONE', #6392, #4494, #790 ) ;
#2077 = DIRECTION ( 'NONE',  ( -1.000000000000000000, 0.000000000000000000, 0.000000000000000000 ) ) ;
#2078 = EDGE_LOOP ( 'NONE', ( #588, #5125, #5445, #7574 ) ) ;
#2079 = CARTESIAN_POINT ( 'NONE',  ( 1.098313823635222120, 0.4300000000000000488, 0.9215947243292231805 ) ) ;
#2080 = ORIENTED_EDGE ( 'NONE', *, *, #2859, .T. ) ;
#2081 = ORIENTED_EDGE ( 'NONE', *, *, #398, .T. ) ;
#2082 = VERTEX_POINT ( 'NONE', #2067 ) ;
#2083 = EDGE_CURVE ( 'NONE', #6693, #2703, #4569, .T. ) ;
#2084 = AXIS2_PLACEMENT_3D ( 'NONE', #6660, #6568, #7313 ) ;
#2085 = CARTESIAN_POINT ( 'NONE',  ( -0.4499999999999999001, 5.379999999999999893, 3.199999999999998845 ) ) ;
#2086 = CARTESIAN_POINT ( 'NONE',  ( -2.049999999999999822, 4.380000000000001670, 3.600000000000000089 ) ) ;
#2087 = LINE ( 'NONE', #7056, #5856 ) ;
#2088 = ORIENTED_EDGE ( 'NONE', *, *, #3713, .F. ) ;
#2089 = VECTOR ( 'NONE', #7140, 1000.000000000000000 ) ;
#2090 = CARTESIAN_POINT ( 'NONE',  ( -5.500000000000000000, 2.200000000000000178, 3.899999999999999467 ) ) ;
#2091 = VERTEX_POINT ( 'NONE', #513 ) ;
#2092 = ORIENTED_EDGE ( 'NONE', *, *, #2505, .T. ) ;
#2093 = DIRECTION ( 'NONE',  ( 0.000000000000000000, 0.000000000000000000, -1.000000000000000000 ) ) ;
#2094 = VERTEX_POINT ( 'NONE', #3030 ) ;
#2095 = ADVANCED_FACE ( 'NONE', ( #5651 ), #5528, .F. ) ;
#2096 = LINE ( 'NONE', #2619, #4029 ) ;
#2097 = AXIS2_PLACEMENT_3D ( 'NONE', #5864, #2108, #5295 ) ;
#2098 = LINE ( 'NONE', #6368, #2609 ) ;
#2099 = VERTEX_POINT ( 'NONE', #7989 ) ;
#2100 = LINE ( 'NONE', #4602, #623 ) ;
#2101 = CARTESIAN_POINT ( 'NONE',  ( -0.4750000000000001443, 0.4300000000000007150, 3.750000000000000000 ) ) ;
#2102 = PLANE ( 'NONE',  #2021 ) ;
#2103 = DIRECTION ( 'NONE',  ( 1.000000000000000000, 0.000000000000000000, 0.000000000000000000 ) ) ;
#2104 = VECTOR ( 'NONE', #1559, 1000.000000000000114 ) ;
#2105 = ORIENTED_EDGE ( 'NONE', *, *, #321, .F. ) ;
#2106 = DIRECTION ( 'NONE',  ( -0.000000000000000000, 0.000000000000000000, 1.000000000000000000 ) ) ;
#2107 = EDGE_CURVE ( 'NONE', #6265, #5282, #4918, .T. ) ;
#2108 = DIRECTION ( 'NONE',  ( 0.000000000000000000, 0.000000000000000000, -1.000000000000000000 ) ) ;
#2109 = PRESENTATION_LAYER_ASSIGNMENT (  '', '', ( #3546 ) ) ;
#2110 = LINE ( 'NONE', #3953, #575 ) ;
#2111 = DIRECTION ( 'NONE',  ( 0.000000000000000000, 1.000000000000000000, 1.363776317591828850E-16 ) ) ;
#2112 = CARTESIAN_POINT ( 'NONE',  ( -4.799999999999991829, -0.5677951698856054108, -0.6999999999999506617 ) ) ;
#2113 = DIRECTION ( 'NONE',  ( -0.000000000000000000, 1.000000000000000000, -0.000000000000000000 ) ) ;
#2114 = EDGE_CURVE ( 'NONE', #6462, #2091, #7395, .T. ) ;
#2115 = VERTEX_POINT ( 'NONE', #3652 ) ;
#2116 = CARTESIAN_POINT ( 'NONE',  ( 5.500000000000000000, 5.379999999999999893, 3.899999999999999911 ) ) ;
#2117 = DIRECTION ( 'NONE',  ( -0.6427876096865392519, 0.000000000000000000, -0.7660444431189780135 ) ) ;
#2118 = EDGE_LOOP ( 'NONE', ( #7958, #4929, #92, #7276 ) ) ;
#2119 = DIRECTION ( 'NONE',  ( 0.000000000000000000, 1.000000000000000000, 0.000000000000000000 ) ) ;
#2120 = VERTEX_POINT ( 'NONE', #1305 ) ;
#2121 = EDGE_LOOP ( 'NONE', ( #775, #6528, #4386, #4310 ) ) ;
#2122 = CARTESIAN_POINT ( 'NONE',  ( 4.500000000000000000, 0.1300000000000000600, -3.799999999999998934 ) ) ;
#2123 = PLANE ( 'NONE',  #6208 ) ;
#2124 = FACE_OUTER_BOUND ( 'NONE', #3975, .T. ) ;
#2125 = DIRECTION ( 'NONE',  ( -1.000000000000000000, 0.000000000000000000, 0.000000000000000000 ) ) ;
#2127 = ADVANCED_FACE ( 'NONE', ( #6284 ), #7951, .F. ) ;
#2126 = LINE ( 'NONE', #7613, #4163 ) ;
#2128 = EDGE_LOOP ( 'NONE', ( #5167, #1015, #5332, #6108 ) ) ;
#2129 = DIRECTION ( 'NONE',  ( 0.000000000000000000, 0.000000000000000000, -1.000000000000000000 ) ) ;
#2130 = VERTEX_POINT ( 'NONE', #1808 ) ;
#2131 = ORIENTED_EDGE ( 'NONE', *, *, #2114, .T. ) ;
#2132 = CARTESIAN_POINT ( 'NONE',  ( 2.089999999999999858, 1.379999999999999671, 3.369999999999999662 ) ) ;
#2133 = ORIENTED_EDGE ( 'NONE', *, *, #1323, .T. ) ;
#2134 = CARTESIAN_POINT ( 'NONE',  ( -1.689999999999999725, 0.4300000000000007150, 3.553360657221955154 ) ) ;
#2135 = ORIENTED_EDGE ( 'NONE', *, *, #3507, .F. ) ;
#2136 =( NAMED_UNIT ( * ) SI_UNIT ( $, .STERADIAN. ) SOLID_ANGLE_UNIT ( ) );
#2137 = LINE ( 'NONE', #2181, #7761 ) ;
#2138 = DIRECTION ( 'NONE',  ( 1.000000000000000000, 0.000000000000000000, 0.000000000000000000 ) ) ;
#2139 = PRODUCT_DEFINITION_SHAPE ( 'NONE', 'NONE',  #4411 ) ;
#2140 = VERTEX_POINT ( 'NONE', #6782 ) ;
#2141 = CARTESIAN_POINT ( 'NONE',  ( -5.500000000000000000, 5.380000000000001670, 3.600000000000000089 ) ) ;
#2142 = ORIENTED_EDGE ( 'NONE', *, *, #7342, .T. ) ;
#2143 = CARTESIAN_POINT ( 'NONE',  ( -3.510000000000000675, 3.548505796534330958, 3.369999999999999662 ) ) ;
#2144 = ADVANCED_FACE ( 'NONE', ( #6857 ), #6818, .T. ) ;
#2145 = DIRECTION ( 'NONE',  ( 1.000000000000000000, 0.000000000000000000, -0.000000000000000000 ) ) ;
#2146 = FILL_AREA_STYLE_COLOUR ( '', #1364 ) ;
#2147 = ORIENTED_EDGE ( 'NONE', *, *, #5555, .F. ) ;
#2148 = ORIENTED_EDGE ( 'NONE', *, *, #1746, .T. ) ;
#2149 = EDGE_CURVE ( 'NONE', #2575, #5867, #4877, .T. ) ;
#2150 = CARTESIAN_POINT ( 'NONE',  ( 3.700000000000000178, 1.937312807731383035, 3.788868467578828447 ) ) ;
#2151 = DIRECTION ( 'NONE',  ( 0.000000000000000000, 0.000000000000000000, 1.000000000000000000 ) ) ;
#2152 = ADVANCED_FACE ( 'NONE', ( #6250 ), #1187, .F. ) ;
#2153 = EDGE_CURVE ( 'NONE', #2845, #4620, #7432, .T. ) ;
#2154 = DIRECTION ( 'NONE',  ( -1.000000000000000000, 0.000000000000000000, -0.000000000000000000 ) ) ;
#2155 = ORIENTED_EDGE ( 'NONE', *, *, #7220, .T. ) ;
#2156 = CARTESIAN_POINT ( 'NONE',  ( 3.524999999999999911, 0.4300000000000007150, 3.750000000000000000 ) ) ;
#2157 = EDGE_CURVE ( 'NONE', #3661, #7663, #1226, .T. ) ;
#2158 = ORIENTED_EDGE ( 'NONE', *, *, #4962, .T. ) ;
#2159 = EDGE_CURVE ( 'NONE', #7066, #1606, #5004, .T. ) ;
#2160 = ORIENTED_EDGE ( 'NONE', *, *, #5845, .T. ) ;
#2161 = ORIENTED_EDGE ( 'NONE', *, *, #4504, .T. ) ;
#2162 = EDGE_CURVE ( 'NONE', #7642, #1463, #601, .T. ) ;
#2163 = CARTESIAN_POINT ( 'NONE',  ( -0.4499999999999999001, 3.979999999999999094, -2.250000000000001332 ) ) ;
#2164 = VECTOR ( 'NONE', #2716, 1000.000000000000000 ) ;
#2165 = DIRECTION ( 'NONE',  ( 0.000000000000000000, 0.000000000000000000, -1.000000000000000000 ) ) ;
#2166 = DIRECTION ( 'NONE',  ( -0.000000000000000000, -1.000000000000000000, -0.000000000000000000 ) ) ;
#2167 = EDGE_LOOP ( 'NONE', ( #1911, #6079, #3059, #1497 ) ) ;
#2168 = CARTESIAN_POINT ( 'NONE',  ( -0.08999999999999980238, 1.379999999999999671, 1.369999999999999662 ) ) ;
#2169 = ORIENTED_EDGE ( 'NONE', *, *, #3587, .T. ) ;
#2170 = AXIS2_PLACEMENT_3D ( 'NONE', #2605, #6935, #5648 ) ;
#2171 = DIRECTION ( 'NONE',  ( -0.000000000000000000, 0.8660254037844389297, -0.4999999999999993339 ) ) ;
#2172 = VECTOR ( 'NONE', #5078, 1000.000000000000000 ) ;
#2173 = ORIENTED_EDGE ( 'NONE', *, *, #3194, .F. ) ;
#2174 = EDGE_CURVE ( 'NONE', #7996, #5028, #17, .T. ) ;
#2175 = CARTESIAN_POINT ( 'NONE',  ( -0.4499999999999999001, 1.835969349108944604, 2.600000000000000089 ) ) ;
#2176 = CARTESIAN_POINT ( 'NONE',  ( 0.4899999999999999911, 1.379999999999999671, 1.369999999999999662 ) ) ;
#2177 = VECTOR ( 'NONE', #1747, 1000.000000000000000 ) ;
#2178 = VECTOR ( 'NONE', #385, 1000.000000000000000 ) ;
#2179 = ORIENTED_EDGE ( 'NONE', *, *, #2936, .F. ) ;
#2180 = PLANE ( 'NONE',  #7027 ) ;
#2181 = CARTESIAN_POINT ( 'NONE',  ( 3.910000000000000142, 3.548505796534330958, 3.369999999999999662 ) ) ;
#2182 = CARTESIAN_POINT ( 'NONE',  ( 1.650000000000000355, 3.979999999999999094, 3.199999999999998845 ) ) ;
#2183 = VECTOR ( 'NONE', #3035, 1000.000000000000000 ) ;
#2184 = VECTOR ( 'NONE', #7288, 1000.000000000000000 ) ;
#2185 = VERTEX_POINT ( 'NONE', #7503 ) ;
#2186 = EDGE_CURVE ( 'NONE', #2598, #4828, #1922, .T. ) ;
#2187 = VERTEX_POINT ( 'NONE', #3011 ) ;
#2188 = DIRECTION ( 'NONE',  ( 1.000000000000000000, 0.000000000000000000, 0.000000000000000000 ) ) ;
#2189 = SHAPE_REPRESENTATION_RELATIONSHIP ( 'NONE' , 'NONE' ,  #6422, #258 ) ;
#2190 = DIRECTION ( 'NONE',  ( -0.000000000000000000, 0.000000000000000000, -1.000000000000000000 ) ) ;
#2191 = DIRECTION ( 'NONE',  ( 1.144344205099612874E-16, 1.000000000000000000, 1.363776317591828850E-16 ) ) ;
#2192 = VECTOR ( 'NONE', #4374, 1000.000000000000000 ) ;
#2193 = DIRECTION ( 'NONE',  ( -1.000000000000000000, 0.000000000000000000, 0.000000000000000000 ) ) ;
#2194 = EDGE_CURVE ( 'NONE', #2488, #4686, #5635, .T. ) ;
#2195 = CIRCLE ( 'NONE', #3104, 0.1000000000000002554 ) ;
#2196 = DIRECTION ( 'NONE',  ( 1.000000000000000000, -0.000000000000000000, -0.000000000000000000 ) ) ;
#2197 = DIRECTION ( 'NONE',  ( 0.000000000000000000, 0.000000000000000000, -1.000000000000000000 ) ) ;
#2198 = VERTEX_POINT ( 'NONE', #3677 ) ;
#2199 = CARTESIAN_POINT ( 'NONE',  ( -0.3941249170350640263, 0.4300000000000000488, 0.3307100725218983239 ) ) ;
#2200 = VERTEX_POINT ( 'NONE', #534 ) ;
#2201 = VECTOR ( 'NONE', #5527, 1000.000000000000000 ) ;
#2202 = EDGE_LOOP ( 'NONE', ( #4170, #3615, #4780, #5774, #5463, #3508 ) ) ;
#2203 = LINE ( 'NONE', #248, #6328 ) ;
#2204 = EDGE_CURVE ( 'NONE', #660, #3887, #7453, .T. ) ;
#2205 = VECTOR ( 'NONE', #2151, 1000.000000000000000 ) ;
#2206 = CARTESIAN_POINT ( 'NONE',  ( 3.700000000000000178, 1.412288678607071191, 3.601878488843856196 ) ) ;
#2207 = CARTESIAN_POINT ( 'NONE',  ( -4.700000000000000178, 2.879999999999999893, 3.399999999999998579 ) ) ;
#2208 = DIRECTION ( 'NONE',  ( 0.000000000000000000, -1.000000000000000000, 8.870745047608683668E-16 ) ) ;
#2209 = DIRECTION ( 'NONE',  ( -0.000000000000000000, -0.7071067811865474617, 0.7071067811865474617 ) ) ;
#2210 = EDGE_LOOP ( 'NONE', ( #6416, #7679, #4462, #3208 ) ) ;
#2211 = PLANE ( 'NONE',  #6258 ) ;
#2212 = ORIENTED_EDGE ( 'NONE', *, *, #312, .T. ) ;
#2213 = ADVANCED_FACE ( 'NONE', ( #2442 ), #2318, .T. ) ;
#2214 = VECTOR ( 'NONE', #4340, 1000.000000000000000 ) ;
#2215 = CARTESIAN_POINT ( 'NONE',  ( 0.4710893861801356830, 4.758867746445688773, 2.315235200817876038 ) ) ;
#2216 = VERTEX_POINT ( 'NONE', #1832 ) ;
#2217 = LINE ( 'NONE', #3442, #647 ) ;
#2218 = VECTOR ( 'NONE', #1602, 1000.000000000000114 ) ;
#2219 = DIRECTION ( 'NONE',  ( 1.000000000000000000, 0.000000000000000000, -0.000000000000000000 ) ) ;
#2220 = ORIENTED_EDGE ( 'NONE', *, *, #7413, .T. ) ;
#2221 = FILL_AREA_STYLE_COLOUR ( '', #8068 ) ;
#2222 = DIRECTION ( 'NONE',  ( 0.000000000000000000, 0.000000000000000000, 1.000000000000000000 ) ) ;
#2223 = FACE_OUTER_BOUND ( 'NONE', #201, .T. ) ;
#2224 = DIRECTION ( 'NONE',  ( 0.000000000000000000, -1.000000000000000000, 0.000000000000000000 ) ) ;
#2225 = VECTOR ( 'NONE', #6103, 1000.000000000000227 ) ;
#2226 = ORIENTED_EDGE ( 'NONE', *, *, #1323, .F. ) ;
#2227 = LINE ( 'NONE', #6572, #4404 ) ;
#2228 = ORIENTED_EDGE ( 'NONE', *, *, #807, .T. ) ;
#2229 = DIRECTION ( 'NONE',  ( -0.000000000000000000, -0.8660254037844389297, 0.4999999999999993339 ) ) ;
#2230 = SURFACE_SIDE_STYLE ('',( #2757 ) ) ;
#2231 = CARTESIAN_POINT ( 'NONE',  ( -4.500000000000000000, 0.4300000000000000488, -4.000000000000000888 ) ) ;
#2232 = AXIS2_PLACEMENT_3D ( 'NONE', #5286, #1387, #259 ) ;
#2233 = DIRECTION ( 'NONE',  ( -3.438809429294320598E-15, 0.4627814220463086214, 0.8864724222494438921 ) ) ;
#2234 = EDGE_CURVE ( 'NONE', #2099, #132, #3720, .T. ) ;
#2235 = LINE ( 'NONE', #4805, #5808 ) ;
#2236 = VECTOR ( 'NONE', #2701, 1000.000000000000114 ) ;
#2237 = CARTESIAN_POINT ( 'NONE',  ( -4.700000000000000178, 3.979999999999999094, 3.199999999999998845 ) ) ;
#2238 = CARTESIAN_POINT ( 'NONE',  ( -3.650000000000000355, 5.379999999999999893, 3.199999999999998845 ) ) ;
#2239 = CARTESIAN_POINT ( 'NONE',  ( 0.4899999999999999911, 2.879999999999999893, 1.369999999999999662 ) ) ;
#2240 = EDGE_LOOP ( 'NONE', ( #3003, #6802, #6094, #2818, #894, #6858, #6929, #5619, #3835, #4129, #7024, #27, #4582, #2423, #6335, #1515, #2783 ) ) ;
#2241 = ORIENTED_EDGE ( 'NONE', *, *, #6867, .T. ) ;
#2242 = CARTESIAN_POINT ( 'NONE',  ( 3.299999999999999822, 0.3939045651229473033, -3.798121511156143715 ) ) ;
#2243 = CARTESIAN_POINT ( 'NONE',  ( 3.299999999999999822, 0.1000000000000000056, -3.598121511156143537 ) ) ;
#2244 = LINE ( 'NONE', #1546, #2692 ) ;
#2245 = FACE_OUTER_BOUND ( 'NONE', #7361, .T. ) ;
#2246 = LINE ( 'NONE', #1626, #2844 ) ;
#2247 = EDGE_LOOP ( 'NONE', ( #6697, #2448, #6812, #5837 ) ) ;
#2248 = CARTESIAN_POINT ( 'NONE',  ( -4.049999999999999822, 0.1300000000000000600, -2.250000000000000000 ) ) ;
#2249 = ORIENTED_EDGE ( 'NONE', *, *, #3593, .F. ) ;
#2250 = EDGE_CURVE ( 'NONE', #451, #3929, #4366, .T. ) ;
#2251 = DIRECTION ( 'NONE',  ( 0.000000000000000000, -1.000000000000000000, 0.000000000000000000 ) ) ;
#2252 = ORIENTED_EDGE ( 'NONE', *, *, #487, .F. ) ;
#2253 = ADVANCED_FACE ( 'NONE', ( #5541 ), #399, .F. ) ;
#2254 = DIRECTION ( 'NONE',  ( -1.000000000000000000, 0.000000000000000000, -0.000000000000000000 ) ) ;
#2255 = FACE_OUTER_BOUND ( 'NONE', #843, .T. ) ;
#2256 = ORIENTED_EDGE ( 'NONE', *, *, #579, .F. ) ;
#2257 = CARTESIAN_POINT ( 'NONE',  ( -5.500000000000000000, 5.380000000000001670, 3.600000000000000089 ) ) ;
#2258 = DIRECTION ( 'NONE',  ( -1.000000000000000000, 0.000000000000000000, 0.000000000000000000 ) ) ;
#2259 = ORIENTED_EDGE ( 'NONE', *, *, #3845, .T. ) ;
#2260 = CARTESIAN_POINT ( 'NONE',  ( 3.910000000000000142, 1.379999999999999671, 1.369999999999999662 ) ) ;
#2261 =( BOUNDED_CURVE ( )  B_SPLINE_CURVE ( 3, ( #4442, #8059, #3716, #614 ),
 .UNSPECIFIED., .F., .T. ) 
 B_SPLINE_CURVE_WITH_KNOTS ( ( 4, 4 ),
 ( -1.509903313490212895E-14, 0.5492507181840147190 ),
 .UNSPECIFIED. ) 
 CURVE ( )  GEOMETRIC_REPRESENTATION_ITEM ( )  RATIONAL_B_SPLINE_CURVE ( ( 1.000000000000000000, 0.9750179084505977700, 0.9750179084505977700, 1.000000000000000000 ) ) 
 REPRESENTATION_ITEM ( '' )  );
#2262 = VERTEX_POINT ( 'NONE', #5502 ) ;
#2263 = CARTESIAN_POINT ( 'NONE',  ( 0.8500000000000000888, 4.980000000000000426, 3.600000000000000089 ) ) ;
#2264 = DIRECTION ( 'NONE',  ( 0.5220483011439890353, 0.000000000000000000, -0.8529159227454221615 ) ) ;
#2265 = ADVANCED_FACE ( 'NONE', ( #7326 ), #1078, .T. ) ;
#2266 = CARTESIAN_POINT ( 'NONE',  ( 5.500000000000000000, 5.379999999999999893, 3.100000000000000089 ) ) ;
#2267 = FACE_OUTER_BOUND ( 'NONE', #4754, .T. ) ;
#2268 = DIRECTION ( 'NONE',  ( -0.000000000000000000, 1.000000000000000000, -0.000000000000000000 ) ) ;
#2269 = EDGE_CURVE ( 'NONE', #3170, #5083, #4321, .T. ) ;
#2270 = DIRECTION ( 'NONE',  ( 0.000000000000000000, -0.9935718556765883447, 0.1132032137678997269 ) ) ;
#2271 = ADVANCED_FACE ( 'NONE', ( #1200 ), #4850, .F. ) ;
#2272 = CARTESIAN_POINT ( 'NONE',  ( -0.3099999999999999423, 1.379999999999999671, 3.369999999999999662 ) ) ;
#2273 = ORIENTED_EDGE ( 'NONE', *, *, #2751, .F. ) ;
#2274 = ORIENTED_EDGE ( 'NONE', *, *, #5381, .T. ) ;
#2275 = LINE ( 'NONE', #1786, #3617 ) ;
#2276 = ADVANCED_FACE ( 'NONE', ( #3543 ), #6020, .T. ) ;
#2277 = LINE ( 'NONE', #2163, #6590 ) ;
#2278 = DIRECTION ( 'NONE',  ( 0.000000000000000000, 0.000000000000000000, 1.000000000000000000 ) ) ;
#2279 = LINE ( 'NONE', #5884, #2440 ) ;
#2280 = DIRECTION ( 'NONE',  ( 1.000000000000000000, 0.000000000000000000, 0.000000000000000000 ) ) ;
#2281 = VERTEX_POINT ( 'NONE', #7629 ) ;
#2282 =( REPRESENTATION_RELATIONSHIP ('NONE','NONE', #3360, #2520 ) REPRESENTATION_RELATIONSHIP_WITH_TRANSFORMATION ( #7588 )SHAPE_REPRESENTATION_RELATIONSHIP( ) );
#2283 = CARTESIAN_POINT ( 'NONE',  ( 3.689999999999999947, 2.879999999999999893, 1.369999999999999662 ) ) ;
#2284 = ORIENTED_EDGE ( 'NONE', *, *, #4652, .F. ) ;
#2285 = LINE ( 'NONE', #2215, #6741 ) ;
#2286 = ORIENTED_EDGE ( 'NONE', *, *, #2839, .T. ) ;
#2287 = VECTOR ( 'NONE', #1401, 1000.000000000000000 ) ;
#2288 = ADVANCED_FACE ( 'NONE', ( #4437 ), #6913, .T. ) ;
#2289 = DIRECTION ( 'NONE',  ( -0.000000000000000000, -0.000000000000000000, 1.000000000000000000 ) ) ;
#2290 = DIRECTION ( 'NONE',  ( -1.000000000000000000, 0.000000000000000000, 0.000000000000000000 ) ) ;
#2291 = CARTESIAN_POINT ( 'NONE',  ( 4.075000000000000178, 2.273782217350890367, 3.750000000000000000 ) ) ;
#2292 = ORIENTED_EDGE ( 'NONE', *, *, #288, .F. ) ;
#2293 = VECTOR ( 'NONE', #3568, 1000.000000000000000 ) ;
#2294 = LINE ( 'NONE', #3529, #4702 ) ;
#2295 = AXIS2_PLACEMENT_3D ( 'NONE', #5407, #7869, #4881 ) ;
#2296 = ORIENTED_EDGE ( 'NONE', *, *, #2629, .F. ) ;
#2297 = PLANE ( 'NONE',  #2673 ) ;
#2298 = FACE_OUTER_BOUND ( 'NONE', #7088, .T. ) ;
#2299 = ADVANCED_FACE ( 'NONE', ( #5093 ), #3240, .T. ) ;
#2300 = ORIENTED_EDGE ( 'NONE', *, *, #1861, .F. ) ;
#2301 = CARTESIAN_POINT ( 'NONE',  ( 3.689999999999999947, 0.4300000000000007150, 3.553360657221955154 ) ) ;
#2302 = VERTEX_POINT ( 'NONE', #222 ) ;
#2303 = AXIS2_PLACEMENT_3D ( 'NONE', #3464, #5953, #331 ) ;
#2304 = VECTOR ( 'NONE', #5287, 1000.000000000000000 ) ;
#2305 = EDGE_CURVE ( 'NONE', #6974, #7219, #3947, .T. ) ;
#2306 = FACE_OUTER_BOUND ( 'NONE', #1293, .T. ) ;
#2307 = DIRECTION ( 'NONE',  ( 0.000000000000000000, 0.000000000000000000, 1.000000000000000000 ) ) ;
#2308 = DIRECTION ( 'NONE',  ( 1.000000000000000000, 0.000000000000000000, 0.000000000000000000 ) ) ;
#2309 = CARTESIAN_POINT ( 'NONE',  ( -5.500000000000000000, 0.3300000000000001266, -2.250000000000000000 ) ) ;
#2310 = VECTOR ( 'NONE', #7705, 1000.000000000000000 ) ;
#2311 = VECTOR ( 'NONE', #195, 1000.000000000000000 ) ;
#2312 = APPLICATION_PROTOCOL_DEFINITION ( 'draft international standard', 'automotive_design', 1998, #7847 ) ;
#2313 = ADVANCED_FACE ( 'NONE', ( #4639 ), #5334, .T. ) ;
#2314 = LINE ( 'NONE', #7333, #99 ) ;
#2315 = VECTOR ( 'NONE', #3614, 1000.000000000000000 ) ;
#2316 = CARTESIAN_POINT ( 'NONE',  ( 4.700000000000000178, 3.880000000000002558, 3.100000000000000089 ) ) ;
#2317 = CARTESIAN_POINT ( 'NONE',  ( -5.500000000000000000, 5.379999999999999893, -4.000000000000000888 ) ) ;
#2318 = PLANE ( 'NONE',  #4540 ) ;
#2319 = ORIENTED_EDGE ( 'NONE', *, *, #1887, .F. ) ;
#2320 = CIRCLE ( 'NONE', #3368, 0.6999999999999997335 ) ;
#2321 = EDGE_CURVE ( 'NONE', #717, #5962, #5899, .T. ) ;
#2322 = EDGE_LOOP ( 'NONE', ( #2810, #6970, #2657, #266, #7154, #1717 ) ) ;
#2323 = CARTESIAN_POINT ( 'NONE',  ( 2.310000000000000497, 2.879999999999999893, 1.369999999999999662 ) ) ;
#2324 = AXIS2_PLACEMENT_3D ( 'NONE', #3683, #7977, #4904 ) ;
#2325 = DIRECTION ( 'NONE',  ( -0.000000000000000000, -0.7071067811865489050, -0.7071067811865460184 ) ) ;
#2326 = ORIENTED_EDGE ( 'NONE', *, *, #3845, .F. ) ;
#2327 = CARTESIAN_POINT ( 'NONE',  ( 0.7100000000000000755, 0.4300000000000007150, 3.369999999999999662 ) ) ;
#2328 = EDGE_CURVE ( 'NONE', #7654, #4898, #5291, .T. ) ;
#2329 = ORIENTED_EDGE ( 'NONE', *, *, #4974, .T. ) ;
#2330 = EDGE_CURVE ( 'NONE', #746, #573, #3446, .T. ) ;
#2331 = DIRECTION ( 'NONE',  ( -1.000000000000000000, 0.000000000000000000, 0.000000000000000000 ) ) ;
#2332 = ORIENTED_EDGE ( 'NONE', *, *, #5811, .F. ) ;
#2333 = AXIS2_PLACEMENT_3D ( 'NONE', #7204, #1616, #6632 ) ;
#2334 = DIRECTION ( 'NONE',  ( -0.000000000000000000, 0.7071067811865474617, -0.7071067811865474617 ) ) ;
#2335 = DIRECTION ( 'NONE',  ( 0.3868795754558335687, 0.7985882202808504138, -0.4610651239508122834 ) ) ;
#2336 = CARTESIAN_POINT ( 'NONE',  ( 3.900000000000000355, 1.412288678607071191, 3.601878488843856196 ) ) ;
#2337 = DIRECTION ( 'NONE',  ( 0.000000000000000000, -1.000000000000000000, 0.000000000000000000 ) ) ;
#2338 = ORIENTED_EDGE ( 'NONE', *, *, #216, .F. ) ;
#2339 = CONICAL_SURFACE ( 'NONE', #6369, 0.5000000000000004441, 0.7853981633974518317 ) ;
#2340 = LINE ( 'NONE', #6694, #4574 ) ;
#2341 = EDGE_CURVE ( 'NONE', #1868, #6891, #1474, .T. ) ;
#2342 = EDGE_LOOP ( 'NONE', ( #7290, #2160, #789, #7995, #543, #4591, #832, #4298, #2746, #354, #6880, #3024, #1977 ) ) ;
#2343 = PLANE ( 'NONE',  #5945 ) ;
#2344 = DIRECTION ( 'NONE',  ( 0.000000000000000000, 1.363776317591828850E-16, -1.000000000000000000 ) ) ;
#2345 = VERTEX_POINT ( 'NONE', #2101 ) ;
#2346 = DIRECTION ( 'NONE',  ( 0.000000000000000000, 0.000000000000000000, -1.000000000000000000 ) ) ;
#2347 = CARTESIAN_POINT ( 'NONE',  ( 3.700000000000000178, 2.879999999999999893, 1.405037386032898405 ) ) ;
#2348 = LINE ( 'NONE', #4845, #6518 ) ;
#2349 = DIRECTION ( 'NONE',  ( 1.000000000000000000, 0.000000000000000000, 0.000000000000000000 ) ) ;
#2350 = VERTEX_POINT ( 'NONE', #3317 ) ;
#2351 = DIRECTION ( 'NONE',  ( 0.000000000000000000, -0.4999999999999993894, -0.8660254037844390407 ) ) ;
#2352 = DIRECTION ( 'NONE',  ( -1.000000000000000000, 0.000000000000000000, 0.000000000000000000 ) ) ;
#2353 = PLANE ( 'NONE',  #3204 ) ;
#2354 = VECTOR ( 'NONE', #68, 1000.000000000000000 ) ;
#2355 = AXIS2_PLACEMENT_3D ( 'NONE', #7205, #2270, #2917 ) ;
#2356 = ORIENTED_EDGE ( 'NONE', *, *, #3857, .T. ) ;
#2357 = EDGE_CURVE ( 'NONE', #4870, #2488, #1565, .T. ) ;
#2358 = EDGE_CURVE ( 'NONE', #2711, #199, #7029, .T. ) ;
#2359 = ORIENTED_EDGE ( 'NONE', *, *, #6821, .T. ) ;
#2360 = CARTESIAN_POINT ( 'NONE',  ( 2.089999999999999858, 2.879999999999999893, 3.399999999999998579 ) ) ;
#2361 = FACE_OUTER_BOUND ( 'NONE', #1221, .T. ) ;
#2362 = VECTOR ( 'NONE', #4433, 1000.000000000000227 ) ;
#2363 = DIRECTION ( 'NONE',  ( 0.000000000000000000, 0.000000000000000000, 1.000000000000000000 ) ) ;
#2364 = LINE ( 'NONE', #447, #6522 ) ;
#2365 = EDGE_CURVE ( 'NONE', #6554, #5122, #2748, .T. ) ;
#2366 = ORIENTED_EDGE ( 'NONE', *, *, #79, .F. ) ;
#2367 = VECTOR ( 'NONE', #2117, 1000.000000000000227 ) ;
#2368 = ORIENTED_EDGE ( 'NONE', *, *, #2579, .T. ) ;
#2369 = CARTESIAN_POINT ( 'NONE',  ( -3.510000000000001119, 2.879999999999999893, 3.399999999999998579 ) ) ;
#2370 = CARTESIAN_POINT ( 'NONE',  ( 3.909999999999997478, 2.879999999999999893, 3.399999999999998579 ) ) ;
#2371 = CARTESIAN_POINT ( 'NONE',  ( -5.306217782649110148, 2.273782217350889923, 3.749999999999999556 ) ) ;
#2372 = CARTESIAN_POINT ( 'NONE',  ( 2.310000000000000497, 2.879999999999999893, 3.399999999999998579 ) ) ;
#2373 = ORIENTED_EDGE ( 'NONE', *, *, #5317, .F. ) ;
#2374 = CARTESIAN_POINT ( 'NONE',  ( 1.950000000000000400, 3.979999999999999094, -2.250000000000001332 ) ) ;
#2375 = VERTEX_POINT ( 'NONE', #7719 ) ;
#2376 = ORIENTED_EDGE ( 'NONE', *, *, #1520, .T. ) ;
#2377 = EDGE_CURVE ( 'NONE', #5032, #3522, #3409, .T. ) ;
#2378 = DIRECTION ( 'NONE',  ( 0.000000000000000000, -1.000000000000000000, 0.000000000000000000 ) ) ;
#2379 = CARTESIAN_POINT ( 'NONE',  ( 3.689999999999999947, 2.879999999999999893, 1.369999999999999662 ) ) ;
#2380 = DIRECTION ( 'NONE',  ( 1.000000000000000000, 0.000000000000000000, 0.000000000000000000 ) ) ;
#2381 = CARTESIAN_POINT ( 'NONE',  ( 3.500000000000000000, 0.3939045651229473033, -3.898121511156143359 ) ) ;
#2382 = EDGE_LOOP ( 'NONE', ( #5138, #1498, #4957, #7324, #1190, #1822 ) ) ;
#2383 = CYLINDRICAL_SURFACE ( 'NONE', #1948, 0.09999999999999982514 ) ;
#2384 = DIRECTION ( 'NONE',  ( -0.000000000000000000, 1.000000000000000000, 1.363776317591828850E-16 ) ) ;
#2385 = ORIENTED_EDGE ( 'NONE', *, *, #5067, .T. ) ;
#2386 = DIRECTION ( 'NONE',  ( 0.000000000000000000, -1.000000000000000000, 0.000000000000000000 ) ) ;
#2387 = VERTEX_POINT ( 'NONE', #5858 ) ;
#2388 = DIRECTION ( 'NONE',  ( -0.000000000000000000, -0.7071067811865489050, -0.7071067811865460184 ) ) ;
#2389 = CARTESIAN_POINT ( 'NONE',  ( -3.290000000000000480, 3.548505796534330958, 3.369999999999999662 ) ) ;
#2390 = DIRECTION ( 'NONE',  ( -1.000000000000000000, 0.000000000000000000, 0.000000000000000000 ) ) ;
#2391 = ORIENTED_EDGE ( 'NONE', *, *, #7261, .T. ) ;
#2392 = CARTESIAN_POINT ( 'NONE',  ( -4.500000000000000000, 0.1300000000000000600, 2.049999999999999822 ) ) ;
#2393 = LINE ( 'NONE', #3630, #925 ) ;
#2394 = LINE ( 'NONE', #7371, #4276 ) ;
#2395 = EDGE_CURVE ( 'NONE', #1686, #1412, #2137, .T. ) ;
#2396 = ORIENTED_EDGE ( 'NONE', *, *, #4685, .T. ) ;
#2397 = VERTEX_POINT ( 'NONE', #4064 ) ;
#2398 = ADVANCED_FACE ( 'NONE', ( #7105 ), #1517, .F. ) ;
#2399 = DIRECTION ( 'NONE',  ( -0.000000000000000000, 1.000000000000000000, -0.000000000000000000 ) ) ;
#2400 = EDGE_CURVE ( 'NONE', #1730, #3479, #942, .T. ) ;
#2401 = LINE ( 'NONE', #7378, #2435 ) ;
#2402 = EDGE_CURVE ( 'NONE', #7217, #3929, #303, .T. ) ;
#2403 = CARTESIAN_POINT ( 'NONE',  ( 5.500000000000000000, 0.1300000000000000600, 3.899999999999999911 ) ) ;
#2404 = CARTESIAN_POINT ( 'NONE',  ( 2.310000000000000497, 1.379999999999999671, 1.369999999999999662 ) ) ;
#2405 = VERTEX_POINT ( 'NONE', #7190 ) ;
#2406 = DIRECTION ( 'NONE',  ( 0.000000000000000000, -1.000000000000000000, 0.000000000000000000 ) ) ;
#2407 = ORIENTED_EDGE ( 'NONE', *, *, #7961, .F. ) ;
#2408 = DIRECTION ( 'NONE',  ( -0.000000000000000000, -0.000000000000000000, 1.000000000000000000 ) ) ;
#2409 = EDGE_LOOP ( 'NONE', ( #338, #2870, #7269, #5139 ) ) ;
#2410 = EDGE_CURVE ( 'NONE', #2375, #5926, #1603, .T. ) ;
#2411 = FACE_OUTER_BOUND ( 'NONE', #2342, .T. ) ;
#2412 = DIRECTION ( 'NONE',  ( -0.5220483011439890353, 0.000000000000000000, 0.8529159227454221615 ) ) ;
#2413 = CARTESIAN_POINT ( 'NONE',  ( -3.290000000000000480, 2.879999999999999893, 1.369999999999999662 ) ) ;
#2414 = CARTESIAN_POINT ( 'NONE',  ( -2.049999999999999822, 1.835969349108944604, 2.600000000000000089 ) ) ;
#2415 = ORIENTED_EDGE ( 'NONE', *, *, #26, .F. ) ;
#2416 = CARTESIAN_POINT ( 'NONE',  ( 1.510000000000000009, 2.614371549809415107, 3.553360657221955154 ) ) ;
#2417 = ORIENTED_EDGE ( 'NONE', *, *, #6315, .F. ) ;
#2418 = PLANE ( 'NONE',  #309 ) ;
#2419 = ORIENTED_EDGE ( 'NONE', *, *, #6952, .F. ) ;
#2420 = EDGE_CURVE ( 'NONE', #5521, #535, #7098, .T. ) ;
#2421 = ORIENTED_EDGE ( 'NONE', *, *, #2475, .F. ) ;
#2422 = DIRECTION ( 'NONE',  ( -1.000000000000000000, 0.000000000000000000, 0.000000000000000000 ) ) ;
#2423 = ORIENTED_EDGE ( 'NONE', *, *, #2572, .F. ) ;
#2424 = DIRECTION ( 'NONE',  ( 0.000000000000000000, 1.000000000000000000, 1.363776317591828850E-16 ) ) ;
#2425 = LINE ( 'NONE', #1232, #1121 ) ;
#2426 = VECTOR ( 'NONE', #641, 1000.000000000000000 ) ;
#2427 = VECTOR ( 'NONE', #2384, 1000.000000000000000 ) ;
#2428 = EDGE_LOOP ( 'NONE', ( #7887, #4189, #1929, #6494, #2769, #2105 ) ) ;
#2429 = CARTESIAN_POINT ( 'NONE',  ( -2.850000000000000089, 4.980000000000000426, 3.600000000000000089 ) ) ;
#2430 = DIRECTION ( 'NONE',  ( 0.6427876096865392519, 0.000000000000000000, -0.7660444431189780135 ) ) ;
#2431 = LINE ( 'NONE', #566, #4151 ) ;
#2432 = EDGE_CURVE ( 'NONE', #692, #606, #5947, .T. ) ;
#2433 = VERTEX_POINT ( 'NONE', #5763 ) ;
#2434 = VECTOR ( 'NONE', #6712, 1000.000000000000114 ) ;
#2435 = VECTOR ( 'NONE', #4290, 1000.000000000000000 ) ;
#2436 = ORIENTED_EDGE ( 'NONE', *, *, #4864, .T. ) ;
#2437 = CARTESIAN_POINT ( 'NONE',  ( -3.674999999999999822, 2.273782217350889923, 3.749999999999999556 ) ) ;
#2438 = LINE ( 'NONE', #4942, #3394 ) ;
#2439 = CARTESIAN_POINT ( 'NONE',  ( 3.550000000000000266, 3.979999999999998206, 2.600000000000000089 ) ) ;
#2440 = VECTOR ( 'NONE', #1592, 1000.000000000000000 ) ;
#2441 = VECTOR ( 'NONE', #7431, 1000.000000000000000 ) ;
#2442 = FACE_OUTER_BOUND ( 'NONE', #4083, .T. ) ;
#2443 = EDGE_LOOP ( 'NONE', ( #2604, #4050, #438, #7838 ) ) ;
#2444 = CARTESIAN_POINT ( 'NONE',  ( 3.700000000000000178, 2.169580722449310439, 3.631343414416258852 ) ) ;
#2445 = ORIENTED_EDGE ( 'NONE', *, *, #3853, .T. ) ;
#2446 = VECTOR ( 'NONE', #3355, 1000.000000000000000 ) ;
#2447 = VECTOR ( 'NONE', #4963, 1000.000000000000000 ) ;
#2448 = ORIENTED_EDGE ( 'NONE', *, *, #4359, .T. ) ;
#2449 = CARTESIAN_POINT ( 'NONE',  ( -1.909999999999999698, 0.4300000000000000488, 0.000000000000000000 ) ) ;
#2450 = ORIENTED_EDGE ( 'NONE', *, *, #792, .F. ) ;
#2451 = VECTOR ( 'NONE', #2138, 1000.000000000000000 ) ;
#2452 = DIRECTION ( 'NONE',  ( 0.000000000000000000, -1.000000000000000000, 0.000000000000000000 ) ) ;
#2453 = ORIENTED_EDGE ( 'NONE', *, *, #7167, .T. ) ;
#2454 = ORIENTED_EDGE ( 'NONE', *, *, #4684, .T. ) ;
#2455 = CARTESIAN_POINT ( 'NONE',  ( -0.7499999999999997780, 1.835969349108944604, 2.600000000000000089 ) ) ;
#2456 = CIRCLE ( 'NONE', #4809, 0.04999999999999969746 ) ;
#2457 = CARTESIAN_POINT ( 'NONE',  ( -1.250000000000000222, 5.379999999999999893, 2.600000000000000089 ) ) ;
#2458 = FACE_OUTER_BOUND ( 'NONE', #4696, .T. ) ;
#2459 = PLANE ( 'NONE',  #6882 ) ;
#2460 = CARTESIAN_POINT ( 'NONE',  ( 3.110000000000000320, 0.4300000000000000488, 0.000000000000000000 ) ) ;
#2461 = EDGE_CURVE ( 'NONE', #5498, #4457, #3930, .T. ) ;
#2462 = EDGE_LOOP ( 'NONE', ( #4146, #3121, #7992, #2256 ) ) ;
#2463 = DIRECTION ( 'NONE',  ( -0.000000000000000000, 1.000000000000000000, -0.000000000000000000 ) ) ;
#2464 = VERTEX_POINT ( 'NONE', #5115 ) ;
#2465 = VECTOR ( 'NONE', #6959, 1000.000000000000000 ) ;
#2466 = ORIENTED_EDGE ( 'NONE', *, *, #5902, .T. ) ;
#2467 = LINE ( 'NONE', #607, #7300 ) ;
#2468 = VECTOR ( 'NONE', #1495, 1000.000000000000000 ) ;
#2469 = PLANE ( 'NONE',  #5603 ) ;
#2470 = VERTEX_POINT ( 'NONE', #6356 ) ;
#2471 = LINE ( 'NONE', #5699, #1284 ) ;
#2472 = ORIENTED_EDGE ( 'NONE', *, *, #561, .F. ) ;
#2473 = ORIENTED_EDGE ( 'NONE', *, *, #7865, .T. ) ;
#2474 = DIRECTION ( 'NONE',  ( -0.000000000000000000, 1.000000000000000000, 0.000000000000000000 ) ) ;
#2475 = EDGE_CURVE ( 'NONE', #6693, #6431, #7578, .T. ) ;
#2476 = CARTESIAN_POINT ( 'NONE',  ( -4.500000000000000000, 0.1300000000000000600, 2.250000000000000000 ) ) ;
#2477 = DIRECTION ( 'NONE',  ( 0.000000000000000000, 0.000000000000000000, 1.000000000000000000 ) ) ;
#2478 = VECTOR ( 'NONE', #3438, 1000.000000000000114 ) ;
#2479 = CARTESIAN_POINT ( 'NONE',  ( 2.890000000000000124, 1.379999999999999671, 1.369999999999999662 ) ) ;
#2480 = EDGE_LOOP ( 'NONE', ( #1525, #5731, #7454, #6839 ) ) ;
#2481 = CARTESIAN_POINT ( 'NONE',  ( -3.290000000000000480, 2.614371549809415551, 3.553360657221955154 ) ) ;
#2482 = ORIENTED_EDGE ( 'NONE', *, *, #7203, .T. ) ;
#2483 = FACE_OUTER_BOUND ( 'NONE', #7982, .T. ) ;
#2484 = VECTOR ( 'NONE', #7917, 1000.000000000000000 ) ;
#2485 = LINE ( 'NONE', #6715, #1915 ) ;
#2486 = ORIENTED_EDGE ( 'NONE', *, *, #5238, .T. ) ;
#2487 = DIRECTION ( 'NONE',  ( 0.000000000000000000, 0.000000000000000000, 1.000000000000000000 ) ) ;
#2488 = VERTEX_POINT ( 'NONE', #6243 ) ;
#2489 = AXIS2_PLACEMENT_3D ( 'NONE', #492, #7929, #4857 ) ;
#2490 = DIRECTION ( 'NONE',  ( 0.000000000000000000, -0.7071067811865475727, -0.7071067811865475727 ) ) ;
#2491 = ORIENTED_EDGE ( 'NONE', *, *, #290, .F. ) ;
#2492 = DIRECTION ( 'NONE',  ( 0.000000000000000000, 0.000000000000000000, 1.000000000000000000 ) ) ;
#2493 = ORIENTED_EDGE ( 'NONE', *, *, #7889, .T. ) ;
#2494 = PLANE ( 'NONE',  #6762 ) ;
#2495 = CIRCLE ( 'NONE', #2489, 0.2500000000000002220 ) ;
#2496 = DIRECTION ( 'NONE',  ( -0.000000000000000000, 0.7071067811865489050, 0.7071067811865460184 ) ) ;
#2497 = DIRECTION ( 'NONE',  ( 0.000000000000000000, -0.7071067811865475727, -0.7071067811865475727 ) ) ;
#2498 = EDGE_LOOP ( 'NONE', ( #4517, #433, #2131, #81, #3530, #625 ) ) ;
#2499 = EDGE_CURVE ( 'NONE', #495, #6090, #634, .T. ) ;
#2500 = CARTESIAN_POINT ( 'NONE',  ( -4.885291592274543682, -0.7699999999999997957, 0.6522048301143489324 ) ) ;
#2501 = ORIENTED_EDGE ( 'NONE', *, *, #7366, .T. ) ;
#2502 = FACE_OUTER_BOUND ( 'NONE', #5204, .T. ) ;
#2503 = ORIENTED_EDGE ( 'NONE', *, *, #1166, .T. ) ;
#2504 = EDGE_CURVE ( 'NONE', #4093, #5531, #6850, .T. ) ;
#2505 = EDGE_CURVE ( 'NONE', #6287, #3316, #6476, .T. ) ;
#2506 = CARTESIAN_POINT ( 'NONE',  ( 3.700000000000000178, 0.04999999999999956563, 3.601878488843856641 ) ) ;
#2507 = DIRECTION ( 'NONE',  ( 0.000000000000000000, -1.000000000000000000, 0.000000000000000000 ) ) ;
#2508 = ORIENTED_EDGE ( 'NONE', *, *, #7261, .F. ) ;
#2509 = EDGE_CURVE ( 'NONE', #882, #4860, #2203, .T. ) ;
#2510 = DIRECTION ( 'NONE',  ( 0.000000000000000000, -1.000000000000000000, 0.000000000000000000 ) ) ;
#2511 = CARTESIAN_POINT ( 'NONE',  ( -1.689999999999999725, 3.548505796534330958, 3.369999999999999662 ) ) ;
#2512 = VERTEX_POINT ( 'NONE', #7819 ) ;
#2513 = EDGE_CURVE ( 'NONE', #1023, #1437, #1500, .T. ) ;
#2514 = CARTESIAN_POINT ( 'NONE',  ( -4.800000000000000711, 0.000000000000000000, 1.369999999999999662 ) ) ;
#2515 = CARTESIAN_POINT ( 'NONE',  ( 0.3500000000000000333, 5.379999999999999893, 3.199999999999998845 ) ) ;
#2516 = FACE_OUTER_BOUND ( 'NONE', #2382, .T. ) ;
#2517 = EDGE_LOOP ( 'NONE', ( #2027, #2858, #7519, #2896 ) ) ;
#2518 = CARTESIAN_POINT ( 'NONE',  ( -3.510000000000000675, 1.379999999999999671, 3.369999999999999662 ) ) ;
#2519 = ORIENTED_EDGE ( 'NONE', *, *, #945, .T. ) ;
#2520 = SHAPE_REPRESENTATION ( 'pins^HC-SFP-20P Ass', ( #1711 ), #1587 ) ;
#2521 = ORIENTED_EDGE ( 'NONE', *, *, #3249, .T. ) ;
#2522 = CARTESIAN_POINT ( 'NONE',  ( -5.500000000000000000, 2.273782217350889923, 3.749999999999999556 ) ) ;
#2523 = ORIENTED_EDGE ( 'NONE', *, *, #4984, .F. ) ;
#2524 = DIRECTION ( 'NONE',  ( 0.000000000000000000, 0.000000000000000000, 1.000000000000000000 ) ) ;
#2525 = ORIENTED_EDGE ( 'NONE', *, *, #5381, .F. ) ;
#2526 = ORIENTED_EDGE ( 'NONE', *, *, #7585, .F. ) ;
#2527 = EDGE_CURVE ( 'NONE', #3147, #1155, #4121, .T. ) ;
#2528 = LINE ( 'NONE', #3780, #1018 ) ;
#2529 = LINE ( 'NONE', #798, #6457 ) ;
#2530 = DIRECTION ( 'NONE',  ( -1.000000000000000000, 0.000000000000000000, 0.000000000000000000 ) ) ;
#2531 = CARTESIAN_POINT ( 'NONE',  ( 0.000000000000000000, 0.4300000000000000488, 3.750000000000000000 ) ) ;
#2532 = CARTESIAN_POINT ( 'NONE',  ( -5.500000000000000000, 5.379999999999999893, 3.100000000000000089 ) ) ;
#2533 = ORIENTED_EDGE ( 'NONE', *, *, #4634, .F. ) ;
#2534 = CARTESIAN_POINT ( 'NONE',  ( 2.890000000000000124, 3.548505796534330958, 3.553360657221955154 ) ) ;
#2535 = ORIENTED_EDGE ( 'NONE', *, *, #7901, .T. ) ;
#2536 = ORIENTED_EDGE ( 'NONE', *, *, #3718, .T. ) ;
#2537 = CARTESIAN_POINT ( 'NONE',  ( 3.299999999999999822, 0.2945473795552883689, -3.886801189779353294 ) ) ;
#2538 = ITEM_DEFINED_TRANSFORMATION ( 'NONE', 'NONE', #5482,  #1711 ) ;
#2539 = FACE_OUTER_BOUND ( 'NONE', #7594, .T. ) ;
#2540 = DIRECTION ( 'NONE',  ( -1.000000000000000000, 0.000000000000000000, 0.000000000000000000 ) ) ;
#2541 = VERTEX_POINT ( 'NONE', #6433 ) ;
#2542 = CARTESIAN_POINT ( 'NONE',  ( 0.8500000000000000888, 1.835969349108944604, 2.600000000000000089 ) ) ;
#2543 = CARTESIAN_POINT ( 'NONE',  ( -5.239943153797158359, -0.5199999999999973532, 0.07277958692071151425 ) ) ;
#2544 = EDGE_CURVE ( 'NONE', #2578, #6446, #7171, .T. ) ;
#2545 = VERTEX_POINT ( 'NONE', #5916 ) ;
#2546 = DIRECTION ( 'NONE',  ( -1.000000000000000000, 0.000000000000000000, 0.000000000000000000 ) ) ;
#2547 = EDGE_CURVE ( 'NONE', #2350, #6693, #7739, .T. ) ;
#2548 = CARTESIAN_POINT ( 'NONE',  ( 3.299999999999999822, 9.486769009248163798E-17, -3.698121511156143626 ) ) ;
#2549 = CARTESIAN_POINT ( 'NONE',  ( 5.500000000000000000, 0.3300000000000001266, 2.250000000000000000 ) ) ;
#2550 = LINE ( 'NONE', #3207, #3076 ) ;
#2551 = ORIENTED_EDGE ( 'NONE', *, *, #1997, .F. ) ;
#2552 = ADVANCED_FACE ( 'NONE', ( #4084 ), #4623, .T. ) ;
#2553 = ORIENTED_EDGE ( 'NONE', *, *, #6884, .T. ) ;
#2554 = VECTOR ( 'NONE', #5487, 1000.000000000000000 ) ;
#2555 = FACE_OUTER_BOUND ( 'NONE', #5974, .T. ) ;
#2556 = VECTOR ( 'NONE', #3622, 1000.000000000000000 ) ;
#2557 = EDGE_LOOP ( 'NONE', ( #3598, #6683, #3227, #3776 ) ) ;
#2558 = VECTOR ( 'NONE', #1257, 1000.000000000000000 ) ;
#2559 = VECTOR ( 'NONE', #6154, 1000.000000000000000 ) ;
#2560 = PLANE ( 'NONE',  #6214 ) ;
#2561 = VERTEX_POINT ( 'NONE', #2684 ) ;
#2562 = CARTESIAN_POINT ( 'NONE',  ( 2.750000000000000444, 5.379999999999999893, 3.199999999999998845 ) ) ;
#2563 = ORIENTED_EDGE ( 'NONE', *, *, #5910, .T. ) ;
#2564 = ORIENTED_EDGE ( 'NONE', *, *, #3406, .F. ) ;
#2565 = VECTOR ( 'NONE', #393, 1000.000000000000114 ) ;
#2566 = VECTOR ( 'NONE', #640, 1000.000000000000000 ) ;
#2567 = ORIENTED_EDGE ( 'NONE', *, *, #6971, .F. ) ;
#2568 = PLANE ( 'NONE',  #7278 ) ;
#2569 = LINE ( 'NONE', #1919, #5696 ) ;
#2570 = CARTESIAN_POINT ( 'NONE',  ( -5.220583184549084876, 0.3300000000000001266, -0.1044096602287941378 ) ) ;
#2571 = AXIS2_PLACEMENT_3D ( 'NONE', #934, #7096, #7711 ) ;
#2572 = EDGE_CURVE ( 'NONE', #103, #3137, #42, .T. ) ;
#2573 = ORIENTED_EDGE ( 'NONE', *, *, #1388, .F. ) ;
#2574 = DIRECTION ( 'NONE',  ( -1.000000000000000000, 0.000000000000000000, 0.000000000000000000 ) ) ;
#2575 = VERTEX_POINT ( 'NONE', #6556 ) ;
#2576 = CARTESIAN_POINT ( 'NONE',  ( 4.799999999999999822, -0.5700000000000019496, 0.000000000000000000 ) ) ;
#2577 = AXIS2_PLACEMENT_3D ( 'NONE', #6925, #5066, #4371 ) ;
#2578 = VERTEX_POINT ( 'NONE', #5195 ) ;
#2579 = EDGE_CURVE ( 'NONE', #495, #1598, #7133, .T. ) ;
#2580 = ORIENTED_EDGE ( 'NONE', *, *, #946, .T. ) ;
#2581 = VECTOR ( 'NONE', #718, 1000.000000000000000 ) ;
#2582 = LINE ( 'NONE', #7447, #2856 ) ;
#2583 = FACE_OUTER_BOUND ( 'NONE', #4525, .T. ) ;
#2584 = EDGE_LOOP ( 'NONE', ( #2472, #4294, #3129, #2179 ) ) ;
#2585 = CARTESIAN_POINT ( 'NONE',  ( 0.3500000000000000333, 1.835969349108944604, 2.600000000000000089 ) ) ;
#2586 = AXIS2_PLACEMENT_3D ( 'NONE', #6682, #5997, #377 ) ;
#2587 = CARTESIAN_POINT ( 'NONE',  ( 5.500000000000000000, 3.880000000000002558, 3.100000000000000089 ) ) ;
#2588 = DIRECTION ( 'NONE',  ( -0.000000000000000000, -0.000000000000000000, 1.000000000000000000 ) ) ;
#2589 = DIRECTION ( 'NONE',  ( -1.000000000000000000, 0.000000000000000000, -0.000000000000000000 ) ) ;
#2590 = ORIENTED_EDGE ( 'NONE', *, *, #4800, .T. ) ;
#2591 = EDGE_CURVE ( 'NONE', #2598, #882, #3431, .T. ) ;
#2592 = VERTEX_POINT ( 'NONE', #2802 ) ;
#2593 = AXIS2_PLACEMENT_3D ( 'NONE', #4375, #4952, #1748 ) ;
#2594 = ADVANCED_FACE ( 'NONE', ( #5313 ), #962, .T. ) ;
#2595 = DIRECTION ( 'NONE',  ( 0.000000000000000000, 1.363776317591828850E-16, -1.000000000000000000 ) ) ;
#2596 = ADVANCED_FACE ( 'NONE', ( #7211 ), #2887, .F. ) ;
#2597 = AXIS2_PLACEMENT_3D ( 'NONE', #7103, #6447, #7673 ) ;
#2598 = VERTEX_POINT ( 'NONE', #7293 ) ;
#2599 = LINE ( 'NONE', #4580, #7926 ) ;
#2600 = ORIENTED_EDGE ( 'NONE', *, *, #3416, .T. ) ;
#2601 = ORIENTED_EDGE ( 'NONE', *, *, #2074, .F. ) ;
#2602 = AXIS2_PLACEMENT_3D ( 'NONE', #615, #3131, #6301 ) ;
#2603 = VECTOR ( 'NONE', #4869, 1000.000000000000000 ) ;
#2604 = ORIENTED_EDGE ( 'NONE', *, *, #4962, .F. ) ;
#2605 = CARTESIAN_POINT ( 'NONE',  ( 3.700000000000000178, 0.05000000000000010686, 4.451878488843855841 ) ) ;
#2606 = CARTESIAN_POINT ( 'NONE',  ( -4.700000000000000178, 2.879999999999999893, 3.399999999999998579 ) ) ;
#2607 = EDGE_CURVE ( 'NONE', #3073, #6483, #5055, .T. ) ;
#2608 = CARTESIAN_POINT ( 'NONE',  ( 4.500000000000000000, 0.4300000000000000488, -2.150000000000000799 ) ) ;
#2609 = VECTOR ( 'NONE', #7622, 1000.000000000000000 ) ;
#2610 = DIRECTION ( 'NONE',  ( 0.6427876096865392519, 0.000000000000000000, -0.7660444431189780135 ) ) ;
#2611 = ORIENTED_EDGE ( 'NONE', *, *, #321, .T. ) ;
#2612 = DIRECTION ( 'NONE',  ( 1.000000000000000000, -0.000000000000000000, -0.000000000000000000 ) ) ;
#2613 = ORIENTED_EDGE ( 'NONE', *, *, #4953, .T. ) ;
#2614 = LINE ( 'NONE', #5123, #7130 ) ;
#2615 = ORIENTED_EDGE ( 'NONE', *, *, #7287, .F. ) ;
#2616 = AXIS2_PLACEMENT_3D ( 'NONE', #5368, #7831, #2254 ) ;
#2617 = ORIENTED_EDGE ( 'NONE', *, *, #2618, .F. ) ;
#2618 = EDGE_CURVE ( 'NONE', #1348, #4572, #453, .T. ) ;
#2619 = CARTESIAN_POINT ( 'NONE',  ( -5.500000000000000000, 2.273782217350889923, 3.749999999999999556 ) ) ;
#2620 = ADVANCED_FACE ( 'NONE', ( #1319 ), #7890, .F. ) ;
#2621 = CARTESIAN_POINT ( 'NONE',  ( -4.500000000000000000, 0.4300000000000000488, 3.750000000000000000 ) ) ;
#2622 = CARTESIAN_POINT ( 'NONE',  ( -4.885291592274543682, -0.5199999999999950218, 0.6522048301143487103 ) ) ;
#2623 = ORIENTED_EDGE ( 'NONE', *, *, #642, .T. ) ;
#2624 = AXIS2_PLACEMENT_3D ( 'NONE', #3040, #5538, #6058 ) ;
#2625 = LINE ( 'NONE', #4513, #1690 ) ;
#2626 = LINE ( 'NONE', #2707, #6346 ) ;
#2627 = VERTEX_POINT ( 'NONE', #4773 ) ;
#2628 = LINE ( 'NONE', #180, #6077 ) ;
#2629 = EDGE_CURVE ( 'NONE', #3588, #2790, #7251, .T. ) ;
#2630 = CARTESIAN_POINT ( 'NONE',  ( -5.500000000000000000, 5.380000000000001670, 3.600000000000000089 ) ) ;
#2631 = CARTESIAN_POINT ( 'NONE',  ( -5.239943153797152142, -0.5200000000000104539, -0.07277958692072224178 ) ) ;
#2632 = CARTESIAN_POINT ( 'NONE',  ( -3.510000000000000675, 3.548505796534330958, 3.369999999999999662 ) ) ;
#2633 = ORIENTED_EDGE ( 'NONE', *, *, #2475, .T. ) ;
#2634 = ORIENTED_EDGE ( 'NONE', *, *, #5424, .F. ) ;
#2635 = DIRECTION ( 'NONE',  ( 0.000000000000000000, 0.000000000000000000, 1.000000000000000000 ) ) ;
#2636 = EDGE_CURVE ( 'NONE', #6824, #4091, #3590, .T. ) ;
#2637 = CARTESIAN_POINT ( 'NONE',  ( -5.500000000000000000, 5.380000000000001670, 3.750000000000000000 ) ) ;
#2638 = CARTESIAN_POINT ( 'NONE',  ( -4.885291592274541905, 0.3300000000000001266, -0.6522048301143488214 ) ) ;
#2639 = ORIENTED_EDGE ( 'NONE', *, *, #69, .T. ) ;
#2640 = DIRECTION ( 'NONE',  ( 0.000000000000000000, 0.000000000000000000, 1.000000000000000000 ) ) ;
#2641 = VERTEX_POINT ( 'NONE', #7974 ) ;
#2642 = ORIENTED_EDGE ( 'NONE', *, *, #893, .F. ) ;
#2643 = EDGE_CURVE ( 'NONE', #5431, #674, #5666, .T. ) ;
#2644 = ADVANCED_FACE ( 'NONE', ( #1050 ), #409, .F. ) ;
#2645 = ORIENTED_EDGE ( 'NONE', *, *, #7234, .F. ) ;
#2646 = CARTESIAN_POINT ( 'NONE',  ( 4.500000000000000000, 0.3300000000000001266, 0.000000000000000000 ) ) ;
#2647 = EDGE_CURVE ( 'NONE', #4945, #1028, #2275, .T. ) ;
#2648 = CARTESIAN_POINT ( 'NONE',  ( -1.275000000000000577, 0.4300000000000007150, 3.750000000000000000 ) ) ;
#2649 = CARTESIAN_POINT ( 'NONE',  ( 3.500000000000000000, 0.3939045651229473033, -3.798121511156143715 ) ) ;
#2650 = LINE ( 'NONE', #3186, #5828 ) ;
#2651 = LINE ( 'NONE', #4590, #6886 ) ;
#2652 = VERTEX_POINT ( 'NONE', #2923 ) ;
#2653 = LINE ( 'NONE', #5201, #4709 ) ;
#2654 = ORIENTED_EDGE ( 'NONE', *, *, #5218, .T. ) ;
#2655 = EDGE_CURVE ( 'NONE', #2561, #243, #4241, .T. ) ;
#2656 = CARTESIAN_POINT ( 'NONE',  ( -4.500000000000000000, 0.3300000000000001266, 0.000000000000000000 ) ) ;
#2657 = ORIENTED_EDGE ( 'NONE', *, *, #5208, .T. ) ;
#2658 = PLANE ( 'NONE',  #1303 ) ;
#2659 = DIRECTION ( 'NONE',  ( 0.000000000000000000, 0.000000000000000000, -1.000000000000000000 ) ) ;
#2660 = ORIENTED_EDGE ( 'NONE', *, *, #4718, .T. ) ;
#2661 = CARTESIAN_POINT ( 'NONE',  ( -5.306217782649110148, 5.380000000000001670, 3.750000000000000000 ) ) ;
#2662 = CARTESIAN_POINT ( 'NONE',  ( -5.500000000000000000, 2.273782217350889923, 3.749999999999999556 ) ) ;
#2663 = ORIENTED_EDGE ( 'NONE', *, *, #2358, .F. ) ;
#2664 = FACE_OUTER_BOUND ( 'NONE', #6101, .T. ) ;
#2665 = PLANE ( 'NONE',  #5628 ) ;
#2666 = CARTESIAN_POINT ( 'NONE',  ( 3.299999999999999822, 0.1356428144323411078, -4.498121511156143448 ) ) ;
#2667 = CARTESIAN_POINT ( 'NONE',  ( -5.500000000000000000, 2.273782217350889923, 3.749999999999999556 ) ) ;
#2668 = CARTESIAN_POINT ( 'NONE',  ( 4.500000000000000000, 5.380000000000001670, 3.750000000000000000 ) ) ;
#2669 = EDGE_CURVE ( 'NONE', #3925, #3072, #1168, .T. ) ;
#2670 = VERTEX_POINT ( 'NONE', #1708 ) ;
#2671 = EDGE_LOOP ( 'NONE', ( #2937, #7177, #5025, #6256, #7006, #6438 ) ) ;
#2672 = CARTESIAN_POINT ( 'NONE',  ( 3.700000000000000178, 1.412288678607070969, 1.405037386032898850 ) ) ;
#2673 = AXIS2_PLACEMENT_3D ( 'NONE', #2986, #5335, #2258 ) ;
#2674 = CARTESIAN_POINT ( 'NONE',  ( -1.689999999999999725, 2.879999999999999893, 3.369999999999999662 ) ) ;
#2675 = LINE ( 'NONE', #5232, #4849 ) ;
#2676 = VECTOR ( 'NONE', #3823, 1000.000000000000000 ) ;
#2677 = EDGE_LOOP ( 'NONE', ( #189, #6158, #8043, #4816 ) ) ;
#2678 = LINE ( 'NONE', #5188, #4434 ) ;
#2679 = PRODUCT_DEFINITION_CONTEXT ( 'detailed design', #6038, 'design' ) ;
#2680 = EDGE_CURVE ( 'NONE', #2641, #2964, #3635, .T. ) ;
#2681 = ORIENTED_EDGE ( 'NONE', *, *, #754, .T. ) ;
#2682 = LINE ( 'NONE', #5681, #6479 ) ;
#2683 = ORIENTED_EDGE ( 'NONE', *, *, #169, .T. ) ;
#2684 = CARTESIAN_POINT ( 'NONE',  ( 2.310000000000000497, 2.614371549809415107, 3.553360657221955154 ) ) ;
#2685 = VECTOR ( 'NONE', #4742, 1000.000000000000000 ) ;
#2686 = VECTOR ( 'NONE', #4887, 1000.000000000000000 ) ;
#2687 = DIRECTION ( 'NONE',  ( 0.000000000000000000, 0.000000000000000000, 1.000000000000000000 ) ) ;
#2688 = CARTESIAN_POINT ( 'NONE',  ( -2.709999999999999964, 0.4300000000000000488, 0.000000000000000000 ) ) ;
#2689 = VERTEX_POINT ( 'NONE', #6677 ) ;
#2690 = AXIS2_PLACEMENT_3D ( 'NONE', #1327, #6347, #788 ) ;
#2691 = CARTESIAN_POINT ( 'NONE',  ( 0.4899999999999999911, 1.379999999999999671, 3.369999999999999662 ) ) ;
#2692 = VECTOR ( 'NONE', #7855, 1000.000000000000000 ) ;
#2693 = ORIENTED_EDGE ( 'NONE', *, *, #8000, .T. ) ;
#2694 = EDGE_CURVE ( 'NONE', #2592, #3773, #1087, .T. ) ;
#2695 = FACE_OUTER_BOUND ( 'NONE', #5636, .T. ) ;
#2696 = EDGE_LOOP ( 'NONE', ( #1966, #5360, #1670, #340, #2835, #173, #3510 ) ) ;
#2697 = VERTEX_POINT ( 'NONE', #5471 ) ;
#2698 = VECTOR ( 'NONE', #4174, 1000.000000000000000 ) ;
#2699 =( REPRESENTATION_RELATIONSHIP ('NONE','NONE', #3360, #2520 ) REPRESENTATION_RELATIONSHIP_WITH_TRANSFORMATION ( #5657 )SHAPE_REPRESENTATION_RELATIONSHIP( ) );
#2700 = EDGE_CURVE ( 'NONE', #2788, #6428, #7935, .T. ) ;
#2701 = DIRECTION ( 'NONE',  ( 0.3868795754558335687, 0.7985882202808504138, -0.4610651239508122834 ) ) ;
#2702 = EDGE_CURVE ( 'NONE', #2302, #294, #3476, .T. ) ;
#2703 = VERTEX_POINT ( 'NONE', #5515 ) ;
#2704 = FACE_OUTER_BOUND ( 'NONE', #5607, .T. ) ;
#2705 = CARTESIAN_POINT ( 'NONE',  ( -3.149999999999999467, 5.379999999999999893, 3.199999999999998845 ) ) ;
#2706 = CARTESIAN_POINT ( 'NONE',  ( -0.7499999999999997780, 5.379999999999999893, 3.199999999999998845 ) ) ;
#2707 = CARTESIAN_POINT ( 'NONE',  ( 3.700000000000000178, 2.384618803272978926, 3.659299827525883231 ) ) ;
#2708 = VECTOR ( 'NONE', #546, 1000.000000000000000 ) ;
#2709 = VERTEX_POINT ( 'NONE', #4289 ) ;
#2710 = CARTESIAN_POINT ( 'NONE',  ( 5.500000000000000000, 0.3300000000000001266, 0.000000000000000000 ) ) ;
#2711 = VERTEX_POINT ( 'NONE', #6764 ) ;
#2712 = DIRECTION ( 'NONE',  ( 1.000000000000000000, -0.000000000000000000, -0.000000000000000000 ) ) ;
#2713 = VECTOR ( 'NONE', #5086, 1000.000000000000114 ) ;
#2714 = LINE ( 'NONE', #7311, #5170 ) ;
#2715 = PRESENTATION_STYLE_ASSIGNMENT (( #7638 ) ) ;
#2716 = DIRECTION ( 'NONE',  ( -0.000000000000000000, 9.870556146261273466E-17, 1.000000000000000000 ) ) ;
#2717 = ORIENTED_EDGE ( 'NONE', *, *, #5871, .F. ) ;
#2718 = PLANE ( 'NONE',  #1274 ) ;
#2719 = VECTOR ( 'NONE', #5107, 1000.000000000000000 ) ;
#2720 = PRODUCT_DEFINITION_SHAPE ( 'NONE', 'NONE',  #8089 ) ;
#2721 = EDGE_CURVE ( 'NONE', #1901, #389, #537, .T. ) ;
#2722 = CARTESIAN_POINT ( 'NONE',  ( -0.08999999999999980238, 1.379999999999999671, 3.369999999999999662 ) ) ;
#2723 = DIRECTION ( 'NONE',  ( 0.000000000000000000, 0.000000000000000000, 1.000000000000000000 ) ) ;
#2724 = VECTOR ( 'NONE', #5988, 1000.000000000000114 ) ;
#2725 = ORIENTED_EDGE ( 'NONE', *, *, #4863, .F. ) ;
#2726 = CARTESIAN_POINT ( 'NONE',  ( -0.08999999999999980238, 2.879999999999999893, 3.369999999999999662 ) ) ;
#2727 = ORIENTED_EDGE ( 'NONE', *, *, #7530, .T. ) ;
#2728 = VERTEX_POINT ( 'NONE', #4642 ) ;
#2729 = ORIENTED_EDGE ( 'NONE', *, *, #4643, .F. ) ;
#2730 = AXIS2_PLACEMENT_3D ( 'NONE', #7717, #221, #1516 ) ;
#2731 = ADVANCED_FACE ( 'NONE', ( #5215 ), #687, .F. ) ;
#2732 = DIRECTION ( 'NONE',  ( -1.000000000000000000, 0.000000000000000000, 0.000000000000000000 ) ) ;
#2733 = PLANE ( 'NONE',  #6598 ) ;
#2734 = CARTESIAN_POINT ( 'NONE',  ( -0.8900000000000001243, 0.4300000000000007150, 3.369999999999999662 ) ) ;
#2735 = LINE ( 'NONE', #5244, #5210 ) ;
#2736 = EDGE_LOOP ( 'NONE', ( #3888, #527, #1382, #5147 ) ) ;
#2737 = VECTOR ( 'NONE', #3474, 1000.000000000000000 ) ;
#2738 = LINE ( 'NONE', #7744, #7677 ) ;
#2739 = ORIENTED_EDGE ( 'NONE', *, *, #4282, .F. ) ;
#2740 = LINE ( 'NONE', #2857, #1384 ) ;
#2741 = ORIENTED_EDGE ( 'NONE', *, *, #3281, .F. ) ;
#2742 = VECTOR ( 'NONE', #4608, 1000.000000000000114 ) ;
#2743 = LINE ( 'NONE', #5253, #6139 ) ;
#2744 = CARTESIAN_POINT ( 'NONE',  ( 4.700000000000000178, 4.979999999999999538, 3.600000000000000089 ) ) ;
#2745 = EDGE_CURVE ( 'NONE', #1410, #2641, #142, .T. ) ;
#2746 = ORIENTED_EDGE ( 'NONE', *, *, #3818, .T. ) ;
#2747 = DIRECTION ( 'NONE',  ( -0.000000000000000000, -1.000000000000000000, 2.954810409056583012E-16 ) ) ;
#2748 = LINE ( 'NONE', #906, #2811 ) ;
#2749 = CARTESIAN_POINT ( 'NONE',  ( 0.000000000000000000, 5.379999999999999893, 3.199999999999998845 ) ) ;
#2750 = AXIS2_PLACEMENT_3D ( 'NONE', #1756, #4382, #5568 ) ;
#2751 = EDGE_CURVE ( 'NONE', #568, #7248, #7633, .T. ) ;
#2752 = EDGE_LOOP ( 'NONE', ( #85, #3859, #1556, #3463 ) ) ;
#2753 = LINE ( 'NONE', #7071, #4001 ) ;
#2754 = ADVANCED_FACE ( 'NONE', ( #5861 ), #6376, .F. ) ;
#2755 = CARTESIAN_POINT ( 'NONE',  ( 3.500000000000000000, 0.1356428144323411078, -4.498121511156143448 ) ) ;
#2756 =( GEOMETRIC_REPRESENTATION_CONTEXT ( 3 ) GLOBAL_UNCERTAINTY_ASSIGNED_CONTEXT ( ( #627 ) ) GLOBAL_UNIT_ASSIGNED_CONTEXT ( ( #1483, #5174, #7724 ) ) REPRESENTATION_CONTEXT ( 'NONE', 'WORKASPACE' ) );
#2757 = SURFACE_STYLE_FILL_AREA ( #4568 ) ;
#2758 = DIRECTION ( 'NONE',  ( 0.000000000000000000, 0.000000000000000000, 1.000000000000000000 ) ) ;
#2759 = SURFACE_STYLE_FILL_AREA ( #782 ) ;
#2760 = CARTESIAN_POINT ( 'NONE',  ( -4.714708407725456851, -0.5200000000000081224, -0.6522048301143478222 ) ) ;
#2761 = CARTESIAN_POINT ( 'NONE',  ( -0.7499999999999997780, 1.835969349108944604, 3.600000000000000089 ) ) ;
#2762 = ORIENTED_EDGE ( 'NONE', *, *, #3691, .F. ) ;
#2763 = EDGE_CURVE ( 'NONE', #2790, #196, #4484, .T. ) ;
#2764 = CARTESIAN_POINT ( 'NONE',  ( 3.900000000000000355, 2.287465065894787930, 3.660881894938530667 ) ) ;
#2765 = CARTESIAN_POINT ( 'NONE',  ( -0.3099999999999999423, 2.879999999999999893, 1.369999999999999662 ) ) ;
#2766 = ORIENTED_EDGE ( 'NONE', *, *, #5822, .T. ) ;
#2767 = DIRECTION ( 'NONE',  ( 0.000000000000000000, 0.000000000000000000, 1.000000000000000000 ) ) ;
#2768 = ORIENTED_EDGE ( 'NONE', *, *, #3563, .T. ) ;
#2769 = ORIENTED_EDGE ( 'NONE', *, *, #1677, .T. ) ;
#2770 = EDGE_LOOP ( 'NONE', ( #5757, #4883, #1689, #3045 ) ) ;
#2771 = CARTESIAN_POINT ( 'NONE',  ( -0.7249999999999999778, 0.4300000000000007150, 3.750000000000000000 ) ) ;
#2772 = FACE_BOUND ( 'NONE', #1208, .T. ) ;
#2773 = CARTESIAN_POINT ( 'NONE',  ( -5.500000000000000000, 5.379999999999999893, -4.000000000000000888 ) ) ;
#2774 = VERTEX_POINT ( 'NONE', #109 ) ;
#2775 = CARTESIAN_POINT ( 'NONE',  ( 1.289999999999999813, 2.879999999999999893, 1.369999999999999662 ) ) ;
#2776 = EDGE_CURVE ( 'NONE', #1794, #4213, #1479, .T. ) ;
#2777 = VERTEX_POINT ( 'NONE', #3870 ) ;
#2778 = CARTESIAN_POINT ( 'NONE',  ( -1.110000000000000320, 2.879999999999999893, 3.369999999999999662 ) ) ;
#2779 = ORIENTED_EDGE ( 'NONE', *, *, #1493, .T. ) ;
#2780 = DIRECTION ( 'NONE',  ( 0.000000000000000000, 0.000000000000000000, 1.000000000000000000 ) ) ;
#2781 = FACE_OUTER_BOUND ( 'NONE', #6543, .T. ) ;
#2782 = CARTESIAN_POINT ( 'NONE',  ( 4.500000000000000000, 0.4300000000000000488, 2.049999999999999822 ) ) ;
#2783 = ORIENTED_EDGE ( 'NONE', *, *, #5977, .F. ) ;
#2784 = CARTESIAN_POINT ( 'NONE',  ( -0.8900000000000001243, 1.379999999999999671, 1.369999999999999662 ) ) ;
#2785 = CARTESIAN_POINT ( 'NONE',  ( 3.700000000000000178, 2.287465065894787930, 3.660881894938530667 ) ) ;
#2786 = FACE_OUTER_BOUND ( 'NONE', #6931, .T. ) ;
#2787 = FACE_OUTER_BOUND ( 'NONE', #1621, .T. ) ;
#2788 = VERTEX_POINT ( 'NONE', #3289 ) ;
#2789 = CARTESIAN_POINT ( 'NONE',  ( -0.8900000000000001243, 1.379999999999999671, 3.369999999999999662 ) ) ;
#2790 = VERTEX_POINT ( 'NONE', #1978 ) ;
#2791 = DIRECTION ( 'NONE',  ( -0.000000000000000000, 0.8660254037844389297, -0.4999999999999993339 ) ) ;
#2792 = DIRECTION ( 'NONE',  ( -0.000000000000000000, -0.000000000000000000, 1.000000000000000000 ) ) ;
#2793 = LINE ( 'NONE', #5176, #1640 ) ;
#2794 = ORIENTED_EDGE ( 'NONE', *, *, #955, .T. ) ;
#2795 = CARTESIAN_POINT ( 'NONE',  ( -4.500000000000000000, 0.1300000000000000600, -2.249999999999999556 ) ) ;
#2796 = ADVANCED_FACE ( 'NONE', ( #4564 ), #6336, .T. ) ;
#2797 = VERTEX_POINT ( 'NONE', #64 ) ;
#2798 = DIRECTION ( 'NONE',  ( 0.000000000000000000, 0.000000000000000000, 1.000000000000000000 ) ) ;
#2799 = EDGE_LOOP ( 'NONE', ( #4637, #3678, #1158, #3320 ) ) ;
#2800 = ORIENTED_EDGE ( 'NONE', *, *, #5206, .T. ) ;
#2801 = ORIENTED_EDGE ( 'NONE', *, *, #3808, .F. ) ;
#2802 = CARTESIAN_POINT ( 'NONE',  ( 3.500000000000000000, 0.4300000000000000488, -3.598121511156143537 ) ) ;
#2803 = VECTOR ( 'NONE', #2935, 1000.000000000000227 ) ;
#2804 = CARTESIAN_POINT ( 'NONE',  ( -5.500000000000000000, 4.979999999999999538, 3.600000000000000089 ) ) ;
#2805 = PLANE ( 'NONE',  #3891 ) ;
#2806 = ADVANCED_FACE ( 'NONE', ( #2664 ), #1438, .F. ) ;
#2807 = PLANE ( 'NONE',  #3482 ) ;
#2808 = CARTESIAN_POINT ( 'NONE',  ( 3.700000000000000178, 1.412288678607071191, 3.601878488843856196 ) ) ;
#2809 = ORIENTED_EDGE ( 'NONE', *, *, #2813, .T. ) ;
#2810 = ORIENTED_EDGE ( 'NONE', *, *, #5364, .T. ) ;
#2811 = VECTOR ( 'NONE', #7068, 1000.000000000000000 ) ;
#2812 = EDGE_LOOP ( 'NONE', ( #6949, #3890, #3022, #352, #6993, #4910 ) ) ;
#2813 = EDGE_CURVE ( 'NONE', #7818, #4746, #6454, .T. ) ;
#2814 = DIRECTION ( 'NONE',  ( 0.7660444431189781245, 0.000000000000000000, 0.6427876096865393629 ) ) ;
#2815 = DIRECTION ( 'NONE',  ( -1.000000000000000000, 0.000000000000000000, 0.000000000000000000 ) ) ;
#2816 = VECTOR ( 'NONE', #1570, 1000.000000000000000 ) ;
#2817 = AXIS2_PLACEMENT_3D ( 'NONE', #4587, #3150, #6359 ) ;
#2818 = ORIENTED_EDGE ( 'NONE', *, *, #4627, .F. ) ;
#2819 = LINE ( 'NONE', #4720, #5227 ) ;
#2820 = CARTESIAN_POINT ( 'NONE',  ( -3.149999999999999911, 1.835969349108944604, 2.600000000000000089 ) ) ;
#2821 = CARTESIAN_POINT ( 'NONE',  ( 0.8750000000000003331, 0.4300000000000007150, 3.750000000000000000 ) ) ;
#2822 = CARTESIAN_POINT ( 'NONE',  ( -2.049999999999999822, 4.980000000000000426, 3.600000000000000089 ) ) ;
#2823 = VECTOR ( 'NONE', #4871, 1000.000000000000000 ) ;
#2824 = AXIS2_PLACEMENT_3D ( 'NONE', #4875, #6855, #551 ) ;
#2825 = ORIENTED_EDGE ( 'NONE', *, *, #3918, .F. ) ;
#2826 = CARTESIAN_POINT ( 'NONE',  ( 1.149999999999999911, 5.379999999999999893, 0.000000000000000000 ) ) ;
#2827 = CARTESIAN_POINT ( 'NONE',  ( 3.700000000000000178, 2.334618803272979104, 3.572697287147439837 ) ) ;
#2828 = ORIENTED_EDGE ( 'NONE', *, *, #2591, .T. ) ;
#2829 = EDGE_CURVE ( 'NONE', #4472, #957, #5743, .T. ) ;
#2830 = CARTESIAN_POINT ( 'NONE',  ( 0.000000000000000000, 5.379999999999999893, 3.199999999999998845 ) ) ;
#2831 = CARTESIAN_POINT ( 'NONE',  ( -4.549999999999998934, 0.3300000000000001266, 0.000000000000000000 ) ) ;
#2832 = CARTESIAN_POINT ( 'NONE',  ( -3.610466745476410999, 3.275871882639520116, 3.171443261993467821 ) ) ;
#2833 = AXIS2_PLACEMENT_3D ( 'NONE', #3242, #5166, #5740 ) ;
#2834 = LINE ( 'NONE', #5346, #4930 ) ;
#2835 = ORIENTED_EDGE ( 'NONE', *, *, #6432, .T. ) ;
#2836 = VECTOR ( 'NONE', #3380, 1000.000000000000000 ) ;
#2837 = CARTESIAN_POINT ( 'NONE',  ( -0.8900000000000001243, 2.879999999999999893, 3.369999999999999662 ) ) ;
#2838 = DIRECTION ( 'NONE',  ( -0.000000000000000000, 0.000000000000000000, -1.000000000000000000 ) ) ;
#2839 = EDGE_CURVE ( 'NONE', #3528, #2872, #2628, .T. ) ;
#2840 = ORIENTED_EDGE ( 'NONE', *, *, #4554, .F. ) ;
#2841 = DIRECTION ( 'NONE',  ( -0.000000000000000000, -0.000000000000000000, 1.000000000000000000 ) ) ;
#2842 = PLANE ( 'NONE',  #1113 ) ;
#2843 = ORIENTED_EDGE ( 'NONE', *, *, #4807, .F. ) ;
#2844 = VECTOR ( 'NONE', #4126, 1000.000000000000000 ) ;
#2845 = VERTEX_POINT ( 'NONE', #7595 ) ;
#2846 = ADVANCED_FACE ( 'NONE', ( #4518 ), #1524, .F. ) ;
#2847 = VECTOR ( 'NONE', #7126, 1000.000000000000000 ) ;
#2848 = LINE ( 'NONE', #2243, #5827 ) ;
#2849 = DIRECTION ( 'NONE',  ( 0.000000000000000000, -1.000000000000000000, 0.000000000000000000 ) ) ;
#2850 = PRODUCT_RELATED_PRODUCT_CATEGORY ( 'part', '', ( #1206 ) ) ;
#2851 = CARTESIAN_POINT ( 'NONE',  ( -4.800000000000000711, -0.7699999999999997957, 0.6999999999999513278 ) ) ;
#2852 = ORIENTED_EDGE ( 'NONE', *, *, #4368, .T. ) ;
#2853 = APPLICATION_CONTEXT ( 'automotive_design' ) ;
#2854 = CARTESIAN_POINT ( 'NONE',  ( 1.650000000000000133, 5.379999999999999893, 2.600000000000000089 ) ) ;
#2855 = ORIENTED_EDGE ( 'NONE', *, *, #7080, .F. ) ;
#2856 = VECTOR ( 'NONE', #6871, 1000.000000000000000 ) ;
#2857 = CARTESIAN_POINT ( 'NONE',  ( -0.08999999999999980238, 3.548505796534330958, 3.553360657221955154 ) ) ;
#2858 = ORIENTED_EDGE ( 'NONE', *, *, #5940, .T. ) ;
#2859 = EDGE_CURVE ( 'NONE', #823, #5929, #3910, .T. ) ;
#2860 = LINE ( 'NONE', #6006, #779 ) ;
#2861 = CIRCLE ( 'NONE', #3921, 0.09999999999999982514 ) ;
#2862 = CARTESIAN_POINT ( 'NONE',  ( -5.071260720662190025, -0.7699999999999997957, -0.1305120752859953437 ) ) ;
#2863 = ORIENTED_EDGE ( 'NONE', *, *, #5753, .T. ) ;
#2864 = DIRECTION ( 'NONE',  ( 0.000000000000000000, 0.000000000000000000, 1.000000000000000000 ) ) ;
#2865 = CARTESIAN_POINT ( 'NONE',  ( -5.500000000000000000, 5.380000000000001670, 3.750000000000000000 ) ) ;
#2866 = LINE ( 'NONE', #2749, #2451 ) ;
#2867 = EDGE_CURVE ( 'NONE', #8075, #7210, #4607, .T. ) ;
#2868 = VECTOR ( 'NONE', #1828, 1000.000000000000227 ) ;
#2869 = EDGE_CURVE ( 'NONE', #2008, #7575, #2753, .T. ) ;
#2870 = ORIENTED_EDGE ( 'NONE', *, *, #5706, .T. ) ;
#2871 = LINE ( 'NONE', #2826, #2816 ) ;
#2872 = VERTEX_POINT ( 'NONE', #5260 ) ;
#2873 = DIRECTION ( 'NONE',  ( -0.000000000000000000, 6.691560283308972679E-16, 1.000000000000000000 ) ) ;
#2874 = PRESENTATION_STYLE_ASSIGNMENT (( #5344 ) ) ;
#2875 = CARTESIAN_POINT ( 'NONE',  ( -2.324999999999999734, 0.4300000000000007150, 3.750000000000000000 ) ) ;
#2876 = VECTOR ( 'NONE', #6791, 1000.000000000000000 ) ;
#2877 = CARTESIAN_POINT ( 'NONE',  ( 0.000000000000000000, 5.379999999999999893, 3.199999999999998845 ) ) ;
#2878 = ADVANCED_FACE ( 'NONE', ( #7722 ), #5376, .T. ) ;
#2879 = DIRECTION ( 'NONE',  ( 0.000000000000000000, 0.000000000000000000, 1.000000000000000000 ) ) ;
#2880 = VECTOR ( 'NONE', #3384, 1000.000000000000114 ) ;
#2881 = DIRECTION ( 'NONE',  ( 1.000000000000000000, 0.000000000000000000, 0.000000000000000000 ) ) ;
#2882 = CARTESIAN_POINT ( 'NONE',  ( -2.709999999999999964, 2.879999999999999893, 3.369999999999999662 ) ) ;
#2883 = LINE ( 'NONE', #4077, #7892 ) ;
#2884 = VERTEX_POINT ( 'NONE', #2789 ) ;
#2885 = EDGE_CURVE ( 'NONE', #7131, #6870, #5935, .T. ) ;
#2886 = ORIENTED_EDGE ( 'NONE', *, *, #5020, .T. ) ;
#2887 = PLANE ( 'NONE',  #7245 ) ;
#2888 = PLANE ( 'NONE',  #4931 ) ;
#2889 = FACE_OUTER_BOUND ( 'NONE', #7128, .T. ) ;
#2890 = DIRECTION ( 'NONE',  ( 0.000000000000000000, -1.000000000000000000, 0.000000000000000000 ) ) ;
#2891 = LINE ( 'NONE', #7856, #4299 ) ;
#2892 = EDGE_CURVE ( 'NONE', #735, #5717, #6541, .T. ) ;
#2893 = ORIENTED_EDGE ( 'NONE', *, *, #870, .F. ) ;
#2894 = EDGE_CURVE ( 'NONE', #7707, #2130, #2871, .T. ) ;
#2895 = DIRECTION ( 'NONE',  ( 0.000000000000000000, -1.000000000000000000, 0.000000000000000000 ) ) ;
#2896 = ORIENTED_EDGE ( 'NONE', *, *, #3006, .F. ) ;
#2897 = PLANE ( 'NONE',  #7392 ) ;
#2898 = ORIENTED_EDGE ( 'NONE', *, *, #4617, .T. ) ;
#2899 = FACE_OUTER_BOUND ( 'NONE', #2736, .T. ) ;
#2900 = LINE ( 'NONE', #260, #5053 ) ;
#2901 = LINE ( 'NONE', #6615, #3638 ) ;
#2902 = EDGE_CURVE ( 'NONE', #5249, #5164, #4068, .T. ) ;
#2903 = ORIENTED_EDGE ( 'NONE', *, *, #4336, .F. ) ;
#2904 = EDGE_CURVE ( 'NONE', #4420, #2130, #7839, .T. ) ;
#2905 = CARTESIAN_POINT ( 'NONE',  ( 0.05000000000000012768, 3.979999999999998206, 2.600000000000000089 ) ) ;
#2906 = ORIENTED_EDGE ( 'NONE', *, *, #6477, .F. ) ;
#2907 = CARTESIAN_POINT ( 'NONE',  ( 3.299999999999999822, 0.3939045651229473033, -3.898121511156143359 ) ) ;
#2908 = DIRECTION ( 'NONE',  ( -0.7660444431189781245, 0.000000000000000000, 0.6427876096865393629 ) ) ;
#2909 = ORIENTED_EDGE ( 'NONE', *, *, #2527, .T. ) ;
#2910 = CARTESIAN_POINT ( 'NONE',  ( 1.149999999999999911, 5.379999999999999893, 3.199999999999998845 ) ) ;
#2911 = ORIENTED_EDGE ( 'NONE', *, *, #1295, .F. ) ;
#2912 = PLANE ( 'NONE',  #1814 ) ;
#2913 = CARTESIAN_POINT ( 'NONE',  ( -1.110000000000000320, 3.548505796534330958, 3.553360657221955154 ) ) ;
#2914 = DIRECTION ( 'NONE',  ( 1.000000000000000000, 0.000000000000000000, 0.000000000000000000 ) ) ;
#2915 = FACE_OUTER_BOUND ( 'NONE', #2517, .T. ) ;
#2916 = DIRECTION ( 'NONE',  ( 0.000000000000000000, 0.000000000000000000, 1.000000000000000000 ) ) ;
#2917 = DIRECTION ( 'NONE',  ( 0.000000000000000000, -0.1132032137678997130, -0.9935718556765882337 ) ) ;
#2918 = ADVANCED_FACE ( 'NONE', ( #3451 ), #4104, .T. ) ;
#2919 = DIRECTION ( 'NONE',  ( 0.000000000000000000, 1.363776317591828850E-16, -1.000000000000000000 ) ) ;
#2920 = FACE_OUTER_BOUND ( 'NONE', #8049, .T. ) ;
#2921 = ORIENTED_EDGE ( 'NONE', *, *, #5477, .T. ) ;
#2922 = VERTEX_POINT ( 'NONE', #7804 ) ;
#2923 = CARTESIAN_POINT ( 'NONE',  ( -2.709999999999999964, 1.379999999999999671, 3.369999999999999662 ) ) ;
#2924 = CARTESIAN_POINT ( 'NONE',  ( -0.4499999999999999001, 3.979999999999999094, 3.199999999999998845 ) ) ;
#2925 = CARTESIAN_POINT ( 'NONE',  ( -2.709999999999999964, 1.379999999999999671, 1.369999999999999662 ) ) ;
#2926 = CARTESIAN_POINT ( 'NONE',  ( 4.700000000000000178, 2.879999999999999893, 3.399999999999998579 ) ) ;
#2927 = DIRECTION ( 'NONE',  ( 1.000000000000000000, -0.000000000000000000, -0.000000000000000000 ) ) ;
#2928 = ORIENTED_EDGE ( 'NONE', *, *, #1648, .T. ) ;
#2929 = CARTESIAN_POINT ( 'NONE',  ( -4.700000000000000178, 3.979999999999999094, 2.600000000000000089 ) ) ;
#2930 = ORIENTED_EDGE ( 'NONE', *, *, #6060, .F. ) ;
#2931 = ORIENTED_EDGE ( 'NONE', *, *, #2377, .T. ) ;
#2932 = CARTESIAN_POINT ( 'NONE',  ( -4.700000000000000178, 3.979999999999999094, 3.199999999999998845 ) ) ;
#2933 = CARTESIAN_POINT ( 'NONE',  ( -4.700000000000000178, 3.979999999999999094, 3.199999999999998845 ) ) ;
#2934 = CARTESIAN_POINT ( 'NONE',  ( 4.700000000000000178, 3.979999999999999094, 3.199999999999998845 ) ) ;
#2935 = DIRECTION ( 'NONE',  ( 0.6546536707079770867, 0.6546536707079774198, -0.3779644730092268090 ) ) ;
#2936 = EDGE_CURVE ( 'NONE', #2216, #371, #2227, .T. ) ;
#2937 = ORIENTED_EDGE ( 'NONE', *, *, #6240, .T. ) ;
#2938 = EDGE_CURVE ( 'NONE', #2140, #1686, #4726, .T. ) ;
#2939 = VECTOR ( 'NONE', #4603, 1000.000000000000114 ) ;
#2940 = DIRECTION ( 'NONE',  ( 0.3868795754558335687, -0.7985882202808504138, 0.4610651239508122834 ) ) ;
#2941 = VECTOR ( 'NONE', #4263, 1000.000000000000000 ) ;
#2942 = ORIENTED_EDGE ( 'NONE', *, *, #642, .F. ) ;
#2943 = CARTESIAN_POINT ( 'NONE',  ( -0.4499999999999999001, 4.380000000000001670, 3.600000000000000089 ) ) ;
#2944 = VERTEX_POINT ( 'NONE', #1607 ) ;
#2945 = DIRECTION ( 'NONE',  ( -1.000000000000000000, -0.000000000000000000, -0.000000000000000000 ) ) ;
#2946 = ADVANCED_FACE ( 'NONE', ( #985 ), #3492, .F. ) ;
#2947 = ADVANCED_FACE ( 'NONE', ( #4760 ), #4147, .F. ) ;
#2948 = VECTOR ( 'NONE', #2106, 1000.000000000000000 ) ;
#2949 = VECTOR ( 'NONE', #6680, 999.9999999999998863 ) ;
#2950 = LINE ( 'NONE', #479, #370 ) ;
#2951 = EDGE_LOOP ( 'NONE', ( #4262, #4632, #4062, #4247, #7464, #7060, #1133 ) ) ;
#2952 = PLANE ( 'NONE',  #5046 ) ;
#2953 = DIRECTION ( 'NONE',  ( 0.000000000000000000, -1.000000000000000000, 0.000000000000000000 ) ) ;
#2954 = VECTOR ( 'NONE', #8022, 1000.000000000000000 ) ;
#2955 = VECTOR ( 'NONE', #6317, 1000.000000000000000 ) ;
#2956 = CARTESIAN_POINT ( 'NONE',  ( 3.700000000000000178, 2.169580722449310439, 3.881343414416258852 ) ) ;
#2957 = DIRECTION ( 'NONE',  ( 0.000000000000000000, -0.000000000000000000, -1.000000000000000000 ) ) ;
#2958 = VECTOR ( 'NONE', #5042, 1000.000000000000000 ) ;
#2959 = DIRECTION ( 'NONE',  ( 1.144344205099612874E-16, -1.000000000000000000, -1.363776317591828850E-16 ) ) ;
#2960 = CARTESIAN_POINT ( 'NONE',  ( -0.3099999999999999423, 0.4300000000000000488, 0.000000000000000000 ) ) ;
#2961 = ORIENTED_EDGE ( 'NONE', *, *, #4969, .T. ) ;
#2962 = AXIS2_PLACEMENT_3D ( 'NONE', #6958, #3880, #4410 ) ;
#2963 = ORIENTED_EDGE ( 'NONE', *, *, #3992, .F. ) ;
#2964 = VERTEX_POINT ( 'NONE', #5294 ) ;
#2965 = EDGE_CURVE ( 'NONE', #6306, #8075, #5710, .T. ) ;
#2966 = DIRECTION ( 'NONE',  ( -0.000000000000000000, 1.000000000000000000, -0.000000000000000000 ) ) ;
#2967 = EDGE_CURVE ( 'NONE', #3522, #5623, #6665, .T. ) ;
#2968 = LINE ( 'NONE', #3017, #5434 ) ;
#2969 = VECTOR ( 'NONE', #1531, 1000.000000000000000 ) ;
#2970 = LINE ( 'NONE', #7893, #3089 ) ;
#2971 = DIRECTION ( 'NONE',  ( -1.000000000000000000, 0.000000000000000000, 0.000000000000000000 ) ) ;
#2972 = EDGE_LOOP ( 'NONE', ( #5539, #1059, #5886, #5804 ) ) ;
#2973 = CARTESIAN_POINT ( 'NONE',  ( -4.360056846202842173, -0.5200000000000042366, 0.07277958692071931357 ) ) ;
#2974 = VERTEX_POINT ( 'NONE', #2301 ) ;
#2975 = LINE ( 'NONE', #7944, #5586 ) ;
#2976 = ORIENTED_EDGE ( 'NONE', *, *, #8041, .F. ) ;
#2977 = EDGE_CURVE ( 'NONE', #342, #4641, #5904, .T. ) ;
#2978 = VECTOR ( 'NONE', #4038, 1000.000000000000000 ) ;
#2979 = CARTESIAN_POINT ( 'NONE',  ( 0.000000000000000000, 0.4300000000000000488, 3.750000000000000000 ) ) ;
#2980 = CARTESIAN_POINT ( 'NONE',  ( 0.4899999999999999911, 3.548505796534330958, 3.553360657221955154 ) ) ;
#2981 = CARTESIAN_POINT ( 'NONE',  ( 0.4899999999999999911, 1.379999999999999671, 3.369999999999999662 ) ) ;
#2982 = CARTESIAN_POINT ( 'NONE',  ( 3.689999999999999947, 2.879999999999999893, 3.399999999999998579 ) ) ;
#2983 = VERTEX_POINT ( 'NONE', #1074 ) ;
#2984 = VECTOR ( 'NONE', #104, 1000.000000000000000 ) ;
#2985 = CARTESIAN_POINT ( 'NONE',  ( 0.05000000000000012768, 5.379999999999999893, 3.199999999999998845 ) ) ;
#2986 = CARTESIAN_POINT ( 'NONE',  ( -4.700000000000000178, 3.979999999999999094, 3.199999999999998845 ) ) ;
#2987 = ORIENTED_EDGE ( 'NONE', *, *, #1045, .T. ) ;
#2988 = VERTEX_POINT ( 'NONE', #3575 ) ;
#2989 = AXIS2_PLACEMENT_3D ( 'NONE', #2661, #5333, #855 ) ;
#2990 = EDGE_CURVE ( 'NONE', #3472, #2387, #7914, .T. ) ;
#2991 = DIRECTION ( 'NONE',  ( 0.000000000000000000, -0.000000000000000000, -1.000000000000000000 ) ) ;
#2992 = CARTESIAN_POINT ( 'NONE',  ( 3.910000000000000142, 2.614371549809415107, 3.553360657221955154 ) ) ;
#2993 =( LENGTH_UNIT ( ) NAMED_UNIT ( * ) SI_UNIT ( .MILLI., .METRE. ) );
#2994 = ORIENTED_EDGE ( 'NONE', *, *, #1209, .T. ) ;
#2995 = DIRECTION ( 'NONE',  ( -0.7660444431189781245, 0.000000000000000000, 0.6427876096865393629 ) ) ;
#2996 = CARTESIAN_POINT ( 'NONE',  ( -4.049999999999999822, 0.1300000000000000600, 2.250000000000000000 ) ) ;
#2997 = LINE ( 'NONE', #5503, #1895 ) ;
#2998 = CARTESIAN_POINT ( 'NONE',  ( -0.7499999999999997780, 3.979999999999999094, 3.199999999999998845 ) ) ;
#2999 = VECTOR ( 'NONE', #7969, 1000.000000000000000 ) ;
#3000 = EDGE_CURVE ( 'NONE', #7148, #2302, #6501, .T. ) ;
#3001 = VECTOR ( 'NONE', #6757, 1000.000000000000000 ) ;
#3002 = PRODUCT_CONTEXT ( 'NONE', #3711, 'mechanical' ) ;
#3003 = ORIENTED_EDGE ( 'NONE', *, *, #6508, .F. ) ;
#3004 = VERTEX_POINT ( 'NONE', #7499 ) ;
#3005 = EDGE_CURVE ( 'NONE', #670, #3588, #3599, .T. ) ;
#3006 = EDGE_CURVE ( 'NONE', #3158, #7681, #3175, .T. ) ;
#3007 = LINE ( 'NONE', #3673, #6779 ) ;
#3008 = VECTOR ( 'NONE', #6293, 1000.000000000000000 ) ;
#3009 = DIRECTION ( 'NONE',  ( -0.6427876096865392519, 0.000000000000000000, 0.7660444431189780135 ) ) ;
#3010 = DIRECTION ( 'NONE',  ( -0.000000000000000000, -0.7071067811865474617, 0.7071067811865474617 ) ) ;
#3011 = CARTESIAN_POINT ( 'NONE',  ( -1.909999999999999698, 0.4300000000000007150, 3.553360657221955154 ) ) ;
#3012 = VERTEX_POINT ( 'NONE', #6309 ) ;
#3013 = EDGE_CURVE ( 'NONE', #957, #7694, #7571, .T. ) ;
#3014 = AXIS2_PLACEMENT_3D ( 'NONE', #3565, #6044, #6689 ) ;
#3015 = VERTEX_POINT ( 'NONE', #7647 ) ;
#3016 = DIRECTION ( 'NONE',  ( 0.000000000000000000, 0.000000000000000000, 1.000000000000000000 ) ) ;
#3017 = CARTESIAN_POINT ( 'NONE',  ( -1.909999999999999698, 2.879999999999999893, 1.369999999999999662 ) ) ;
#3018 = FACE_OUTER_BOUND ( 'NONE', #7508, .T. ) ;
#3019 = UNCERTAINTY_MEASURE_WITH_UNIT (LENGTH_MEASURE( 1.000000000000000082E-05 ), #914, 'distance_accuracy_value', 'NONE');
#3020 = EDGE_LOOP ( 'NONE', ( #3878, #7738, #4343, #3400 ) ) ;
#3021 = DIRECTION ( 'NONE',  ( 0.7660444431189781245, 0.000000000000000000, 0.6427876096865393629 ) ) ;
#3022 = ORIENTED_EDGE ( 'NONE', *, *, #4772, .T. ) ;
#3023 = CARTESIAN_POINT ( 'NONE',  ( 0.7100000000000000755, 1.379999999999999671, 1.369999999999999662 ) ) ;
#3024 = ORIENTED_EDGE ( 'NONE', *, *, #2859, .F. ) ;
#3025 = DIRECTION ( 'NONE',  ( 0.000000000000000000, 1.363776317591828850E-16, -1.000000000000000000 ) ) ;
#3026 = CARTESIAN_POINT ( 'NONE',  ( 2.475000000000000533, 0.4300000000000007150, 3.750000000000000000 ) ) ;
#3027 = LINE ( 'NONE', #3114, #1522 ) ;
#3028 = EDGE_CURVE ( 'NONE', #1253, #7614, #1988, .T. ) ;
#3029 = DIRECTION ( 'NONE',  ( -0.000000000000000000, 0.7071067811865489050, 0.7071067811865460184 ) ) ;
#3030 = CARTESIAN_POINT ( 'NONE',  ( 4.500000000000000000, 2.200000000000001066, 3.899999999999999911 ) ) ;
#3031 = ORIENTED_EDGE ( 'NONE', *, *, #955, .F. ) ;
#3032 = CARTESIAN_POINT ( 'NONE',  ( 3.110000000000000320, 2.879999999999999893, 3.369999999999999662 ) ) ;
#3033 = ORIENTED_EDGE ( 'NONE', *, *, #1166, .F. ) ;
#3034 = FACE_OUTER_BOUND ( 'NONE', #7632, .T. ) ;
#3035 = DIRECTION ( 'NONE',  ( -0.000000000000000000, 1.000000000000000000, -0.000000000000000000 ) ) ;
#3036 = ORIENTED_EDGE ( 'NONE', *, *, #6326, .F. ) ;
#3037 = CARTESIAN_POINT ( 'NONE',  ( -4.700000000000000178, 2.879999999999999893, 3.399999999999998579 ) ) ;
#3038 = ORIENTED_EDGE ( 'NONE', *, *, #4202, .F. ) ;
#3039 = CARTESIAN_POINT ( 'NONE',  ( -4.700000000000000178, 2.879999999999999893, 3.399999999999998579 ) ) ;
#3040 = CARTESIAN_POINT ( 'NONE',  ( -0.7999999999999999334, 1.734723475976808278E-15, 0.000000000000000000 ) ) ;
#3041 = ORIENTED_EDGE ( 'NONE', *, *, #2629, .T. ) ;
#3042 = DIRECTION ( 'NONE',  ( 1.000000000000000000, -0.000000000000000000, -0.000000000000000000 ) ) ;
#3043 = DIRECTION ( 'NONE',  ( -1.000000000000000000, 0.000000000000000000, 0.000000000000000000 ) ) ;
#3044 = CARTESIAN_POINT ( 'NONE',  ( 3.275000000000000355, 2.273782217350890367, 3.750000000000000000 ) ) ;
#3045 = ORIENTED_EDGE ( 'NONE', *, *, #2647, .F. ) ;
#3046 = ORIENTED_EDGE ( 'NONE', *, *, #3415, .F. ) ;
#3047 = DIRECTION ( 'NONE',  ( -1.000000000000000000, 0.000000000000000000, 0.000000000000000000 ) ) ;
#3048 = FACE_OUTER_BOUND ( 'NONE', #3745, .T. ) ;
#3049 = CARTESIAN_POINT ( 'NONE',  ( 3.689999999999999947, 1.379999999999999671, 1.369999999999999662 ) ) ;
#3050 = CARTESIAN_POINT ( 'NONE',  ( -4.700000000000000178, 3.979999999999998206, 3.399999999999998579 ) ) ;
#3051 = ORIENTED_EDGE ( 'NONE', *, *, #5067, .F. ) ;
#3052 = DIRECTION ( 'NONE',  ( 0.000000000000000000, 1.000000000000000000, 1.363776317591828850E-16 ) ) ;
#3053 = VERTEX_POINT ( 'NONE', #5641 ) ;
#3054 = DIRECTION ( 'NONE',  ( 0.000000000000000000, -0.000000000000000000, -1.000000000000000000 ) ) ;
#3055 = EDGE_CURVE ( 'NONE', #6280, #4459, #5676, .T. ) ;
#3056 = LINE ( 'NONE', #5554, #1514 ) ;
#3057 = DIRECTION ( 'NONE',  ( 0.000000000000000000, -1.000000000000000000, 0.000000000000000000 ) ) ;
#3058 = LINE ( 'NONE', #6034, #2177 ) ;
#3059 = ORIENTED_EDGE ( 'NONE', *, *, #797, .T. ) ;
#3060 = FACE_OUTER_BOUND ( 'NONE', #3070, .T. ) ;
#3061 = ORIENTED_EDGE ( 'NONE', *, *, #3252, .F. ) ;
#3062 = CARTESIAN_POINT ( 'NONE',  ( -4.700000000000000178, 2.879999999999999893, 3.399999999999998579 ) ) ;
#3063 = VERTEX_POINT ( 'NONE', #4578 ) ;
#3064 = CARTESIAN_POINT ( 'NONE',  ( 3.250000000000000444, 4.980000000000000426, 3.600000000000000089 ) ) ;
#3065 = DIRECTION ( 'NONE',  ( 0.000000000000000000, 1.000000000000000000, 1.363776317591828850E-16 ) ) ;
#3066 = CARTESIAN_POINT ( 'NONE',  ( 0.3500000000000002554, 4.380000000000001670, 3.600000000000000089 ) ) ;
#3067 = DIRECTION ( 'NONE',  ( 1.000000000000000000, -0.000000000000000000, 0.000000000000000000 ) ) ;
#3068 = ORIENTED_EDGE ( 'NONE', *, *, #3415, .T. ) ;
#3069 = DIRECTION ( 'NONE',  ( -0.5220483011439890353, 0.000000000000000000, 0.8529159227454221615 ) ) ;
#3070 = EDGE_LOOP ( 'NONE', ( #3134, #3118, #2259, #3180 ) ) ;
#3071 = VECTOR ( 'NONE', #264, 1000.000000000000000 ) ;
#3072 = VERTEX_POINT ( 'NONE', #1407 ) ;
#3073 = VERTEX_POINT ( 'NONE', #1289 ) ;
#3074 = EDGE_CURVE ( 'NONE', #2709, #7601, #4492, .T. ) ;
#3075 = LINE ( 'NONE', #133, #474 ) ;
#3076 = VECTOR ( 'NONE', #4365, 1000.000000000000000 ) ;
#3077 = VECTOR ( 'NONE', #7955, 1000.000000000000000 ) ;
#3078 = ORIENTED_EDGE ( 'NONE', *, *, #1581, .F. ) ;
#3079 = CARTESIAN_POINT ( 'NONE',  ( 4.299999999999998046, 5.379999999999999893, -4.000000000000000888 ) ) ;
#3080 = DIRECTION ( 'NONE',  ( 0.000000000000000000, 0.000000000000000000, -1.000000000000000000 ) ) ;
#3081 = ORIENTED_EDGE ( 'NONE', *, *, #1622, .F. ) ;
#3082 = AXIS2_PLACEMENT_3D ( 'NONE', #1124, #6110, #3016 ) ;
#3083 = VECTOR ( 'NONE', #3838, 1000.000000000000000 ) ;
#3084 = ORIENTED_EDGE ( 'NONE', *, *, #3376, .T. ) ;
#3085 = ADVANCED_FACE ( 'NONE', ( #120 ), #2560, .F. ) ;
#3086 = CARTESIAN_POINT ( 'NONE',  ( 3.500000000000000000, 0.1000000000000000056, -3.598121511156143537 ) ) ;
#3087 = CARTESIAN_POINT ( 'NONE',  ( 4.700000000000000178, 0.000000000000000000, 3.100000000000000089 ) ) ;
#3088 = LINE ( 'NONE', #533, #1126 ) ;
#3089 = VECTOR ( 'NONE', #539, 1000.000000000000000 ) ;
#3090 = VECTOR ( 'NONE', #5840, 1000.000000000000000 ) ;
#3091 = ORIENTED_EDGE ( 'NONE', *, *, #7197, .T. ) ;
#3092 = ORIENTED_EDGE ( 'NONE', *, *, #4322, .F. ) ;
#3093 = FACE_OUTER_BOUND ( 'NONE', #3966, .T. ) ;
#3094 = ORIENTED_EDGE ( 'NONE', *, *, #1246, .F. ) ;
#3095 = VECTOR ( 'NONE', #8042, 1000.000000000000000 ) ;
#3096 = AXIS2_PLACEMENT_3D ( 'NONE', #5060, #7522, #1941 ) ;
#3097 = EDGE_CURVE ( 'NONE', #7473, #3522, #665, .T. ) ;
#3098 = ADVANCED_FACE ( 'NONE', ( #3884 ), #1951, .F. ) ;
#3099 = LINE ( 'NONE', #1790, #7406 ) ;
#3100 = SURFACE_STYLE_FILL_AREA ( #4243 ) ;
#3101 = VERTEX_POINT ( 'NONE', #3770 ) ;
#3102 = LINE ( 'NONE', #5604, #5983 ) ;
#3103 = EDGE_LOOP ( 'NONE', ( #7834, #5915, #2903, #6196 ) ) ;
#3104 = AXIS2_PLACEMENT_3D ( 'NONE', #1605, #4723, #4142 ) ;
#3105 = CARTESIAN_POINT ( 'NONE',  ( 0.4899999999999999911, 0.4300000000000007150, 3.369999999999999662 ) ) ;
#3106 = ORIENTED_EDGE ( 'NONE', *, *, #1540, .T. ) ;
#3107 = EDGE_CURVE ( 'NONE', #1450, #7095, #742, .T. ) ;
#3108 = DIRECTION ( 'NONE',  ( 0.000000000000000000, 0.000000000000000000, -1.000000000000000000 ) ) ;
#3109 = EDGE_LOOP ( 'NONE', ( #7525, #2681, #6087, #3349, #5791, #7495 ) ) ;
#3110 = DIRECTION ( 'NONE',  ( 0.000000000000000000, 0.000000000000000000, 1.000000000000000000 ) ) ;
#3111 = CIRCLE ( 'NONE', #1399, 0.2500000000000002220 ) ;
#3112 = ADVANCED_FACE ( 'NONE', ( #7604 ), #2026, .F. ) ;
#3113 = DIRECTION ( 'NONE',  ( 0.000000000000000000, 0.000000000000000000, -1.000000000000000000 ) ) ;
#3114 = CARTESIAN_POINT ( 'NONE',  ( -5.284489701348561219, -0.5199999999999975753, -8.700722434196173083E-15 ) ) ;
#3115 = CARTESIAN_POINT ( 'NONE',  ( 5.500000000000000000, 3.880000000000002558, 3.100000000000000089 ) ) ;
#3116 = VERTEX_POINT ( 'NONE', #4033 ) ;
#3117 = LINE ( 'NONE', #1263, #3128 ) ;
#3118 = ORIENTED_EDGE ( 'NONE', *, *, #3766, .T. ) ;
#3119 = AXIS2_PLACEMENT_3D ( 'NONE', #1421, #707, #3934 ) ;
#3120 = CARTESIAN_POINT ( 'NONE',  ( -4.700000000000000178, 2.879999999999999893, 3.399999999999998579 ) ) ;
#3121 = ORIENTED_EDGE ( 'NONE', *, *, #6489, .T. ) ;
#3122 = CONTEXT_DEPENDENT_SHAPE_REPRESENTATION ( #6297, #8046 ) ;
#3123 = ORIENTED_EDGE ( 'NONE', *, *, #6109, .F. ) ;
#3124 = VECTOR ( 'NONE', #7491, 1000.000000000000000 ) ;
#3125 = ORIENTED_EDGE ( 'NONE', *, *, #7332, .T. ) ;
#3126 = CARTESIAN_POINT ( 'NONE',  ( -1.110000000000000320, 1.379999999999999671, 1.369999999999999662 ) ) ;
#3127 = ADVANCED_FACE ( 'NONE', ( #4647 ), #7200, .T. ) ;
#3128 = VECTOR ( 'NONE', #6286, 1000.000000000000000 ) ;
#3129 = ORIENTED_EDGE ( 'NONE', *, *, #6240, .F. ) ;
#3130 = CARTESIAN_POINT ( 'NONE',  ( -0.3100639895650942335, 0.4300000000000000488, -0.2601745792854265882 ) ) ;
#3131 = DIRECTION ( 'NONE',  ( -0.7660444431189781245, 0.000000000000000000, 0.6427876096865393629 ) ) ;
#3132 = DIRECTION ( 'NONE',  ( 0.000000000000000000, 1.000000000000000000, -9.870556146261273466E-17 ) ) ;
#3133 = VECTOR ( 'NONE', #1595, 1000.000000000000000 ) ;
#3134 = ORIENTED_EDGE ( 'NONE', *, *, #7478, .F. ) ;
#3135 = ORIENTED_EDGE ( 'NONE', *, *, #4003, .T. ) ;
#3136 = PLANE ( 'NONE',  #7520 ) ;
#3137 = VERTEX_POINT ( 'NONE', #4612 ) ;
#3138 = VECTOR ( 'NONE', #1571, 1000.000000000000000 ) ;
#3139 = DIRECTION ( 'NONE',  ( -0.000000000000000000, 1.000000000000000000, -0.000000000000000000 ) ) ;
#3140 = ORIENTED_EDGE ( 'NONE', *, *, #478, .T. ) ;
#3141 = DIRECTION ( 'NONE',  ( 0.6427876096865392519, 0.000000000000000000, 0.7660444431189780135 ) ) ;
#3142 = EDGE_CURVE ( 'NONE', #5200, #8027, #7076, .T. ) ;
#3143 = ORIENTED_EDGE ( 'NONE', *, *, #2234, .F. ) ;
#3144 = AXIS2_PLACEMENT_3D ( 'NONE', #2637, #1850, #3065 ) ;
#3145 = LINE ( 'NONE', #1177, #6512 ) ;
#3146 = ORIENTED_EDGE ( 'NONE', *, *, #2618, .T. ) ;
#3147 = VERTEX_POINT ( 'NONE', #6509 ) ;
#3148 = CARTESIAN_POINT ( 'NONE',  ( 4.700000000000000178, 3.880000000000002558, 3.100000000000000089 ) ) ;
#3149 = COLOUR_RGB ( '',0.2509803921568627416, 0.2509803921568627416, 0.2509803921568627416 ) ;
#3150 = DIRECTION ( 'NONE',  ( -1.000000000000000000, 0.000000000000000000, 0.000000000000000000 ) ) ;
#3151 = EDGE_CURVE ( 'NONE', #7473, #2008, #5177, .T. ) ;
#3152 = CARTESIAN_POINT ( 'NONE',  ( -2.074999999999999734, 2.273782217350889923, 3.749999999999999556 ) ) ;
#3153 = ORIENTED_EDGE ( 'NONE', *, *, #3097, .F. ) ;
#3154 = CARTESIAN_POINT ( 'NONE',  ( -3.950000000000000178, 3.979999999999999094, 3.199999999999998845 ) ) ;
#3155 = EDGE_LOOP ( 'NONE', ( #7087, #5563, #4769, #1840, #5054, #1004, #6698 ) ) ;
#3156 = LINE ( 'NONE', #678, #5192 ) ;
#3157 = CONTEXT_DEPENDENT_SHAPE_REPRESENTATION ( #3280, #3449 ) ;
#3158 = VERTEX_POINT ( 'NONE', #1613 ) ;
#3159 = ADVANCED_FACE ( 'NONE', ( #1486 ), #3988, .F. ) ;
#3160 = DIRECTION ( 'NONE',  ( 0.000000000000000000, 0.000000000000000000, 1.000000000000000000 ) ) ;
#3161 = CARTESIAN_POINT ( 'NONE',  ( 0.000000000000000000, 0.1300000000000000600, 0.000000000000000000 ) ) ;
#3162 = ORIENTED_EDGE ( 'NONE', *, *, #322, .T. ) ;
#3163 = CARTESIAN_POINT ( 'NONE',  ( -4.500000000000000000, 2.200000000000000178, 3.899999999999999467 ) ) ;
#3164 = LINE ( 'NONE', #6753, #7401 ) ;
#3165 = VERTEX_POINT ( 'NONE', #869 ) ;
#3166 = CARTESIAN_POINT ( 'NONE',  ( 3.700000000000000178, 2.169580722449310439, 3.881343414416258852 ) ) ;
#3167 = LINE ( 'NONE', #5669, #3668 ) ;
#3168 = DIRECTION ( 'NONE',  ( 0.000000000000000000, -1.000000000000000000, 3.183472606097238429E-16 ) ) ;
#3169 = ORIENTED_EDGE ( 'NONE', *, *, #6832, .F. ) ;
#3170 = VERTEX_POINT ( 'NONE', #4571 ) ;
#3171 = LINE ( 'NONE', #8066, #6876 ) ;
#3172 = ORIENTED_EDGE ( 'NONE', *, *, #4703, .T. ) ;
#3173 = EDGE_CURVE ( 'NONE', #371, #2728, #5821, .T. ) ;
#3174 = EDGE_CURVE ( 'NONE', #2697, #1631, #3456, .T. ) ;
#3175 = LINE ( 'NONE', #80, #4136 ) ;
#3176 = CARTESIAN_POINT ( 'NONE',  ( -2.490000000000000213, 3.548505796534330958, 3.553360657221955154 ) ) ;
#3177 = ORIENTED_EDGE ( 'NONE', *, *, #2763, .F. ) ;
#3178 = DIRECTION ( 'NONE',  ( 0.000000000000000000, 0.000000000000000000, 1.000000000000000000 ) ) ;
#3179 = ORIENTED_EDGE ( 'NONE', *, *, #2591, .F. ) ;
#3180 = ORIENTED_EDGE ( 'NONE', *, *, #680, .T. ) ;
#3181 = ORIENTED_EDGE ( 'NONE', *, *, #3006, .T. ) ;
#3182 = EDGE_CURVE ( 'NONE', #1942, #2512, #1448, .T. ) ;
#3183 = DIRECTION ( 'NONE',  ( -1.000000000000000000, 0.000000000000000000, 0.000000000000000000 ) ) ;
#3184 = CARTESIAN_POINT ( 'NONE',  ( -4.800000000000000711, -0.7699999999999997957, 0.5999999999999513500 ) ) ;
#3185 = DIRECTION ( 'NONE',  ( 0.3868795754558335687, 0.7985882202808504138, -0.4610651239508122834 ) ) ;
#3186 = CARTESIAN_POINT ( 'NONE',  ( 2.310000000000000497, 1.379999999999999671, 1.369999999999999662 ) ) ;
#3187 = CARTESIAN_POINT ( 'NONE',  ( -0.3100000000000012745, 2.879999999999999893, 3.399999999999998579 ) ) ;
#3188 = ORIENTED_EDGE ( 'NONE', *, *, #5020, .F. ) ;
#3189 = DIRECTION ( 'NONE',  ( 0.000000000000000000, 1.000000000000000000, 0.000000000000000000 ) ) ;
#3190 = ORIENTED_EDGE ( 'NONE', *, *, #8008, .T. ) ;
#3191 = ORIENTED_EDGE ( 'NONE', *, *, #7709, .F. ) ;
#3192 = CARTESIAN_POINT ( 'NONE',  ( 0.000000000000000000, 5.379999999999999893, 3.199999999999998845 ) ) ;
#3193 = ITEM_DEFINED_TRANSFORMATION ( 'NONE', 'NONE', #4070,  #1711 ) ;
#3194 = EDGE_CURVE ( 'NONE', #6846, #2592, #2834, .T. ) ;
#3195 = FACE_OUTER_BOUND ( 'NONE', #3849, .T. ) ;
#3196 = DIRECTION ( 'NONE',  ( 1.000000000000000000, -0.000000000000000000, -0.000000000000000000 ) ) ;
#3197 = ADVANCED_FACE ( 'NONE', ( #6580 ), #7809, .T. ) ;
#3198 = VERTEX_POINT ( 'NONE', #4732 ) ;
#3199 = FACE_OUTER_BOUND ( 'NONE', #4537, .T. ) ;
#3200 = CARTESIAN_POINT ( 'NONE',  ( 1.950000000000000178, 1.835969349108944604, 2.600000000000000089 ) ) ;
#3201 = EDGE_CURVE ( 'NONE', #547, #6770, #567, .T. ) ;
#3202 = EDGE_LOOP ( 'NONE', ( #3214, #6743, #1647, #6517 ) ) ;
#3203 = CARTESIAN_POINT ( 'NONE',  ( -1.600000000000000089, 0.000000000000000000, 1.369999999999999662 ) ) ;
#3204 = AXIS2_PLACEMENT_3D ( 'NONE', #7845, #5382, #2390 ) ;
#3205 = DIRECTION ( 'NONE',  ( -0.000000000000000000, -0.7071067811865489050, -0.7071067811865460184 ) ) ;
#3206 = CARTESIAN_POINT ( 'NONE',  ( 5.500000000000000000, 0.1300000000000000600, 2.250000000000000000 ) ) ;
#3207 = CARTESIAN_POINT ( 'NONE',  ( 3.299999999999999822, 9.486769009248163798E-17, -3.698121511156143626 ) ) ;
#3208 = ORIENTED_EDGE ( 'NONE', *, *, #1386, .F. ) ;
#3209 = VECTOR ( 'NONE', #5423, 1000.000000000000114 ) ;
#3210 = DIRECTION ( 'NONE',  ( 0.000000000000000000, 0.000000000000000000, 1.000000000000000000 ) ) ;
#3211 = CIRCLE ( 'NONE', #6200, 0.09999999999999982514 ) ;
#3212 = AXIS2_PLACEMENT_3D ( 'NONE', #4842, #6624, #7872 ) ;
#3213 = VECTOR ( 'NONE', #3526, 1000.000000000000227 ) ;
#3214 = ORIENTED_EDGE ( 'NONE', *, *, #4465, .T. ) ;
#3215 = LINE ( 'NONE', #7573, #5351 ) ;
#3216 = ORIENTED_EDGE ( 'NONE', *, *, #3182, .F. ) ;
#3217 = EDGE_CURVE ( 'NONE', #5575, #292, #2069, .T. ) ;
#3218 = VERTEX_POINT ( 'NONE', #1461 ) ;
#3219 = AXIS2_PLACEMENT_3D ( 'NONE', #3399, #5889, #7182 ) ;
#3220 = EDGE_CURVE ( 'NONE', #5431, #6298, #2650, .T. ) ;
#3221 = VECTOR ( 'NONE', #89, 1000.000000000000114 ) ;
#3222 = ORIENTED_EDGE ( 'NONE', *, *, #7493, .F. ) ;
#3223 = DIRECTION ( 'NONE',  ( -0.000000000000000000, 0.000000000000000000, 1.000000000000000000 ) ) ;
#3224 = LINE ( 'NONE', #2038, #6465 ) ;
#3225 = VECTOR ( 'NONE', #6272, 1000.000000000000000 ) ;
#3226 = LINE ( 'NONE', #2773, #5084 ) ;
#3227 = ORIENTED_EDGE ( 'NONE', *, *, #7057, .T. ) ;
#3228 = CARTESIAN_POINT ( 'NONE',  ( -3.631055338789745957, -0.7699999999999997957, -2.222477292806728233 ) ) ;
#3229 = ADVANCED_FACE ( 'NONE', ( #7256 ), #4628, .F. ) ;
#3230 = ORIENTED_EDGE ( 'NONE', *, *, #2114, .F. ) ;
#3231 = LINE ( 'NONE', #1341, #1529 ) ;
#3232 = AXIS2_PLACEMENT_3D ( 'NONE', #3949, #5051, #814 ) ;
#3233 = ORIENTED_EDGE ( 'NONE', *, *, #6150, .F. ) ;
#3234 = PLANE ( 'NONE',  #7145 ) ;
#3235 = PLANE ( 'NONE',  #2232 ) ;
#3236 = DIRECTION ( 'NONE',  ( 0.000000000000000000, -1.000000000000000000, 0.000000000000000000 ) ) ;
#3237 = ORIENTED_EDGE ( 'NONE', *, *, #6379, .T. ) ;
#3238 = VECTOR ( 'NONE', #7331, 1000.000000000000114 ) ;
#3239 = CARTESIAN_POINT ( 'NONE',  ( 2.450000000000000178, 1.835969349108944604, 3.600000000000000089 ) ) ;
#3240 = PLANE ( 'NONE',  #5425 ) ;
#3241 = CARTESIAN_POINT ( 'NONE',  ( -4.800000000000000711, -0.7699999999999997957, 0.5999999999999513500 ) ) ;
#3242 = CARTESIAN_POINT ( 'NONE',  ( -5.500000000000000000, 5.380000000000001670, 3.600000000000000089 ) ) ;
#3243 = ADVANCED_FACE ( 'NONE', ( #5957 ), #2807, .F. ) ;
#3244 = ORIENTED_EDGE ( 'NONE', *, *, #4112, .F. ) ;
#3245 = DIRECTION ( 'NONE',  ( 0.000000000000000000, 1.000000000000000000, 1.363776317591828850E-16 ) ) ;
#3246 = VECTOR ( 'NONE', #240, 1000.000000000000000 ) ;
#3247 = LINE ( 'NONE', #7038, #1430 ) ;
#3248 = FACE_OUTER_BOUND ( 'NONE', #2584, .T. ) ;
#3249 = EDGE_CURVE ( 'NONE', #4240, #1629, #1625, .T. ) ;
#3250 = DIRECTION ( 'NONE',  ( -0.000000000000000000, -0.000000000000000000, 1.000000000000000000 ) ) ;
#3251 = CARTESIAN_POINT ( 'NONE',  ( -3.950000000000000178, 3.979999999999999094, 3.199999999999998845 ) ) ;
#3252 = EDGE_CURVE ( 'NONE', #7258, #7707, #1503, .T. ) ;
#3253 = VERTEX_POINT ( 'NONE', #5391 ) ;
#3254 = ORIENTED_EDGE ( 'NONE', *, *, #3647, .F. ) ;
#3255 = VECTOR ( 'NONE', #7476, 1000.000000000000000 ) ;
#3256 = CARTESIAN_POINT ( 'NONE',  ( 0.8500000000000000888, 3.979999999999999094, -2.250000000000001332 ) ) ;
#3257 = EDGE_CURVE ( 'NONE', #7707, #701, #6558, .T. ) ;
#3258 = VECTOR ( 'NONE', #2463, 1000.000000000000000 ) ;
#3259 = DIRECTION ( 'NONE',  ( -0.000000000000000000, -0.8660254037844389297, 0.4999999999999993339 ) ) ;
#3260 = EDGE_CURVE ( 'NONE', #4089, #5008, #3393, .T. ) ;
#3261 = EDGE_LOOP ( 'NONE', ( #529, #2654, #1842, #4258 ) ) ;
#3262 = LINE ( 'NONE', #5758, #5217 ) ;
#3263 = PRODUCT_DEFINITION_CONTEXT ( 'detailed design', #2853, 'design' ) ;
#3264 = VERTEX_POINT ( 'NONE', #2734 ) ;
#3265 = VECTOR ( 'NONE', #2895, 1000.000000000000000 ) ;
#3266 = VERTEX_POINT ( 'NONE', #4125 ) ;
#3267 = ORIENTED_EDGE ( 'NONE', *, *, #227, .F. ) ;
#3268 = LINE ( 'NONE', #4543, #4132 ) ;
#3269 = AXIS2_PLACEMENT_3D ( 'NONE', #7233, #1610, #3494 ) ;
#3270 = LINE ( 'NONE', #1920, #994 ) ;
#3271 = DIRECTION ( 'NONE',  ( 0.000000000000000000, 0.000000000000000000, 1.000000000000000000 ) ) ;
#3272 = ORIENTED_EDGE ( 'NONE', *, *, #5871, .T. ) ;
#3273 = DIRECTION ( 'NONE',  ( 0.000000000000000000, -0.000000000000000000, 1.000000000000000000 ) ) ;
#3274 = VERTEX_POINT ( 'NONE', #7742 ) ;
#3275 = CARTESIAN_POINT ( 'NONE',  ( 3.500000000000000000, 0.4300000000000001044, -3.798121511156143715 ) ) ;
#3276 = ORIENTED_EDGE ( 'NONE', *, *, #5706, .F. ) ;
#3277 = CONTEXT_DEPENDENT_SHAPE_REPRESENTATION ( #2699, #6499 ) ;
#3278 = AXIS2_PLACEMENT_3D ( 'NONE', #597, #7603, #5002 ) ;
#3279 = CYLINDRICAL_SURFACE ( 'NONE', #6756, 0.1000000000000002554 ) ;
#3280 =( REPRESENTATION_RELATIONSHIP ('NONE','NONE', #3360, #2520 ) REPRESENTATION_RELATIONSHIP_WITH_TRANSFORMATION ( #6905 )SHAPE_REPRESENTATION_RELATIONSHIP( ) );
#3281 = EDGE_CURVE ( 'NONE', #6873, #4223, #2279, .T. ) ;
#3282 = DIRECTION ( 'NONE',  ( -1.000000000000000000, 0.000000000000000000, 0.000000000000000000 ) ) ;
#3283 = CARTESIAN_POINT ( 'NONE',  ( 3.700000000000000178, 0.05000000000000010686, 4.451878488843855841 ) ) ;
#3284 = ORIENTED_EDGE ( 'NONE', *, *, #1729, .F. ) ;
#3285 = CARTESIAN_POINT ( 'NONE',  ( -2.875000000000000000, 2.273782217350889923, 3.749999999999999556 ) ) ;
#3286 = LINE ( 'NONE', #857, #6577 ) ;
#3287 = DIRECTION ( 'NONE',  ( -0.000000000000000000, 0.000000000000000000, -1.000000000000000000 ) ) ;
#3288 = EDGE_LOOP ( 'NONE', ( #793, #1129, #2911, #7554 ) ) ;
#3289 = CARTESIAN_POINT ( 'NONE',  ( -3.510000000000001119, 2.614371549809415551, 3.553360657221955154 ) ) ;
#3290 = EDGE_LOOP ( 'NONE', ( #18, #4997, #3191, #3634, #759, #5844, #2762 ) ) ;
#3291 = EDGE_CURVE ( 'NONE', #299, #141, #6601, .T. ) ;
#3292 = DIRECTION ( 'NONE',  ( 1.000000000000000000, 0.000000000000000000, 0.000000000000000000 ) ) ;
#3293 = DIRECTION ( 'NONE',  ( 1.000000000000000000, -0.000000000000000000, -0.000000000000000000 ) ) ;
#3294 = CARTESIAN_POINT ( 'NONE',  ( -5.500000000000000000, 5.380000000000001670, 3.750000000000000000 ) ) ;
#3295 = ORIENTED_EDGE ( 'NONE', *, *, #3376, .F. ) ;
#3296 = ORIENTED_EDGE ( 'NONE', *, *, #13, .T. ) ;
#3297 = CARTESIAN_POINT ( 'NONE',  ( 3.110000000000000320, 0.4300000000000007150, 3.369999999999999662 ) ) ;
#3298 = DIRECTION ( 'NONE',  ( -0.000000000000000000, 0.000000000000000000, -1.000000000000000000 ) ) ;
#3299 = ORIENTED_EDGE ( 'NONE', *, *, #1993, .T. ) ;
#3300 = CARTESIAN_POINT ( 'NONE',  ( 3.700000000000000178, 0.1500000000000001332, 4.501878488843855664 ) ) ;
#3301 = ORIENTED_EDGE ( 'NONE', *, *, #1019, .F. ) ;
#3302 = ORIENTED_EDGE ( 'NONE', *, *, #5653, .T. ) ;
#3303 = VERTEX_POINT ( 'NONE', #4168 ) ;
#3304 = ORIENTED_EDGE ( 'NONE', *, *, #4207, .T. ) ;
#3305 = ADVANCED_FACE ( 'NONE', ( #2245, #2772 ), #3435, .T. ) ;
#3306 = DIRECTION ( 'NONE',  ( 0.000000000000000000, -1.000000000000000000, 0.000000000000000000 ) ) ;
#3307 = LINE ( 'NONE', #706, #2955 ) ;
#3308 = ORIENTED_EDGE ( 'NONE', *, *, #797, .F. ) ;
#3309 = LINE ( 'NONE', #757, #5356 ) ;
#3310 = ORIENTED_EDGE ( 'NONE', *, *, #833, .F. ) ;
#3311 = DIRECTION ( 'NONE',  ( 1.000000000000000000, 0.000000000000000000, -0.000000000000000000 ) ) ;
#3312 = EDGE_LOOP ( 'NONE', ( #5000, #558, #7409, #5875 ) ) ;
#3313 = LINE ( 'NONE', #3976, #4422 ) ;
#3314 = PLANE ( 'NONE',  #1575 ) ;
#3315 = CARTESIAN_POINT ( 'NONE',  ( 1.650000000000000133, 4.980000000000000426, 3.600000000000000089 ) ) ;
#3316 = VERTEX_POINT ( 'NONE', #5243 ) ;
#3317 = CARTESIAN_POINT ( 'NONE',  ( 1.510000000000000009, 1.379999999999999671, 1.369999999999999662 ) ) ;
#3318 = PLANE ( 'NONE',  #2833 ) ;
#3319 = EDGE_CURVE ( 'NONE', #4999, #3165, #5919, .T. ) ;
#3320 = ORIENTED_EDGE ( 'NONE', *, *, #1855, .T. ) ;
#3321 = DIRECTION ( 'NONE',  ( -0.000000000000000000, -0.8660254037844389297, 0.4999999999999993339 ) ) ;
#3322 = VERTEX_POINT ( 'NONE', #6480 ) ;
#3323 = DIRECTION ( 'NONE',  ( 0.000000000000000000, 0.000000000000000000, -1.000000000000000000 ) ) ;
#3324 = LINE ( 'NONE', #820, #7111 ) ;
#3325 = PLANE ( 'NONE',  #6977 ) ;
#3326 = DIRECTION ( 'NONE',  ( 1.000000000000000000, 0.000000000000000000, 0.000000000000000000 ) ) ;
#3327 = EDGE_LOOP ( 'NONE', ( #2717, #6191, #6029, #6055, #6375, #5039, #7957 ) ) ;
#3328 = EDGE_LOOP ( 'NONE', ( #6985, #7752, #3574, #8006 ) ) ;
#3329 = LINE ( 'NONE', #4575, #1802 ) ;
#3330 = ADVANCED_FACE ( 'NONE', ( #336 ), #286, .F. ) ;
#3331 = VECTOR ( 'NONE', #7688, 1000.000000000000227 ) ;
#3332 = CYLINDRICAL_SURFACE ( 'NONE', #4334, 0.6999999999999997335 ) ;
#3333 = LINE ( 'NONE', #5831, #2311 ) ;
#3334 = AXIS2_PLACEMENT_3D ( 'NONE', #4979, #8054, #1735 ) ;
#3335 = ORIENTED_EDGE ( 'NONE', *, *, #4210, .F. ) ;
#3336 = DIRECTION ( 'NONE',  ( -0.6427876096865392519, 0.000000000000000000, 0.7660444431189780135 ) ) ;
#3337 = FACE_OUTER_BOUND ( 'NONE', #7001, .T. ) ;
#3338 = ORIENTED_EDGE ( 'NONE', *, *, #1330, .F. ) ;
#3339 = ORIENTED_EDGE ( 'NONE', *, *, #2023, .F. ) ;
#3340 = CARTESIAN_POINT ( 'NONE',  ( -2.349999999999999645, 1.835969349108944604, 2.600000000000000089 ) ) ;
#3341 = ADVANCED_FACE ( 'NONE', ( #7175 ), #4087, .F. ) ;
#3342 = VECTOR ( 'NONE', #5813, 1000.000000000000000 ) ;
#3343 = VECTOR ( 'NONE', #6826, 1000.000000000000000 ) ;
#3344 = PLANE ( 'NONE',  #1279 ) ;
#3345 = DIRECTION ( 'NONE',  ( 0.000000000000000000, -1.000000000000000000, 0.000000000000000000 ) ) ;
#3346 = LINE ( 'NONE', #5118, #6468 ) ;
#3347 = PLANE ( 'NONE',  #5732 ) ;
#3348 = EDGE_CURVE ( 'NONE', #1437, #1586, #860, .T. ) ;
#3349 = ORIENTED_EDGE ( 'NONE', *, *, #4054, .T. ) ;
#3350 = EDGE_CURVE ( 'NONE', #3015, #4105, #2485, .T. ) ;
#3351 = VECTOR ( 'NONE', #5754, 1000.000000000000000 ) ;
#3352 = DIRECTION ( 'NONE',  ( -0.000000000000000000, 0.000000000000000000, -1.000000000000000000 ) ) ;
#3353 = VECTOR ( 'NONE', #7948, 1000.000000000000114 ) ;
#3354 = ORIENTED_EDGE ( 'NONE', *, *, #5751, .T. ) ;
#3355 = DIRECTION ( 'NONE',  ( 1.000000000000000000, 0.000000000000000000, 0.000000000000000000 ) ) ;
#3356 = ORIENTED_EDGE ( 'NONE', *, *, #716, .F. ) ;
#3357 = CARTESIAN_POINT ( 'NONE',  ( 3.500000000000000000, 0.000000000000000000, -4.398121511156142915 ) ) ;
#3358 = CARTESIAN_POINT ( 'NONE',  ( 3.299999999999999822, 0.3939045651229473033, -3.898121511156143359 ) ) ;
#3359 = VECTOR ( 'NONE', #5621, 1000.000000000000000 ) ;
#3360 = SHAPE_REPRESENTATION ( 'HC-SFP-20P', ( #1573, #6121, #4445, #2624, #6531, #7184, #98, #4070, #6146, #5482, #1956, #1697 ), #1167 ) ;
#3361 = LINE ( 'NONE', #7669, #502 ) ;
#3362 = CARTESIAN_POINT ( 'NONE',  ( 4.799999999999999822, 0.3300000000000001266, 0.000000000000000000 ) ) ;
#3363 = ORIENTED_EDGE ( 'NONE', *, *, #7181, .F. ) ;
#3364 = EDGE_CURVE ( 'NONE', #4725, #2048, #6113, .T. ) ;
#3365 = CARTESIAN_POINT ( 'NONE',  ( -1.909999999999999698, 1.379999999999999671, 3.369999999999999662 ) ) ;
#3366 = DIRECTION ( 'NONE',  ( -1.000000000000000000, 0.000000000000000000, 0.000000000000000000 ) ) ;
#3367 = CARTESIAN_POINT ( 'NONE',  ( -4.700000000000000178, 3.979999999999999094, 3.199999999999998845 ) ) ;
#3368 = AXIS2_PLACEMENT_3D ( 'NONE', #576, #4989, #6186 ) ;
#3369 = VERTEX_POINT ( 'NONE', #411 ) ;
#3370 = DIRECTION ( 'NONE',  ( 0.000000000000000000, -0.000000000000000000, -1.000000000000000000 ) ) ;
#3371 = ORIENTED_EDGE ( 'NONE', *, *, #156, .F. ) ;
#3372 = CARTESIAN_POINT ( 'NONE',  ( 2.089999999999999858, 1.379999999999999671, 1.369999999999999662 ) ) ;
#3373 = VECTOR ( 'NONE', #6805, 1000.000000000000114 ) ;
#3374 = PLANE ( 'NONE',  #5300 ) ;
#3375 = DIRECTION ( 'NONE',  ( -0.5220483011439607246, 0.000000000000000000, -0.8529159227454394809 ) ) ;
#3376 = EDGE_CURVE ( 'NONE', #3730, #4133, #5517, .T. ) ;
#3377 = CARTESIAN_POINT ( 'NONE',  ( -4.764378947591289659, -0.5374134071012746094, -0.6999999999999482192 ) ) ;
#3378 = ORIENTED_EDGE ( 'NONE', *, *, #1411, .F. ) ;
#3379 = VERTEX_POINT ( 'NONE', #2926 ) ;
#3380 = DIRECTION ( 'NONE',  ( -0.000000000000000000, -1.000000000000000000, -0.000000000000000000 ) ) ;
#3381 = VECTOR ( 'NONE', #2209, 1000.000000000000114 ) ;
#3382 = DIRECTION ( 'NONE',  ( 0.000000000000000000, -0.000000000000000000, -1.000000000000000000 ) ) ;
#3383 = EDGE_CURVE ( 'NONE', #791, #737, #6190, .T. ) ;
#3384 = DIRECTION ( 'NONE',  ( -0.000000000000000000, 0.7071067811865474617, -0.7071067811865474617 ) ) ;
#3385 = VECTOR ( 'NONE', #8069, 1000.000000000000000 ) ;
#3386 = VERTEX_POINT ( 'NONE', #2371 ) ;
#3387 = LINE ( 'NONE', #7606, #6365 ) ;
#3388 = EDGE_LOOP ( 'NONE', ( #2840, #3842, #5712, #4044, #7051, #5338, #1550 ) ) ;
#3389 = EDGE_LOOP ( 'NONE', ( #1923, #520, #4547, #1251 ) ) ;
#3390 = VECTOR ( 'NONE', #6736, 1000.000000000000114 ) ;
#3391 = LINE ( 'NONE', #4086, #1248 ) ;
#3392 = DIRECTION ( 'NONE',  ( 0.000000000000000000, 0.000000000000000000, 1.000000000000000000 ) ) ;
#3393 = LINE ( 'NONE', #1547, #7122 ) ;
#3394 = VECTOR ( 'NONE', #1829, 1000.000000000000000 ) ;
#3395 = ORIENTED_EDGE ( 'NONE', *, *, #5846, .T. ) ;
#3396 = AXIS2_PLACEMENT_3D ( 'NONE', #5606, #2490, #7981 ) ;
#3397 = CARTESIAN_POINT ( 'NONE',  ( -5.500000000000000000, 2.200000000000000178, 3.899999999999999467 ) ) ;
#3398 = ORIENTED_EDGE ( 'NONE', *, *, #6995, .F. ) ;
#3399 = CARTESIAN_POINT ( 'NONE',  ( -4.549999999999998934, -0.7699999999999997957, 0.000000000000000000 ) ) ;
#3400 = ORIENTED_EDGE ( 'NONE', *, *, #2892, .F. ) ;
#3401 = LINE ( 'NONE', #5892, #2581 ) ;
#3402 = EDGE_CURVE ( 'NONE', #3116, #735, #3058, .T. ) ;
#3403 = VECTOR ( 'NONE', #901, 1000.000000000000000 ) ;
#3404 = CARTESIAN_POINT ( 'NONE',  ( -1.537912284048018829, 1.731084524508094358, 4.063326659051376133 ) ) ;
#3405 = PLANE ( 'NONE',  #6334 ) ;
#3406 = EDGE_CURVE ( 'NONE', #1245, #2020, #4866, .T. ) ;
#3407 = EDGE_LOOP ( 'NONE', ( #7641, #7420, #162, #4204 ) ) ;
#3408 = DIRECTION ( 'NONE',  ( -0.000000000000000000, 0.7071067811865489050, 0.7071067811865460184 ) ) ;
#3409 = LINE ( 'NONE', #4721, #3754 ) ;
#3410 = CARTESIAN_POINT ( 'NONE',  ( 2.475000000000001421, 5.380000000000000782, 3.750000000000000000 ) ) ;
#3411 = CARTESIAN_POINT ( 'NONE',  ( -4.799999999999998934, -0.5677951698855995266, 0.6999999999999511058 ) ) ;
#3412 = VECTOR ( 'NONE', #5270, 1000.000000000000000 ) ;
#3413 = ORIENTED_EDGE ( 'NONE', *, *, #5998, .T. ) ;
#3414 = CARTESIAN_POINT ( 'NONE',  ( 3.700000000000000178, 2.334618803272979104, 3.572697287147439837 ) ) ;
#3415 = EDGE_CURVE ( 'NONE', #6393, #6414, #585, .T. ) ;
#3416 = EDGE_CURVE ( 'NONE', #132, #2627, #2970, .T. ) ;
#3417 = DIRECTION ( 'NONE',  ( 0.000000000000000000, 1.000000000000000000, 1.363776317591828850E-16 ) ) ;
#3418 = CARTESIAN_POINT ( 'NONE',  ( -5.500000000000000000, 4.380000000000001670, 3.600000000000000089 ) ) ;
#3419 = DIRECTION ( 'NONE',  ( 0.000000000000000000, 0.000000000000000000, -1.000000000000000000 ) ) ;
#3420 = DIRECTION ( 'NONE',  ( -1.000000000000000000, 0.000000000000000000, 0.000000000000000000 ) ) ;
#3421 = DIRECTION ( 'NONE',  ( 0.7660444431189781245, 0.000000000000000000, 0.6427876096865393629 ) ) ;
#3422 = CARTESIAN_POINT ( 'NONE',  ( -3.881540913093891376, -0.1498606010739083338, 1.604619215278546562E-14 ) ) ;
#3423 = FACE_OUTER_BOUND ( 'NONE', #5842, .T. ) ;
#3424 = MANIFOLD_SOLID_BREP ( 'Boss-Extrude2', #5691 ) ;
#3425 = CARTESIAN_POINT ( 'NONE',  ( -4.700000000000000178, 3.979999999999999094, -2.250000000000001332 ) ) ;
#3426 = ORIENTED_EDGE ( 'NONE', *, *, #1395, .T. ) ;
#3427 = DIRECTION ( 'NONE',  ( 0.7660444431189781245, 0.000000000000000000, 0.6427876096865393629 ) ) ;
#3428 = ORIENTED_EDGE ( 'NONE', *, *, #4902, .F. ) ;
#3429 = ORIENTED_EDGE ( 'NONE', *, *, #3864, .F. ) ;
#3430 = EDGE_CURVE ( 'NONE', #294, #4898, #5716, .T. ) ;
#3431 = LINE ( 'NONE', #283, #2685 ) ;
#3432 = EDGE_CURVE ( 'NONE', #6280, #3379, #1873, .T. ) ;
#3433 = DIRECTION ( 'NONE',  ( -0.000000000000000000, 0.000000000000000000, -1.000000000000000000 ) ) ;
#3434 = LINE ( 'NONE', #964, #1255 ) ;
#3435 = PLANE ( 'NONE',  #7510 ) ;
#3436 = LINE ( 'NONE', #6647, #1152 ) ;
#3437 = ORIENTED_EDGE ( 'NONE', *, *, #4102, .F. ) ;
#3438 = DIRECTION ( 'NONE',  ( -0.000000000000000000, -0.7071067811865489050, -0.7071067811865460184 ) ) ;
#3439 = ORIENTED_EDGE ( 'NONE', *, *, #4692, .T. ) ;
#3440 = DIRECTION ( 'NONE',  ( 0.000000000000000000, 0.000000000000000000, -1.000000000000000000 ) ) ;
#3441 = ORIENTED_EDGE ( 'NONE', *, *, #487, .T. ) ;
#3442 = CARTESIAN_POINT ( 'NONE',  ( 4.700000000000000178, 3.979999999999999094, -2.250000000000001332 ) ) ;
#3443 = LINE ( 'NONE', #3481, #6724 ) ;
#3444 = ORIENTED_EDGE ( 'NONE', *, *, #5462, .F. ) ;
#3445 = SURFACE_SIDE_STYLE ('',( #6496 ) ) ;
#3446 = LINE ( 'NONE', #5257, #1513 ) ;
#3447 = CARTESIAN_POINT ( 'NONE',  ( 2.450000000000000178, 1.835969349108944604, 2.600000000000000089 ) ) ;
#3448 = CARTESIAN_POINT ( 'NONE',  ( 0.07533435403170812839, 0.4300000000000000488, -0.06321302868298495081 ) ) ;
#3449 = PRODUCT_DEFINITION_SHAPE ( 'NONE', 'NONE',  #8092 ) ;
#3450 = EDGE_LOOP ( 'NONE', ( #2042, #7504, #7710, #4234 ) ) ;
#3451 = FACE_OUTER_BOUND ( 'NONE', #4450, .T. ) ;
#3452 = EDGE_CURVE ( 'NONE', #5989, #1749, #3685, .T. ) ;
#3453 = ORIENTED_EDGE ( 'NONE', *, *, #2250, .F. ) ;
#3454 = FACE_OUTER_BOUND ( 'NONE', #1538, .T. ) ;
#3455 = DIRECTION ( 'NONE',  ( 0.000000000000000000, 0.000000000000000000, -1.000000000000000000 ) ) ;
#3456 = LINE ( 'NONE', #5942, #1254 ) ;
#3457 = LINE ( 'NONE', #2877, #295 ) ;
#3458 = ADVANCED_FACE ( 'NONE', ( #3556 ), #7460, .T. ) ;
#3459 = CARTESIAN_POINT ( 'NONE',  ( -0.8576529287719282246, 1.483918547207066618, 4.206028002580641356 ) ) ;
#3460 = DIRECTION ( 'NONE',  ( -1.000000000000000000, 0.000000000000000000, 0.000000000000000000 ) ) ;
#3461 = ORIENTED_EDGE ( 'NONE', *, *, #7644, .F. ) ;
#3462 = VECTOR ( 'NONE', #2193, 1000.000000000000000 ) ;
#3463 = ORIENTED_EDGE ( 'NONE', *, *, #2839, .F. ) ;
#3464 = CARTESIAN_POINT ( 'NONE',  ( -0.8900000000000001243, 3.548505796534330958, 3.553360657221955154 ) ) ;
#3465 = VECTOR ( 'NONE', #4285, 1000.000000000000000 ) ;
#3466 = DIRECTION ( 'NONE',  ( 0.000000000000000000, 0.000000000000000000, 1.000000000000000000 ) ) ;
#3467 = VECTOR ( 'NONE', #1604, 1000.000000000000000 ) ;
#3468 = DIRECTION ( 'NONE',  ( 0.000000000000000000, -0.4999999999999993894, -0.8660254037844390407 ) ) ;
#3469 = CARTESIAN_POINT ( 'NONE',  ( -3.290000000000000480, 2.879999999999999893, 3.369999999999999662 ) ) ;
#3471 = EDGE_CURVE ( 'NONE', #6278, #1203, #1215, .T. ) ;
#3470 = PLANE ( 'NONE',  #6495 ) ;
#3472 = VERTEX_POINT ( 'NONE', #6844 ) ;
#3473 = EDGE_CURVE ( 'NONE', #1067, #6964, #5398, .T. ) ;
#3474 = DIRECTION ( 'NONE',  ( 0.000000000000000000, 0.000000000000000000, -1.000000000000000000 ) ) ;
#3475 = ORIENTED_EDGE ( 'NONE', *, *, #7045, .F. ) ;
#3476 = CIRCLE ( 'NONE', #3082, 0.2500000000000002220 ) ;
#3477 = CARTESIAN_POINT ( 'NONE',  ( -3.950000000000000178, 3.979999999999998206, 2.600000000000000089 ) ) ;
#3478 = VECTOR ( 'NONE', #1008, 1000.000000000000000 ) ;
#3479 = VERTEX_POINT ( 'NONE', #3477 ) ;
#3480 = DIRECTION ( 'NONE',  ( -0.000000000000000000, 1.000000000000000000, -0.000000000000000000 ) ) ;
#3481 = CARTESIAN_POINT ( 'NONE',  ( 0.000000000000000000, 5.379999999999999893, 3.199999999999998845 ) ) ;
#3482 = AXIS2_PLACEMENT_3D ( 'NONE', #5358, #965, #4047 ) ;
#3483 = AXIS2_PLACEMENT_3D ( 'NONE', #7970, #404, #3676 ) ;
#3484 = EDGE_CURVE ( 'NONE', #6174, #5237, #2285, .T. ) ;
#3485 = ORIENTED_EDGE ( 'NONE', *, *, #6603, .F. ) ;
#3486 = DIRECTION ( 'NONE',  ( 0.000000000000000000, 0.000000000000000000, 1.000000000000000000 ) ) ;
#3487 = FACE_OUTER_BOUND ( 'NONE', #2677, .T. ) ;
#3488 = LINE ( 'NONE', #7438, #5198 ) ;
#3489 = VECTOR ( 'NONE', #4056, 1000.000000000000227 ) ;
#3490 = VECTOR ( 'NONE', #4330, 1000.000000000000000 ) ;
#3491 = ORIENTED_EDGE ( 'NONE', *, *, #5396, .F. ) ;
#3492 = PLANE ( 'NONE',  #1120 ) ;
#3493 = ORIENTED_EDGE ( 'NONE', *, *, #6004, .T. ) ;
#3494 = DIRECTION ( 'NONE',  ( 1.000000000000000000, 0.000000000000000000, 0.000000000000000000 ) ) ;
#3495 = EDGE_CURVE ( 'NONE', #7248, #6298, #1016, .T. ) ;
#3496 = CARTESIAN_POINT ( 'NONE',  ( 2.890000000000000124, 1.379999999999999671, 1.369999999999999662 ) ) ;
#3497 = VECTOR ( 'NONE', #4023, 1000.000000000000000 ) ;
#3498 = CARTESIAN_POINT ( 'NONE',  ( 3.700000000000000178, 2.679999999999999716, 3.257821306406132766 ) ) ;
#3499 = CARTESIAN_POINT ( 'NONE',  ( -3.510000000000000675, 0.4300000000000000488, 0.000000000000000000 ) ) ;
#3500 = DIRECTION ( 'NONE',  ( -0.000000000000000000, 1.000000000000000000, -0.000000000000000000 ) ) ;
#3501 = VECTOR ( 'NONE', #512, 1000.000000000000000 ) ;
#3502 = ADVANCED_FACE ( 'NONE', ( #4712 ), #5925, .T. ) ;
#3503 = PLANE ( 'NONE',  #2355 ) ;
#3504 = CARTESIAN_POINT ( 'NONE',  ( 4.500000000000000000, 0.4300000000000000488, -2.150000000000000799 ) ) ;
#3505 = CARTESIAN_POINT ( 'NONE',  ( 0.000000000000000000, 0.000000000000000000, 3.100000000000000089 ) ) ;
#3506 = CARTESIAN_POINT ( 'NONE',  ( -1.110000000000000320, 0.4300000000000000488, 0.000000000000000000 ) ) ;
#3507 = EDGE_CURVE ( 'NONE', #2464, #7523, #213, .T. ) ;
#3508 = ORIENTED_EDGE ( 'NONE', *, *, #8083, .F. ) ;
#3509 = VECTOR ( 'NONE', #6163, 1000.000000000000000 ) ;
#3510 = ORIENTED_EDGE ( 'NONE', *, *, #7611, .F. ) ;
#3511 = DIRECTION ( 'NONE',  ( 0.7660444431189781245, 0.000000000000000000, 0.6427876096865393629 ) ) ;
#3512 = EDGE_CURVE ( 'NONE', #5157, #6748, #2740, .T. ) ;
#3513 = AXIS2_PLACEMENT_3D ( 'NONE', #1250, #626, #3141 ) ;
#3514 = EDGE_CURVE ( 'NONE', #7790, #7131, #5284, .T. ) ;
#3515 = LINE ( 'NONE', #5994, #5574 ) ;
#3516 = PLANE ( 'NONE',  #2586 ) ;
#3517 = ORIENTED_EDGE ( 'NONE', *, *, #7916, .T. ) ;
#3518 = LINE ( 'NONE', #7942, #631 ) ;
#3519 = ORIENTED_EDGE ( 'NONE', *, *, #2159, .F. ) ;
#3520 = VECTOR ( 'NONE', #7835, 1000.000000000000000 ) ;
#3521 = CARTESIAN_POINT ( 'NONE',  ( 2.750000000000000444, 4.980000000000000426, 3.600000000000000089 ) ) ;
#3522 = VERTEX_POINT ( 'NONE', #3521 ) ;
#3523 = EDGE_CURVE ( 'NONE', #2030, #2345, #6487, .T. ) ;
#3524 = LINE ( 'NONE', #2175, #4588 ) ;
#3525 = CONICAL_SURFACE ( 'NONE', #1957, 0.5000000000000004441, 0.7853981633974518317 ) ;
#3526 = DIRECTION ( 'NONE',  ( -0.6427876096865392519, 0.000000000000000000, 0.7660444431189780135 ) ) ;
#3527 = DIRECTION ( 'NONE',  ( 0.000000000000000000, -0.000000000000000000, -1.000000000000000000 ) ) ;
#3528 = VERTEX_POINT ( 'NONE', #4013 ) ;
#3529 = CARTESIAN_POINT ( 'NONE',  ( 3.250000000000000444, 3.979999999999999094, -2.250000000000001332 ) ) ;
#3530 = ORIENTED_EDGE ( 'NONE', *, *, #1201, .T. ) ;
#3531 = CARTESIAN_POINT ( 'NONE',  ( -1.524999999999999467, 5.380000000000000782, 3.750000000000000000 ) ) ;
#3532 = CARTESIAN_POINT ( 'NONE',  ( -4.700000000000000178, 3.979999999999999094, 3.199999999999998845 ) ) ;
#3533 = ITEM_DEFINED_TRANSFORMATION ( 'NONE', 'NONE', #4445,  #1711 ) ;
#3534 = AXIS2_PLACEMENT_3D ( 'NONE', #6176, #1196, #3792 ) ;
#3535 = ORIENTED_EDGE ( 'NONE', *, *, #900, .F. ) ;
#3536 = DIRECTION ( 'NONE',  ( 0.000000000000000000, 0.000000000000000000, 1.000000000000000000 ) ) ;
#3537 = ADVANCED_FACE ( 'NONE', ( #1509 ), #2897, .F. ) ;
#3538 = ORIENTED_EDGE ( 'NONE', *, *, #4925, .T. ) ;
#3539 = PLANE ( 'NONE',  #7941 ) ;
#3540 = DIRECTION ( 'NONE',  ( 0.000000000000000000, 0.000000000000000000, 1.000000000000000000 ) ) ;
#3541 = DIRECTION ( 'NONE',  ( 0.3868795754558335687, -0.7985882202808504138, 0.4610651239508122834 ) ) ;
#3542 = AXIS2_PLACEMENT_3D ( 'NONE', #6612, #7221, #1634 ) ;
#3543 = FACE_OUTER_BOUND ( 'NONE', #3832, .T. ) ;
#3544 = DIRECTION ( 'NONE',  ( -0.000000000000000000, 0.8660254037844384856, -0.5000000000000002220 ) ) ;
#3545 = DIRECTION ( 'NONE',  ( 1.000000000000000000, -0.000000000000000000, -0.000000000000000000 ) ) ;
#3546 = STYLED_ITEM ( 'NONE', ( #1572 ), #258 ) ;
#3547 = LINE ( 'NONE', #1617, #5484 ) ;
#3548 = CARTESIAN_POINT ( 'NONE',  ( -2.850000000000000089, 5.379999999999999893, 3.199999999999998845 ) ) ;
#3549 = CARTESIAN_POINT ( 'NONE',  ( 3.299999999999999822, 0.1000000000000000056, -4.398121511156142915 ) ) ;
#3550 = ORIENTED_EDGE ( 'NONE', *, *, #4414, .F. ) ;
#3551 = ORIENTED_EDGE ( 'NONE', *, *, #2745, .F. ) ;
#3552 = CARTESIAN_POINT ( 'NONE',  ( 1.289999999999999813, 1.379999999999999671, 1.369999999999999662 ) ) ;
#3553 = ADVANCED_FACE ( 'NONE', ( #5365 ), #5326, .T. ) ;
#3554 = EDGE_CURVE ( 'NONE', #2433, #5393, #255, .T. ) ;
#3555 = CARTESIAN_POINT ( 'NONE',  ( 1.950000000000000178, 5.379999999999999893, 3.199999999999998845 ) ) ;
#3556 = FACE_OUTER_BOUND ( 'NONE', #2951, .T. ) ;
#3557 = DIRECTION ( 'NONE',  ( 0.000000000000000000, 1.000000000000000000, 1.363776317591828850E-16 ) ) ;
#3558 = ORIENTED_EDGE ( 'NONE', *, *, #4308, .T. ) ;
#3559 = CARTESIAN_POINT ( 'NONE',  ( -4.349999999999997868, -0.5494168154509139201, 8.640046532140947475E-15 ) ) ;
#3560 = VERTEX_POINT ( 'NONE', #972 ) ;
#3561 = EDGE_CURVE ( 'NONE', #3925, #6941, #7828, .T. ) ;
#3562 = ORIENTED_EDGE ( 'NONE', *, *, #2885, .T. ) ;
#3563 = EDGE_CURVE ( 'NONE', #880, #1631, #1555, .T. ) ;
#3564 = ORIENTED_EDGE ( 'NONE', *, *, #1648, .F. ) ;
#3565 = CARTESIAN_POINT ( 'NONE',  ( -2.490000000000000213, 3.548505796534330958, 3.369999999999999662 ) ) ;
#3566 = DIRECTION ( 'NONE',  ( 0.000000000000000000, 1.363776317591828850E-16, -1.000000000000000000 ) ) ;
#3567 = DIRECTION ( 'NONE',  ( 0.000000000000000000, -1.000000000000000000, 0.000000000000000000 ) ) ;
#3568 = DIRECTION ( 'NONE',  ( -0.000000000000000000, 1.000000000000000000, -0.000000000000000000 ) ) ;
#3569 = EDGE_LOOP ( 'NONE', ( #5722, #3395, #1510, #6814, #7651 ) ) ;
#3570 = LINE ( 'NONE', #4921, #2218 ) ;
#3571 = ORIENTED_EDGE ( 'NONE', *, *, #1805, .T. ) ;
#3572 = CARTESIAN_POINT ( 'NONE',  ( 4.799999999999999822, 0.3300000000000001266, 0.000000000000000000 ) ) ;
#3573 = LINE ( 'NONE', #5933, #192 ) ;
#3574 = ORIENTED_EDGE ( 'NONE', *, *, #6575, .T. ) ;
#3575 = CARTESIAN_POINT ( 'NONE',  ( -4.500000000000000000, 2.200000000000000178, 3.750000000000000000 ) ) ;
#3576 = ORIENTED_EDGE ( 'NONE', *, *, #3013, .F. ) ;
#3577 = CARTESIAN_POINT ( 'NONE',  ( -2.490000000000000213, 1.379999999999999671, 3.369999999999999662 ) ) ;
#3578 =( NAMED_UNIT ( * ) PLANE_ANGLE_UNIT ( ) SI_UNIT ( $, .RADIAN. ) );
#3579 = LINE ( 'NONE', #439, #43 ) ;
#3580 = EDGE_CURVE ( 'NONE', #7083, #4007, #6529, .T. ) ;
#3581 = DIRECTION ( 'NONE',  ( 0.7660444431189781245, 0.000000000000000000, 0.6427876096865393629 ) ) ;
#3582 = CARTESIAN_POINT ( 'NONE',  ( -5.306217782649110148, 5.380000000000001670, 3.750000000000000000 ) ) ;
#3583 = LINE ( 'NONE', #1038, #7010 ) ;
#3584 = LINE ( 'NONE', #530, #6642 ) ;
#3585 = DIRECTION ( 'NONE',  ( 1.000000000000000000, -0.000000000000000000, -0.000000000000000000 ) ) ;
#3586 = PLANE ( 'NONE',  #6866 ) ;
#3587 = EDGE_CURVE ( 'NONE', #4353, #7210, #4749, .T. ) ;
#3588 = VERTEX_POINT ( 'NONE', #1630 ) ;
#3589 = ORIENTED_EDGE ( 'NONE', *, *, #7560, .T. ) ;
#3590 = LINE ( 'NONE', #3836, #5572 ) ;
#3591 =( NAMED_UNIT ( * ) SI_UNIT ( $, .STERADIAN. ) SOLID_ANGLE_UNIT ( ) );
#3592 = FACE_OUTER_BOUND ( 'NONE', #7387, .T. ) ;
#3593 = EDGE_CURVE ( 'NONE', #7523, #1376, #6609, .T. ) ;
#3594 = ORIENTED_EDGE ( 'NONE', *, *, #1581, .T. ) ;
#3595 = CARTESIAN_POINT ( 'NONE',  ( 2.890000000000000124, 3.548505796534330958, 3.369999999999999662 ) ) ;
#3596 = ORIENTED_EDGE ( 'NONE', *, *, #6971, .T. ) ;
#3597 = DIRECTION ( 'NONE',  ( -0.000000000000000000, -0.000000000000000000, 1.000000000000000000 ) ) ;
#3598 = ORIENTED_EDGE ( 'NONE', *, *, #3507, .T. ) ;
#3599 = LINE ( 'NONE', #1755, #3351 ) ;
#3600 = EDGE_CURVE ( 'NONE', #6185, #2884, #6441, .T. ) ;
#3601 = DIRECTION ( 'NONE',  ( -0.000000000000000000, -0.000000000000000000, 1.000000000000000000 ) ) ;
#3602 = EDGE_CURVE ( 'NONE', #3926, #4490, #5480, .T. ) ;
#3603 = CARTESIAN_POINT ( 'NONE',  ( -4.799999999999991829, -0.5677951698856054108, -0.6999999999999506617 ) ) ;
#3604 = CARTESIAN_POINT ( 'NONE',  ( -2.049999999999999822, 1.835969349108944604, 2.600000000000000089 ) ) ;
#3605 = CARTESIAN_POINT ( 'NONE',  ( 2.089999999999999858, 3.548505796534330958, 3.553360657221955154 ) ) ;
#3606 = ORIENTED_EDGE ( 'NONE', *, *, #5031, .T. ) ;
#3607 = VECTOR ( 'NONE', #8037, 1000.000000000000000 ) ;
#3608 = PLANE ( 'NONE',  #2084 ) ;
#3609 = VECTOR ( 'NONE', #6091, 1000.000000000000000 ) ;
#3610 = VERTEX_POINT ( 'NONE', #3731 ) ;
#3611 = CARTESIAN_POINT ( 'NONE',  ( 1.510000000000000009, 3.548505796534330958, 3.369999999999999662 ) ) ;
#3612 = ADVANCED_FACE ( 'NONE', ( #6197 ), #5433, .T. ) ;
#3613 = EDGE_CURVE ( 'NONE', #1913, #1240, #4248, .T. ) ;
#3614 = DIRECTION ( 'NONE',  ( 1.000000000000000000, -0.000000000000000000, -0.000000000000000000 ) ) ;
#3615 = ORIENTED_EDGE ( 'NONE', *, *, #3734, .F. ) ;
#3616 = ORIENTED_EDGE ( 'NONE', *, *, #5811, .T. ) ;
#3617 = VECTOR ( 'NONE', #1936, 1000.000000000000000 ) ;
#3618 = VECTOR ( 'NONE', #4821, 1000.000000000000114 ) ;
#3619 = CARTESIAN_POINT ( 'NONE',  ( -5.500000000000000000, 5.379999999999999893, -4.000000000000000888 ) ) ;
#3620 = DIRECTION ( 'NONE',  ( 1.000000000000000000, 0.000000000000000000, 0.000000000000000000 ) ) ;
#3621 = ORIENTED_EDGE ( 'NONE', *, *, #6884, .F. ) ;
#3622 = DIRECTION ( 'NONE',  ( 0.000000000000000000, 1.000000000000000000, 0.000000000000000000 ) ) ;
#3623 = CARTESIAN_POINT ( 'NONE',  ( -5.500000000000000000, 5.379999999999999893, -4.000000000000000888 ) ) ;
#3624 = VECTOR ( 'NONE', #4994, 1000.000000000000114 ) ;
#3625 = VECTOR ( 'NONE', #1139, 1000.000000000000000 ) ;
#3626 = DIRECTION ( 'NONE',  ( 1.000000000000000000, 0.000000000000000000, -0.000000000000000000 ) ) ;
#3627 = CARTESIAN_POINT ( 'NONE',  ( -3.680339814502469054, 0.4300000000000000488, 3.088171780956081136 ) ) ;
#3628 = AXIS2_PLACEMENT_3D ( 'NONE', #7344, #1791, #4950 ) ;
#3629 = EDGE_CURVE ( 'NONE', #3137, #3814, #4344, .T. ) ;
#3630 = CARTESIAN_POINT ( 'NONE',  ( 2.037232365768766318, 0.4300000000000000488, 1.709440926738989841 ) ) ;
#3631 = LINE ( 'NONE', #6105, #6992 ) ;
#3632 = ORIENTED_EDGE ( 'NONE', *, *, #2894, .F. ) ;
#3633 = VECTOR ( 'NONE', #5700, 1000.000000000000000 ) ;
#3634 = ORIENTED_EDGE ( 'NONE', *, *, #2643, .F. ) ;
#3635 = LINE ( 'NONE', #3681, #4920 ) ;
#3636 = ADVANCED_FACE ( 'NONE', ( #6687 ), #1060, .F. ) ;
#3637 = CARTESIAN_POINT ( 'NONE',  ( -2.349999999999999645, 3.979999999999999094, -2.250000000000001332 ) ) ;
#3638 = VECTOR ( 'NONE', #3029, 1000.000000000000114 ) ;
#3639 = DIRECTION ( 'NONE',  ( 0.000000000000000000, -1.000000000000000000, 0.000000000000000000 ) ) ;
#3640 = FACE_OUTER_BOUND ( 'NONE', #7455, .T. ) ;
#3641 = EDGE_LOOP ( 'NONE', ( #6789, #7028, #2473, #8017 ) ) ;
#3642 = DIRECTION ( 'NONE',  ( 1.000000000000000000, -0.000000000000000000, -0.000000000000000000 ) ) ;
#3643 = ORIENTED_EDGE ( 'NONE', *, *, #7923, .T. ) ;
#3644 = CARTESIAN_POINT ( 'NONE',  ( 3.110000000000000320, 0.4300000000000007150, 3.553360657221955154 ) ) ;
#3645 = ORIENTED_EDGE ( 'NONE', *, *, #7781, .T. ) ;
#3646 = VECTOR ( 'NONE', #4212, 1000.000000000000000 ) ;
#3647 = EDGE_CURVE ( 'NONE', #5551, #2711, #1134, .T. ) ;
#3648 = CARTESIAN_POINT ( 'NONE',  ( -4.700000000000000178, 3.979999999999999094, 3.199999999999998845 ) ) ;
#3649 = CARTESIAN_POINT ( 'NONE',  ( -3.210880543435696843, 0.4300000000000000488, 2.694248679751197972 ) ) ;
#3650 = CARTESIAN_POINT ( 'NONE',  ( 3.689999999999999947, 3.548505796534330958, 3.553360657221955154 ) ) ;
#3651 = DIRECTION ( 'NONE',  ( 1.000000000000000000, 0.000000000000000000, 0.000000000000000000 ) ) ;
#3652 = CARTESIAN_POINT ( 'NONE',  ( -3.149999999999999911, 3.979999999999999094, 3.199999999999998845 ) ) ;
#3653 = ORIENTED_EDGE ( 'NONE', *, *, #4207, .F. ) ;
#3654 = AXIS2_PLACEMENT_3D ( 'NONE', #6794, #7777, #4320 ) ;
#3655 = CARTESIAN_POINT ( 'NONE',  ( 3.525000000000000355, 2.273782217350889923, 3.749999999999999556 ) ) ;
#3656 = ORIENTED_EDGE ( 'NONE', *, *, #4736, .F. ) ;
#3657 = DIRECTION ( 'NONE',  ( -0.000000000000000000, -0.8660254037844389297, 0.4999999999999993339 ) ) ;
#3658 = EDGE_CURVE ( 'NONE', #6870, #2200, #2975, .T. ) ;
#3659 = ORIENTED_EDGE ( 'NONE', *, *, #420, .T. ) ;
#3660 = FACE_OUTER_BOUND ( 'NONE', #6879, .T. ) ;
#3661 = VERTEX_POINT ( 'NONE', #3644 ) ;
#3662 = VECTOR ( 'NONE', #3189, 1000.000000000000000 ) ;
#3663 = EDGE_CURVE ( 'NONE', #4479, #645, #6118, .T. ) ;
#3664 = DIRECTION ( 'NONE',  ( 1.000000000000000000, -0.000000000000000000, -0.000000000000000000 ) ) ;
#3665 = ORIENTED_EDGE ( 'NONE', *, *, #6466, .T. ) ;
#3666 = LINE ( 'NONE', #524, #212 ) ;
#3667 = LINE ( 'NONE', #6021, #6192 ) ;
#3668 = VECTOR ( 'NONE', #2588, 1000.000000000000000 ) ;
#3669 = VECTOR ( 'NONE', #4735, 1000.000000000000000 ) ;
#3670 = ADVANCED_FACE ( 'NONE', ( #4297 ), #6774, .F. ) ;
#3671 = VERTEX_POINT ( 'NONE', #430 ) ;
#3672 = LINE ( 'NONE', #6144, #4553 ) ;
#3673 = CARTESIAN_POINT ( 'NONE',  ( -5.500000000000000000, 4.380000000000001670, 3.600000000000000089 ) ) ;
#3674 = VECTOR ( 'NONE', #5536, 1000.000000000000000 ) ;
#3675 = LINE ( 'NONE', #3049, #5891 ) ;
#3676 = DIRECTION ( 'NONE',  ( 1.000000000000000000, 0.000000000000000000, 0.000000000000000000 ) ) ;
#3677 = CARTESIAN_POINT ( 'NONE',  ( 5.500000000000000000, 5.379999999999999893, -2.799999999999997602 ) ) ;
#3678 = ORIENTED_EDGE ( 'NONE', *, *, #738, .T. ) ;
#3679 = VECTOR ( 'NONE', #7350, 1000.000000000000000 ) ;
#3680 = ORIENTED_EDGE ( 'NONE', *, *, #792, .T. ) ;
#3681 = CARTESIAN_POINT ( 'NONE',  ( 0.3500000000000000333, 5.379999999999999893, 2.600000000000000089 ) ) ;
#3682 = CARTESIAN_POINT ( 'NONE',  ( -1.110000000000000320, 0.4300000000000007150, 3.369999999999999662 ) ) ;
#3683 = CARTESIAN_POINT ( 'NONE',  ( 3.299999999999999822, 0.000000000000000000, -4.398121511156142915 ) ) ;
#3684 =( GEOMETRIC_REPRESENTATION_CONTEXT ( 3 ) GLOBAL_UNCERTAINTY_ASSIGNED_CONTEXT ( ( #5146 ) ) GLOBAL_UNIT_ASSIGNED_CONTEXT ( ( #7039, #145, #3914 ) ) REPRESENTATION_CONTEXT ( 'NONE', 'WORKASPACE' ) );
#3685 = LINE ( 'NONE', #6155, #323 ) ;
#3686 = ORIENTED_EDGE ( 'NONE', *, *, #3471, .T. ) ;
#3687 = DIRECTION ( 'NONE',  ( -0.000000000000000000, 1.000000000000000000, -0.000000000000000000 ) ) ;
#3688 = PRODUCT_DEFINITION_CONTEXT ( 'detailed design', #1027, 'design' ) ;
#3689 = ORIENTED_EDGE ( 'NONE', *, *, #2636, .T. ) ;
#3690 = DIRECTION ( 'NONE',  ( 1.000000000000000000, 0.000000000000000000, 0.000000000000000000 ) ) ;
#3691 = EDGE_CURVE ( 'NONE', #831, #1165, #8084, .T. ) ;
#3692 = VERTEX_POINT ( 'NONE', #519 ) ;
#3693 = ORIENTED_EDGE ( 'NONE', *, *, #580, .F. ) ;
#3694 = CARTESIAN_POINT ( 'NONE',  ( 0.1593952815016779212, 0.4300000000000000488, 0.1337485219194567143 ) ) ;
#3695 = CARTESIAN_POINT ( 'NONE',  ( 3.700000000000000178, 1.412288678607070969, 1.405037386032898850 ) ) ;
#3696 = LINE ( 'NONE', #3650, #6341 ) ;
#3697 = CARTESIAN_POINT ( 'NONE',  ( -3.290000000000000480, 3.548505796534330958, 3.369999999999999662 ) ) ;
#3698 = DIRECTION ( 'NONE',  ( -1.000000000000000000, 0.000000000000000000, 0.000000000000000000 ) ) ;
#3699 = ORIENTED_EDGE ( 'NONE', *, *, #7775, .T. ) ;
#3700 = CARTESIAN_POINT ( 'NONE',  ( 3.700000000000000178, 0.2500000000000001110, 4.401878488843856019 ) ) ;
#3701 = EDGE_CURVE ( 'NONE', #505, #4420, #6786, .T. ) ;
#3702 = ORIENTED_EDGE ( 'NONE', *, *, #5675, .F. ) ;
#3703 = CARTESIAN_POINT ( 'NONE',  ( 0.8750000000000003331, 2.273782217350890367, 3.750000000000000000 ) ) ;
#3704 = ORIENTED_EDGE ( 'NONE', *, *, #316, .T. ) ;
#3705 = ITEM_DEFINED_TRANSFORMATION ( 'NONE', 'NONE', #6121,  #1711 ) ;
#3706 = ORIENTED_EDGE ( 'NONE', *, *, #2776, .T. ) ;
#3707 = PRODUCT_DEFINITION_SHAPE ( 'NONE', 'NONE',  #5610 ) ;
#3708 = LINE ( 'NONE', #649, #3008 ) ;
#3709 = ORIENTED_EDGE ( 'NONE', *, *, #51, .T. ) ;
#3710 = PLANE ( 'NONE',  #489 ) ;
#3711 = APPLICATION_CONTEXT ( 'automotive_design' ) ;
#3712 = EDGE_LOOP ( 'NONE', ( #1662, #4899, #6211, #5888 ) ) ;
#3713 = EDGE_CURVE ( 'NONE', #746, #4418, #7994, .T. ) ;
#3714 = EDGE_CURVE ( 'NONE', #7083, #1686, #1191, .T. ) ;
#3715 = ORIENTED_EDGE ( 'NONE', *, *, #6, .F. ) ;
#3716 = CARTESIAN_POINT ( 'NONE',  ( -4.349999999999996092, -0.5300568462028399930, -0.03708463221821563932 ) ) ;
#3717 = DIRECTION ( 'NONE',  ( 0.7071067811865470176, -0.000000000000000000, 0.7071067811865480168 ) ) ;
#3718 = EDGE_CURVE ( 'NONE', #7437, #6554, #6696, .T. ) ;
#3719 = CARTESIAN_POINT ( 'NONE',  ( -3.650000000000000355, 3.979999999999998206, 2.600000000000000089 ) ) ;
#3720 = LINE ( 'NONE', #2479, #6069 ) ;
#3721 = VERTEX_POINT ( 'NONE', #5577 ) ;
#3722 = ORIENTED_EDGE ( 'NONE', *, *, #837, .F. ) ;
#3723 = DIRECTION ( 'NONE',  ( 1.000000000000000000, 0.000000000000000000, -0.000000000000000000 ) ) ;
#3724 = ORIENTED_EDGE ( 'NONE', *, *, #769, .T. ) ;
#3725 = ADVANCED_FACE ( 'NONE', ( #2502 ), #4970, .F. ) ;
#3726 = CARTESIAN_POINT ( 'NONE',  ( -3.290000000000000480, 1.379999999999999671, 1.369999999999999662 ) ) ;
#3727 = DIRECTION ( 'NONE',  ( 1.000000000000000000, 0.000000000000000000, 0.000000000000000000 ) ) ;
#3728 = VERTEX_POINT ( 'NONE', #3703 ) ;
#3729 = CARTESIAN_POINT ( 'NONE',  ( 0.000000000000000000, 0.4300000000000000488, 3.369999999999999662 ) ) ;
#3730 = VERTEX_POINT ( 'NONE', #6172 ) ;
#3731 = CARTESIAN_POINT ( 'NONE',  ( -0.7249999999999999778, 2.273782217350890367, 3.750000000000000000 ) ) ;
#3732 = ORIENTED_EDGE ( 'NONE', *, *, #2357, .F. ) ;
#3733 = PLANE ( 'NONE',  #5343 ) ;
#3734 = EDGE_CURVE ( 'NONE', #5655, #1852, #3741, .T. ) ;
#3735 = LINE ( 'NONE', #8033, #4990 ) ;
#3736 = CARTESIAN_POINT ( 'NONE',  ( -2.324999999999999289, 5.380000000000001670, 3.750000000000000000 ) ) ;
#3737 = CARTESIAN_POINT ( 'NONE',  ( -2.490000000000000213, 3.548505796534330958, 3.369999999999999662 ) ) ;
#3738 = ORIENTED_EDGE ( 'NONE', *, *, #1043, .T. ) ;
#3739 = DIRECTION ( 'NONE',  ( 0.000000000000000000, 0.7071067811865465735, -0.7071067811865484609 ) ) ;
#3740 = ORIENTED_EDGE ( 'NONE', *, *, #3768, .T. ) ;
#3741 = LINE ( 'NONE', #475, #3359 ) ;
#3742 = CIRCLE ( 'NONE', #158, 0.6999999999999997335 ) ;
#3743 = ORIENTED_EDGE ( 'NONE', *, *, #4627, .T. ) ;
#3744 = ITEM_DEFINED_TRANSFORMATION ( 'NONE', 'NONE', #2624,  #1711 ) ;
#3745 = EDGE_LOOP ( 'NONE', ( #246, #5714, #1308, #3740 ) ) ;
#3746 = CARTESIAN_POINT ( 'NONE',  ( 1.831608096732319391, 5.253199701047745585, 2.029832513759345591 ) ) ;
#3747 = ADVANCED_FACE ( 'NONE', ( #5009 ), #1888, .F. ) ;
#3748 = LINE ( 'NONE', #5013, #5752 ) ;
#3749 = CARTESIAN_POINT ( 'NONE',  ( -3.290000000000000480, 0.4300000000000007150, 3.553360657221955154 ) ) ;
#3750 = VECTOR ( 'NONE', #3293, 1000.000000000000000 ) ;
#3751 = CIRCLE ( 'NONE', #4261, 0.5000000000000004441 ) ;
#3752 = EDGE_LOOP ( 'NONE', ( #1356, #5387, #123, #3441, #1292, #2060, #33, #1859, #7153, #4000, #1716, #289, #5034, #3091, #4889, #4988, #2590, #4771, #1496, #1523, #3643, #6526, #6355, #3517, #7263, #3589, #4541, #7760, #6552, #2535, #5226, #2768, #306, #5011, #392, #6049, #7582, #6807, #2727, #5341, #7712, #1198, #5179, #40, #5347, #6127, #3106, #2886, #3958, #5377, #6003, #1955, #5148, #7584, #7019, #1620, #7591, #7962, #4245, #6353, #2928, #5429, #4185, #4878 ) ) ;
#3753 = LINE ( 'NONE', #653, #1554 ) ;
#3754 = VECTOR ( 'NONE', #3980, 1000.000000000000000 ) ;
#3755 = VECTOR ( 'NONE', #5625, 1000.000000000000000 ) ;
#3756 = ADVANCED_FACE ( 'NONE', ( #1727 ), #4429, .F. ) ;
#3757 = CARTESIAN_POINT ( 'NONE',  ( 1.289999999999999813, 2.879999999999999893, 3.369999999999999662 ) ) ;
#3758 = CARTESIAN_POINT ( 'NONE',  ( -2.850000000000000089, 5.379999999999999893, 0.000000000000000000 ) ) ;
#3759 = CARTESIAN_POINT ( 'NONE',  ( -3.149999999999999911, 1.835969349108944604, 2.600000000000000089 ) ) ;
#3760 = AXIS2_PLACEMENT_3D ( 'NONE', #6646, #7091, #7821 ) ;
#3761 = VECTOR ( 'NONE', #2278, 1000.000000000000000 ) ;
#3762 = VERTEX_POINT ( 'NONE', #3860 ) ;
#3763 = ORIENTED_EDGE ( 'NONE', *, *, #7396, .F. ) ;
#3764 = CARTESIAN_POINT ( 'NONE',  ( 3.299999999999999822, 0.1000000000000000056, -3.598121511156143537 ) ) ;
#3765 = ORIENTED_EDGE ( 'NONE', *, *, #2694, .T. ) ;
#3766 = EDGE_CURVE ( 'NONE', #7417, #4746, #4144, .T. ) ;
#3767 = VECTOR ( 'NONE', #1265, 1000.000000000000000 ) ;
#3768 = EDGE_CURVE ( 'NONE', #2575, #1586, #20, .T. ) ;
#3769 = CARTESIAN_POINT ( 'NONE',  ( -0.3099999999999999423, 3.548505796534330958, 3.369999999999999662 ) ) ;
#3770 = CARTESIAN_POINT ( 'NONE',  ( -4.379416815450911216, 0.3300000000000001266, 0.1044096602287939435 ) ) ;
#3771 = ORIENTED_EDGE ( 'NONE', *, *, #6934, .F. ) ;
#3772 = CYLINDRICAL_SURFACE ( 'NONE', #5472, 0.6999999999999997335 ) ;
#3773 = VERTEX_POINT ( 'NONE', #3275 ) ;
#3774 = AXIS2_PLACEMENT_3D ( 'NONE', #3200, #773, #5130 ) ;
#3775 = CARTESIAN_POINT ( 'NONE',  ( 1.863384492332436082, 0.4952546380029539397, 4.776833376697702249 ) ) ;
#3776 = ORIENTED_EDGE ( 'NONE', *, *, #6386, .T. ) ;
#3777 = VERTEX_POINT ( 'NONE', #646 ) ;
#3778 = ADVANCED_FACE ( 'NONE', ( #2695 ), #6366, .F. ) ;
#3779 = EDGE_CURVE ( 'NONE', #237, #2198, #3156, .T. ) ;
#3780 = CARTESIAN_POINT ( 'NONE',  ( 3.500000000000000000, 0.2945473795552883689, -3.886801189779353294 ) ) ;
#3781 = VECTOR ( 'NONE', #6491, 1000.000000000000000 ) ;
#3782 = CARTESIAN_POINT ( 'NONE',  ( 3.700000000000000178, 2.287465065894787930, 3.660881894938530667 ) ) ;
#3783 = CARTESIAN_POINT ( 'NONE',  ( 2.450000000000000178, 3.979999999999998206, 2.600000000000000089 ) ) ;
#3784 = EDGE_LOOP ( 'NONE', ( #5113, #4908, #3041, #6424, #3571, #3715 ) ) ;
#3785 = DIRECTION ( 'NONE',  ( -0.6427876096865392519, 0.000000000000000000, 0.7660444431189780135 ) ) ;
#3786 = ORIENTED_EDGE ( 'NONE', *, *, #4233, .F. ) ;
#3787 = VECTOR ( 'NONE', #3223, 1000.000000000000000 ) ;
#3788 = DIRECTION ( 'NONE',  ( -0.000000000000000000, -1.000000000000000000, -0.000000000000000000 ) ) ;
#3789 = EDGE_CURVE ( 'NONE', #7840, #7338, #131, .T. ) ;
#3790 = ORIENTED_EDGE ( 'NONE', *, *, #2107, .F. ) ;
#3791 = DIRECTION ( 'NONE',  ( -1.000000000000000000, 0.000000000000000000, 0.000000000000000000 ) ) ;
#3792 = DIRECTION ( 'NONE',  ( 0.000000000000000000, 0.000000000000000000, 1.000000000000000000 ) ) ;
#3793 = VECTOR ( 'NONE', #1003, 1000.000000000000000 ) ;
#3794 = CARTESIAN_POINT ( 'NONE',  ( -4.700000000000000178, 3.979999999999999094, 3.199999999999998845 ) ) ;
#3795 = DIRECTION ( 'NONE',  ( -0.000000000000000000, 0.000000000000000000, -1.000000000000000000 ) ) ;
#3796 = VERTEX_POINT ( 'NONE', #804 ) ;
#3797 = CARTESIAN_POINT ( 'NONE',  ( 3.299999999999999822, 0.2350000000000000977, -4.409441832532933425 ) ) ;
#3798 = CARTESIAN_POINT ( 'NONE',  ( -5.249999999999998224, -0.5494168154509186941, -1.431969301908058658E-14 ) ) ;
#3799 = EDGE_CURVE ( 'NONE', #708, #214, #5085, .T. ) ;
#3800 = VECTOR ( 'NONE', #301, 1000.000000000000000 ) ;
#3801 = ORIENTED_EDGE ( 'NONE', *, *, #6452, .F. ) ;
#3802 = FACE_OUTER_BOUND ( 'NONE', #8070, .T. ) ;
#3803 = LINE ( 'NONE', #6268, #7551 ) ;
#3804 = CARTESIAN_POINT ( 'NONE',  ( 3.299999999999999822, 0.000000000000000000, -4.398121511156142915 ) ) ;
#3805 = VECTOR ( 'NONE', #6847, 1000.000000000000000 ) ;
#3806 = ORIENTED_EDGE ( 'NONE', *, *, #6484, .T. ) ;
#3807 = CARTESIAN_POINT ( 'NONE',  ( 3.689999999999999947, 1.379999999999999671, 1.369999999999999662 ) ) ;
#3808 = EDGE_CURVE ( 'NONE', #3866, #5609, #1427, .T. ) ;
#3809 = ORIENTED_EDGE ( 'NONE', *, *, #5279, .F. ) ;
#3810 = AXIS2_PLACEMENT_3D ( 'NONE', #4975, #681, #2424 ) ;
#3811 = DIRECTION ( 'NONE',  ( -0.000000000000000000, -1.000000000000000000, 2.954810409056583012E-16 ) ) ;
#3812 = VERTEX_POINT ( 'NONE', #5656 ) ;
#3813 = CARTESIAN_POINT ( 'NONE',  ( -2.049999999999999822, 1.835969349108944604, 3.600000000000000089 ) ) ;
#3814 = VERTEX_POINT ( 'NONE', #7547 ) ;
#3815 = ORIENTED_EDGE ( 'NONE', *, *, #3629, .T. ) ;
#3816 = ORIENTED_EDGE ( 'NONE', *, *, #8041, .T. ) ;
#3817 = ADVANCED_FACE ( 'NONE', ( #714 ), #2047, .T. ) ;
#3818 = EDGE_CURVE ( 'NONE', #1028, #8013, #6323, .T. ) ;
#3819 = LINE ( 'NONE', #671, #6358 ) ;
#3820 = AXIS2_PLACEMENT_3D ( 'NONE', #6226, #690, #113 ) ;
#3821 = DIRECTION ( 'NONE',  ( -1.000000000000000000, 0.000000000000000000, 0.000000000000000000 ) ) ;
#3822 = CARTESIAN_POINT ( 'NONE',  ( -4.700000000000000178, 3.979999999999999094, 3.199999999999998845 ) ) ;
#3823 = DIRECTION ( 'NONE',  ( 0.000000000000000000, 0.000000000000000000, 1.000000000000000000 ) ) ;
#3824 = EDGE_CURVE ( 'NONE', #4313, #5689, #3938, .T. ) ;
#3825 = ORIENTED_EDGE ( 'NONE', *, *, #3701, .T. ) ;
#3826 = CARTESIAN_POINT ( 'NONE',  ( 2.750000000000000000, 3.979999999999999094, 3.199999999999998845 ) ) ;
#3827 = ORIENTED_EDGE ( 'NONE', *, *, #3000, .F. ) ;
#3828 = CARTESIAN_POINT ( 'NONE',  ( 4.500000000000000000, 0.4300000000000000488, -2.150000000000000799 ) ) ;
#3829 = ITEM_DEFINED_TRANSFORMATION ( 'NONE', 'NONE', #98,  #1711 ) ;
#3830 = ORIENTED_EDGE ( 'NONE', *, *, #2341, .F. ) ;
#3831 = LINE ( 'NONE', #562, #2362 ) ;
#3832 = EDGE_LOOP ( 'NONE', ( #3237, #7127, #1870, #256 ) ) ;
#3833 = LINE ( 'NONE', #5018, #3255 ) ;
#3834 = PLANE ( 'NONE',  #67 ) ;
#3835 = ORIENTED_EDGE ( 'NONE', *, *, #4488, .F. ) ;
#3836 = CARTESIAN_POINT ( 'NONE',  ( -3.675000000000000266, 5.380000000000001670, 3.750000000000000000 ) ) ;
#3837 = CARTESIAN_POINT ( 'NONE',  ( -1.550000000000000266, 3.979999999999999094, 3.199999999999998845 ) ) ;
#3838 = DIRECTION ( 'NONE',  ( 1.000000000000000000, 0.000000000000000000, 0.000000000000000000 ) ) ;
#3839 = EDGE_CURVE ( 'NONE', #7546, #5289, #53, .T. ) ;
#3840 = CARTESIAN_POINT ( 'NONE',  ( 4.700000000000000178, 3.979999999999998206, 3.399999999999998579 ) ) ;
#3841 = VERTEX_POINT ( 'NONE', #4474 ) ;
#3842 = ORIENTED_EDGE ( 'NONE', *, *, #1043, .F. ) ;
#3843 = DIRECTION ( 'NONE',  ( -0.000000000000000000, 0.000000000000000000, -1.000000000000000000 ) ) ;
#3844 = ORIENTED_EDGE ( 'NONE', *, *, #1002, .F. ) ;
#3845 = EDGE_CURVE ( 'NONE', #4746, #6618, #5803, .T. ) ;
#3846 = EDGE_LOOP ( 'NONE', ( #638, #3825, #563, #3632, #3061, #2491 ) ) ;
#3847 = CARTESIAN_POINT ( 'NONE',  ( 0.05000000000000012768, 1.835969349108944604, 2.600000000000000089 ) ) ;
#3848 = ORIENTED_EDGE ( 'NONE', *, *, #106, .F. ) ;
#3849 = EDGE_LOOP ( 'NONE', ( #3877, #2994, #327, #7086, #4581 ) ) ;
#3850 = VERTEX_POINT ( 'NONE', #166 ) ;
#3851 = CARTESIAN_POINT ( 'NONE',  ( -4.315510298651449972, -3.649898987322333088, 2.168404344971008868E-16 ) ) ;
#3852 = DIRECTION ( 'NONE',  ( -1.000000000000000000, 0.000000000000000000, 0.000000000000000000 ) ) ;
#3853 = EDGE_CURVE ( 'NONE', #5280, #1588, #3231, .T. ) ;
#3854 = DIRECTION ( 'NONE',  ( 0.000000000000000000, 0.000000000000000000, -1.000000000000000000 ) ) ;
#3855 = PLANE ( 'NONE',  #3119 ) ;
#3856 = ORIENTED_EDGE ( 'NONE', *, *, #5946, .T. ) ;
#3857 = EDGE_CURVE ( 'NONE', #2120, #1410, #2614, .T. ) ;
#3858 = DIRECTION ( 'NONE',  ( 0.000000000000000000, 0.000000000000000000, 1.000000000000000000 ) ) ;
#3859 = ORIENTED_EDGE ( 'NONE', *, *, #322, .F. ) ;
#3860 = CARTESIAN_POINT ( 'NONE',  ( 4.700000000000000178, 3.880000000000002558, 3.399999999999998579 ) ) ;
#3861 = ORIENTED_EDGE ( 'NONE', *, *, #1446, .T. ) ;
#3862 = CARTESIAN_POINT ( 'NONE',  ( -2.875000000000000444, 0.4300000000000007150, 3.750000000000000000 ) ) ;
#3863 = EDGE_CURVE ( 'NONE', #1089, #2689, #4505, .T. ) ;
#3864 = EDGE_CURVE ( 'NONE', #2641, #7967, #3900, .T. ) ;
#3865 = ADVANCED_FACE ( 'NONE', ( #485 ), #4893, .T. ) ;
#3866 = VERTEX_POINT ( 'NONE', #526 ) ;
#3867 = LINE ( 'NONE', #3239, #3920 ) ;
#3868 = LINE ( 'NONE', #725, #8044 ) ;
#3869 = ORIENTED_EDGE ( 'NONE', *, *, #2751, .T. ) ;
#3870 = CARTESIAN_POINT ( 'NONE',  ( 3.550000000000000266, 3.979999999999999094, 3.199999999999998845 ) ) ;
#3871 = EDGE_CURVE ( 'NONE', #7694, #1606, #2431, .T. ) ;
#3872 = VECTOR ( 'NONE', #4964, 1000.000000000000000 ) ;
#3873 = VECTOR ( 'NONE', #233, 1000.000000000000000 ) ;
#3874 = LINE ( 'NONE', #1236, #5993 ) ;
#3875 = DIRECTION ( 'NONE',  ( 0.000000000000000000, -1.000000000000000000, 0.000000000000000000 ) ) ;
#3876 = LINE ( 'NONE', #2667, #4122 ) ;
#3877 = ORIENTED_EDGE ( 'NONE', *, *, #7569, .F. ) ;
#3878 = ORIENTED_EDGE ( 'NONE', *, *, #3402, .F. ) ;
#3879 = VECTOR ( 'NONE', #1007, 1000.000000000000000 ) ;
#3880 = DIRECTION ( 'NONE',  ( 1.000000000000000000, -0.000000000000000000, -0.000000000000000000 ) ) ;
#3881 = VECTOR ( 'NONE', #3657, 1000.000000000000114 ) ;
#3882 = AXIS2_PLACEMENT_3D ( 'NONE', #4533, #7005, #3298 ) ;
#3883 = VECTOR ( 'NONE', #6938, 1000.000000000000000 ) ;
#3884 = FACE_OUTER_BOUND ( 'NONE', #1970, .T. ) ;
#3885 = VERTEX_POINT ( 'NONE', #5585 ) ;
#3886 = CARTESIAN_POINT ( 'NONE',  ( 3.445610178969082948, 0.4300000000000000488, 2.891210230353639776 ) ) ;
#3887 = VERTEX_POINT ( 'NONE', #2998 ) ;
#3888 = ORIENTED_EDGE ( 'NONE', *, *, #2204, .F. ) ;
#3889 = MECHANICAL_DESIGN_GEOMETRIC_PRESENTATION_REPRESENTATION (  '', ( #460 ), #5322 ) ;
#3890 = ORIENTED_EDGE ( 'NONE', *, *, #69, .F. ) ;
#3891 = AXIS2_PLACEMENT_3D ( 'NONE', #2207, #3468, #334 ) ;
#3892 = EDGE_CURVE ( 'NONE', #7996, #904, #8055, .T. ) ;
#3893 = FACE_OUTER_BOUND ( 'NONE', #2078, .T. ) ;
#3894 = CARTESIAN_POINT ( 'NONE',  ( -1.250000000000000222, 3.979999999999999094, -2.250000000000001332 ) ) ;
#3895 = VECTOR ( 'NONE', #2103, 1000.000000000000000 ) ;
#3896 = DIRECTION ( 'NONE',  ( 0.000000000000000000, -0.000000000000000000, -1.000000000000000000 ) ) ;
#3897 = ORIENTED_EDGE ( 'NONE', *, *, #7032, .T. ) ;
#3898 = PLANE ( 'NONE',  #1831 ) ;
#3899 = VERTEX_POINT ( 'NONE', #4398 ) ;
#3900 = LINE ( 'NONE', #7666, #7137 ) ;
#3901 = ORIENTED_EDGE ( 'NONE', *, *, #4454, .T. ) ;
#3902 = VECTOR ( 'NONE', #4138, 1000.000000000000000 ) ;
#3903 = CARTESIAN_POINT ( 'NONE',  ( 3.700000000000000178, 1.844405641844211852, 3.751878488843856552 ) ) ;
#3904 = ORIENTED_EDGE ( 'NONE', *, *, #7802, .F. ) ;
#3905 = VECTOR ( 'NONE', #4381, 1000.000000000000227 ) ;
#3906 = PLANE ( 'NONE',  #2597 ) ;
#3907 = DIRECTION ( 'NONE',  ( 0.000000000000000000, 0.000000000000000000, 1.000000000000000000 ) ) ;
#3908 = CARTESIAN_POINT ( 'NONE',  ( 3.110000000000000320, 3.548505796534330958, 3.553360657221955154 ) ) ;
#3909 = ORIENTED_EDGE ( 'NONE', *, *, #5966, .F. ) ;
#3910 = LINE ( 'NONE', #2710, #2948 ) ;
#3911 = EDGE_CURVE ( 'NONE', #5704, #3777, #6705, .T. ) ;
#3912 = VECTOR ( 'NONE', #6828, 1000.000000000000000 ) ;
#3913 = DIRECTION ( 'NONE',  ( 1.000000000000000000, 0.000000000000000000, -0.000000000000000000 ) ) ;
#3914 =( NAMED_UNIT ( * ) SI_UNIT ( $, .STERADIAN. ) SOLID_ANGLE_UNIT ( ) );
#3915 = LINE ( 'NONE', #7685, #4145 ) ;
#3916 = SURFACE_SIDE_STYLE ('',( #2759 ) ) ;
#3917 = CARTESIAN_POINT ( 'NONE',  ( 0.4899999999999999911, 0.4300000000000000488, 0.000000000000000000 ) ) ;
#3918 = EDGE_CURVE ( 'NONE', #7226, #5835, #5615, .T. ) ;
#3919 = ORIENTED_EDGE ( 'NONE', *, *, #7388, .F. ) ;
#3920 = VECTOR ( 'NONE', #6331, 1000.000000000000000 ) ;
#3921 = AXIS2_PLACEMENT_3D ( 'NONE', #842, #3972, #4631 ) ;
#3922 = LINE ( 'NONE', #6164, #5883 ) ;
#3923 = ORIENTED_EDGE ( 'NONE', *, *, #247, .T. ) ;
#3924 = CARTESIAN_POINT ( 'NONE',  ( -2.049999999999999822, 5.379999999999999893, 3.199999999999998845 ) ) ;
#3925 = VERTEX_POINT ( 'NONE', #7477 ) ;
#3926 = VERTEX_POINT ( 'NONE', #7365 ) ;
#3927 = CARTESIAN_POINT ( 'NONE',  ( -4.835621052408703768, -0.5374134071012645064, 0.6999999999999519940 ) ) ;
#3928 = AXIS2_PLACEMENT_3D ( 'NONE', #5561, #3021, #7383 ) ;
#3929 = VERTEX_POINT ( 'NONE', #6263 ) ;
#3930 = LINE ( 'NONE', #7538, #581 ) ;
#3931 = CARTESIAN_POINT ( 'NONE',  ( -5.500000000000000000, 4.979999999999999538, 3.600000000000000089 ) ) ;
#3932 = AXIS2_PLACEMENT_3D ( 'NONE', #7360, #5937, #6626 ) ;
#3933 = CARTESIAN_POINT ( 'NONE',  ( 4.700000000000000178, 3.979999999999999094, -2.250000000000001332 ) ) ;
#3935 = EDGE_CURVE ( 'NONE', #6367, #6873, #3164, .T. ) ;
#3934 = DIRECTION ( 'NONE',  ( -0.000000000000000000, 0.000000000000000000, -1.000000000000000000 ) ) ;
#3936 = EDGE_LOOP ( 'NONE', ( #6218, #5952, #2019, #2525, #6809, #3304, #3606, #5169 ) ) ;
#3937 = DIRECTION ( 'NONE',  ( -0.000000000000000000, 0.000000000000000000, 1.000000000000000000 ) ) ;
#3938 = LINE ( 'NONE', #6976, #7518 ) ;
#3939 = ORIENTED_EDGE ( 'NONE', *, *, #7848, .T. ) ;
#3940 = VECTOR ( 'NONE', #4813, 1000.000000000000000 ) ;
#3941 = DIRECTION ( 'NONE',  ( 0.000000000000000000, 0.000000000000000000, -1.000000000000000000 ) ) ;
#3942 = DIRECTION ( 'NONE',  ( 0.000000000000000000, 1.000000000000000000, 1.363776317591828850E-16 ) ) ;
#3943 = DIRECTION ( 'NONE',  ( 0.000000000000000000, 0.000000000000000000, -1.000000000000000000 ) ) ;
#3944 = EDGE_CURVE ( 'NONE', #1943, #4161, #7328, .T. ) ;
#3945 = ORIENTED_EDGE ( 'NONE', *, *, #4634, .T. ) ;
#3946 = SURFACE_STYLE_USAGE ( .BOTH. , #3445 ) ;
#3947 = LINE ( 'NONE', #6449, #2939 ) ;
#3948 = LINE ( 'NONE', #3410, #5558 ) ;
#3949 = CARTESIAN_POINT ( 'NONE',  ( -5.500000000000000000, 5.380000000000001670, 3.600000000000000089 ) ) ;
#3950 = EDGE_LOOP ( 'NONE', ( #4286, #6961, #5010, #7605 ) ) ;
#3951 = DIRECTION ( 'NONE',  ( 0.000000000000000000, 1.363776317591828850E-16, -1.000000000000000000 ) ) ;
#3952 = DIRECTION ( 'NONE',  ( 1.000000000000000000, 0.000000000000000000, 0.000000000000000000 ) ) ;
#3953 = CARTESIAN_POINT ( 'NONE',  ( 1.950000000000000178, 5.379999999999999893, 2.600000000000000089 ) ) ;
#3954 = CARTESIAN_POINT ( 'NONE',  ( 3.275000000000000355, 5.380000000000000782, 3.750000000000000000 ) ) ;
#3955 = DIRECTION ( 'NONE',  ( 0.000000000000000000, -1.000000000000000000, 0.000000000000000000 ) ) ;
#3956 = LINE ( 'NONE', #3917, #7490 ) ;
#3957 = EDGE_CURVE ( 'NONE', #3316, #3198, #139, .T. ) ;
#3958 = ORIENTED_EDGE ( 'NONE', *, *, #156, .T. ) ;
#3959 = EDGE_CURVE ( 'NONE', #3841, #7972, #1393, .T. ) ;
#3960 = ADVANCED_FACE ( 'NONE', ( #2583 ), #858, .T. ) ;
#3961 = DIRECTION ( 'NONE',  ( 0.000000000000000000, -0.7071067811865475727, -0.7071067811865475727 ) ) ;
#3962 = EDGE_LOOP ( 'NONE', ( #713, #1785, #1262, #6675 ) ) ;
#3963 = CARTESIAN_POINT ( 'NONE',  ( 0.000000000000000000, 0.000000000000000000, -2.250000000000001332 ) ) ;
#3964 = EDGE_LOOP ( 'NONE', ( #622, #494, #6486, #618 ) ) ;
#3965 = EDGE_CURVE ( 'NONE', #7967, #1369, #685, .T. ) ;
#3966 = EDGE_LOOP ( 'NONE', ( #3699, #3125, #281, #6792 ) ) ;
#3967 = DIRECTION ( 'NONE',  ( -1.000000000000000000, 0.000000000000000000, 0.000000000000000000 ) ) ;
#3968 = FACE_OUTER_BOUND ( 'NONE', #6261, .T. ) ;
#3969 = DIRECTION ( 'NONE',  ( 0.7660444431189781245, 0.000000000000000000, 0.6427876096865393629 ) ) ;
#3970 = CARTESIAN_POINT ( 'NONE',  ( -0.7499999999999997780, 4.980000000000000426, 3.600000000000000089 ) ) ;
#3971 = EDGE_LOOP ( 'NONE', ( #3904, #47, #3562, #5144, #6407, #1328 ) ) ;
#3972 = DIRECTION ( 'NONE',  ( -1.000000000000000000, 0.000000000000000000, 0.000000000000000000 ) ) ;
#3973 = EDGE_LOOP ( 'NONE', ( #7536, #1925, #3680, #6911 ) ) ;
#3974 = DIRECTION ( 'NONE',  ( 1.000000000000000000, 0.000000000000000000, 0.000000000000000000 ) ) ;
#3975 = EDGE_LOOP ( 'NONE', ( #1239, #4408, #5749, #7144, #4926 ) ) ;
#3976 = CARTESIAN_POINT ( 'NONE',  ( -3.950000000000000178, 1.835969349108944604, 2.600000000000000089 ) ) ;
#3977 = DIRECTION ( 'NONE',  ( 1.000000000000000000, 0.000000000000000000, 0.000000000000000000 ) ) ;
#3978 = ORIENTED_EDGE ( 'NONE', *, *, #13, .F. ) ;
#3979 = FACE_OUTER_BOUND ( 'NONE', #387, .T. ) ;
#3980 = DIRECTION ( 'NONE',  ( -1.000000000000000000, 0.000000000000000000, 0.000000000000000000 ) ) ;
#3981 = CARTESIAN_POINT ( 'NONE',  ( -0.3099999999999999423, 1.379999999999999671, 1.369999999999999662 ) ) ;
#3982 = DIRECTION ( 'NONE',  ( -1.000000000000000000, 0.000000000000000000, 0.000000000000000000 ) ) ;
#3983 = ORIENTED_EDGE ( 'NONE', *, *, #3799, .F. ) ;
#3984 = DIRECTION ( 'NONE',  ( -0.000000000000000000, -0.7071067811865489050, -0.7071067811865460184 ) ) ;
#3985 = EDGE_CURVE ( 'NONE', #4353, #477, #2626, .T. ) ;
#3986 = DIRECTION ( 'NONE',  ( 1.000000000000000000, 0.000000000000000000, 0.000000000000000000 ) ) ;
#3987 = CARTESIAN_POINT ( 'NONE',  ( 1.924999999999998712, 5.380000000000002558, 3.750000000000000000 ) ) ;
#3988 = PLANE ( 'NONE',  #5062 ) ;
#3989 = EDGE_LOOP ( 'NONE', ( #1440, #6009, #4536, #6097 ) ) ;
#3990 = ORIENTED_EDGE ( 'NONE', *, *, #7206, .T. ) ;
#3991 = VECTOR ( 'NONE', #7077, 1000.000000000000000 ) ;
#3992 = EDGE_CURVE ( 'NONE', #1318, #3053, #105, .T. ) ;
#3993 = DIRECTION ( 'NONE',  ( -0.000000000000000000, 0.000000000000000000, 1.000000000000000000 ) ) ;
#3994 = VECTOR ( 'NONE', #7674, 1000.000000000000114 ) ;
#3995 = ORIENTED_EDGE ( 'NONE', *, *, #3281, .T. ) ;
#3996 = AXIS2_PLACEMENT_3D ( 'NONE', #2907, #1726, #5971 ) ;
#3997 = DIRECTION ( 'NONE',  ( 0.3868795754558335687, 0.7985882202808504138, -0.4610651239508122834 ) ) ;
#3998 = ORIENTED_EDGE ( 'NONE', *, *, #2357, .T. ) ;
#3999 = ADVANCED_FACE ( 'NONE', ( #4605 ), #1934, .F. ) ;
#4000 = ORIENTED_EDGE ( 'NONE', *, *, #5279, .T. ) ;
#4001 = VECTOR ( 'NONE', #3984, 1000.000000000000114 ) ;
#4002 = AXIS2_PLACEMENT_3D ( 'NONE', #7751, #2219, #6566 ) ;
#4003 = EDGE_CURVE ( 'NONE', #488, #1541, #60, .T. ) ;
#4004 = PLANE ( 'NONE',  #7247 ) ;
#4005 = DIRECTION ( 'NONE',  ( 1.000000000000000000, 0.000000000000000000, 0.000000000000000000 ) ) ;
#4006 = CARTESIAN_POINT ( 'NONE',  ( 1.149999999999999911, 5.379999999999999893, 2.600000000000000089 ) ) ;
#4007 = VERTEX_POINT ( 'NONE', #7593 ) ;
#4008 = CARTESIAN_POINT ( 'NONE',  ( 4.500000000000000000, 0.4300000000000000488, -2.150000000000000799 ) ) ;
#4009 = VECTOR ( 'NONE', #5197, 1000.000000000000000 ) ;
#4010 = EDGE_LOOP ( 'NONE', ( #2794, #2779, #6314, #4345 ) ) ;
#4011 = EDGE_CURVE ( 'NONE', #4091, #7330, #4561, .T. ) ;
#4012 = ADVANCED_FACE ( 'NONE', ( #6914 ), #3834, .T. ) ;
#4013 = CARTESIAN_POINT ( 'NONE',  ( -3.950000000000000178, 4.980000000000000426, 3.600000000000000089 ) ) ;
#4014 = ORIENTED_EDGE ( 'NONE', *, *, #6811, .F. ) ;
#4015 = DIRECTION ( 'NONE',  ( -1.000000000000000000, 0.000000000000000000, 0.000000000000000000 ) ) ;
#4016 = VECTOR ( 'NONE', #1967, 1000.000000000000000 ) ;
#4017 = DIRECTION ( 'NONE',  ( -0.000000000000000000, 0.8660254037844389297, -0.4999999999999993339 ) ) ;
#4018 = DIRECTION ( 'NONE',  ( 1.144344205099612874E-16, 1.000000000000000000, 1.363776317591828850E-16 ) ) ;
#4019 = EDGE_LOOP ( 'NONE', ( #7299, #1673, #7410, #6754, #2055, #6321, #1057, #669 ) ) ;
#4020 =( NAMED_UNIT ( * ) PLANE_ANGLE_UNIT ( ) SI_UNIT ( $, .RADIAN. ) );
#4021 = CARTESIAN_POINT ( 'NONE',  ( 3.299999999999999822, 0.000000000000000000, -4.398121511156142915 ) ) ;
#4022 = CARTESIAN_POINT ( 'NONE',  ( -5.500000000000000000, 0.3300000000000001266, 2.250000000000000444 ) ) ;
#4023 = DIRECTION ( 'NONE',  ( -1.000000000000000000, -0.000000000000000000, -0.000000000000000000 ) ) ;
#4024 = AXIS2_PLACEMENT_3D ( 'NONE', #4333, #1243, #1325 ) ;
#4025 = ORIENTED_EDGE ( 'NONE', *, *, #3992, .T. ) ;
#4026 = DIRECTION ( 'NONE',  ( 0.5220483011439810417, 0.000000000000000000, -0.8529159227454270464 ) ) ;
#4027 = ORIENTED_EDGE ( 'NONE', *, *, #7775, .F. ) ;
#4028 = DIRECTION ( 'NONE',  ( 0.000000000000000000, -1.000000000000000000, 0.000000000000000000 ) ) ;
#4029 = VECTOR ( 'NONE', #4015, 1000.000000000000000 ) ;
#4030 =( NAMED_UNIT ( * ) PLANE_ANGLE_UNIT ( ) SI_UNIT ( $, .RADIAN. ) );
#4031 = DIRECTION ( 'NONE',  ( 0.000000000000000000, -1.000000000000000000, 0.000000000000000000 ) ) ;
#4032 = CARTESIAN_POINT ( 'NONE',  ( 1.290000000000000036, 2.614371549809415551, 3.553360657221955154 ) ) ;
#4033 = CARTESIAN_POINT ( 'NONE',  ( -1.275000000000000133, 2.273782217350889923, 3.749999999999999556 ) ) ;
#4034 = ADVANCED_FACE ( 'NONE', ( #1975 ), #6948, .F. ) ;
#4035 = VERTEX_POINT ( 'NONE', #1350 ) ;
#4036 = CARTESIAN_POINT ( 'NONE',  ( -4.500000000000000000, 0.3300000000000001266, -2.150000000000000799 ) ) ;
#4037 = VECTOR ( 'NONE', #4464, 1000.000000000000000 ) ;
#4038 = DIRECTION ( 'NONE',  ( -0.000000000000000000, 1.000000000000000000, -0.000000000000000000 ) ) ;
#4039 = LINE ( 'NONE', #7693, #2367 ) ;
#4040 = VECTOR ( 'NONE', #2767, 1000.000000000000000 ) ;
#4041 = ORIENTED_EDGE ( 'NONE', *, *, #4473, .T. ) ;
#4042 = CARTESIAN_POINT ( 'NONE',  ( 3.900000000000000355, 0.05000000000000010686, 4.501878488843855664 ) ) ;
#4043 = EDGE_LOOP ( 'NONE', ( #3576, #4493, #35, #5812, #1601, #7548, #1535 ) ) ;
#4044 = ORIENTED_EDGE ( 'NONE', *, *, #3473, .F. ) ;
#4045 = CARTESIAN_POINT ( 'NONE',  ( 1.289999999999999813, 3.548505796534330958, 3.553360657221955154 ) ) ;
#4046 = DIRECTION ( 'NONE',  ( 1.000000000000000000, -0.000000000000000000, -0.000000000000000000 ) ) ;
#4047 = DIRECTION ( 'NONE',  ( 1.000000000000000000, 0.000000000000000000, 0.000000000000000000 ) ) ;
#4048 = CARTESIAN_POINT ( 'NONE',  ( -2.709999999999999964, 2.879999999999999893, 3.399999999999998579 ) ) ;
#4049 = CIRCLE ( 'NONE', #5251, 0.2000000000000002054 ) ;
#4050 = ORIENTED_EDGE ( 'NONE', *, *, #2107, .T. ) ;
#4051 = VECTOR ( 'NONE', #5417, 1000.000000000000000 ) ;
#4052 = DIRECTION ( 'NONE',  ( -0.6427876096865392519, 0.000000000000000000, -0.7660444431189780135 ) ) ;
#4053 = ORIENTED_EDGE ( 'NONE', *, *, #1499, .F. ) ;
#4054 = EDGE_CURVE ( 'NONE', #8079, #7338, #3868, .T. ) ;
#4055 = ADVANCED_FACE ( 'NONE', ( #6332 ), #3318, .F. ) ;
#4056 = DIRECTION ( 'NONE',  ( -0.6427876096865392519, 0.000000000000000000, -0.7660444431189780135 ) ) ;
#4057 = ORIENTED_EDGE ( 'NONE', *, *, #4180, .T. ) ;
#4058 = VECTOR ( 'NONE', #3160, 1000.000000000000000 ) ;
#4059 = EDGE_CURVE ( 'NONE', #3671, #2797, #7630, .T. ) ;
#4060 = LINE ( 'NONE', #419, #1047 ) ;
#4061 = LINE ( 'NONE', #1720, #2178 ) ;
#4062 = ORIENTED_EDGE ( 'NONE', *, *, #4974, .F. ) ;
#4063 = LINE ( 'NONE', #5165, #6252 ) ;
#4064 = CARTESIAN_POINT ( 'NONE',  ( -1.909999999999999920, 2.614371549809415551, 3.553360657221955154 ) ) ;
#4065 = DIRECTION ( 'NONE',  ( 0.000000000000000000, 0.7071067811865461294, -0.7071067811865490160 ) ) ;
#4066 = CIRCLE ( 'NONE', #6267, 0.04999999999999969746 ) ;
#4067 = ORIENTED_EDGE ( 'NONE', *, *, #1900, .T. ) ;
#4068 = LINE ( 'NONE', #948, #5183 ) ;
#4069 = CARTESIAN_POINT ( 'NONE',  ( 0.7100000000000000755, 2.879999999999999893, 3.399999999999998579 ) ) ;
#4070 = AXIS2_PLACEMENT_3D ( 'NONE', #357, #4802, #1154 ) ;
#4071 = FILL_AREA_STYLE_COLOUR ( '', #4855 ) ;
#4072 = PLANE ( 'NONE',  #6584 ) ;
#4073 = EDGE_LOOP ( 'NONE', ( #7118, #1836, #4396, #1048 ) ) ;
#4074 = ADVANCED_FACE ( 'NONE', ( #4438 ), #1435, .F. ) ;
#4075 = EDGE_CURVE ( 'NONE', #5609, #2281, #176, .T. ) ;
#4076 = DIRECTION ( 'NONE',  ( 0.000000000000000000, -1.000000000000000000, -2.710505431213760099E-16 ) ) ;
#4077 = CARTESIAN_POINT ( 'NONE',  ( -2.349999999999999645, 5.379999999999999893, 2.600000000000000089 ) ) ;
#4078 = ORIENTED_EDGE ( 'NONE', *, *, #6288, .F. ) ;
#4079 = FACE_OUTER_BOUND ( 'NONE', #1114, .T. ) ;
#4080 = LINE ( 'NONE', #6551, #4656 ) ;
#4081 = ORIENTED_EDGE ( 'NONE', *, *, #1976, .F. ) ;
#4082 = ORIENTED_EDGE ( 'NONE', *, *, #2936, .T. ) ;
#4083 = EDGE_LOOP ( 'NONE', ( #3704, #4835, #1627, #2417 ) ) ;
#4084 = FACE_OUTER_BOUND ( 'NONE', #5990, .T. ) ;
#4085 = ADVANCED_FACE ( 'NONE', ( #5859 ), #7517, .T. ) ;
#4086 = CARTESIAN_POINT ( 'NONE',  ( -5.500000000000000000, 5.379999999999999893, 3.899999999999999911 ) ) ;
#4087 = PLANE ( 'NONE',  #5702 ) ;
#4088 = DIRECTION ( 'NONE',  ( 0.000000000000000000, 0.7071067811865461294, -0.7071067811865490160 ) ) ;
#4089 = VERTEX_POINT ( 'NONE', #6570 ) ;
#4090 = LINE ( 'NONE', #2283, #3265 ) ;
#4091 = VERTEX_POINT ( 'NONE', #4758 ) ;
#4092 = CARTESIAN_POINT ( 'NONE',  ( -2.271962001302152423, 0.4300000000000000488, 1.906402477341431423 ) ) ;
#4093 = VERTEX_POINT ( 'NONE', #2822 ) ;
#4094 = EDGE_CURVE ( 'NONE', #124, #2200, #4682, .T. ) ;
#4095 = LINE ( 'NONE', #7146, #2104 ) ;
#4096 = LINE ( 'NONE', #4179, #450 ) ;
#4097 = ORIENTED_EDGE ( 'NONE', *, *, #5461, .T. ) ;
#4098 = CARTESIAN_POINT ( 'NONE',  ( 0.8500000000000000888, 4.380000000000001670, 3.600000000000000089 ) ) ;
#4099 = DIRECTION ( 'NONE',  ( 0.000000000000000000, 0.000000000000000000, -1.000000000000000000 ) ) ;
#4100 = CARTESIAN_POINT ( 'NONE',  ( -1.689999999999999725, 1.379999999999999671, 1.369999999999999662 ) ) ;
#4101 = EDGE_CURVE ( 'NONE', #6964, #5848, #907, .T. ) ;
#4102 = EDGE_CURVE ( 'NONE', #7546, #199, #7152, .T. ) ;
#4103 = ORIENTED_EDGE ( 'NONE', *, *, #6679, .T. ) ;
#4104 = CYLINDRICAL_SURFACE ( 'NONE', #6722, 0.09999999999999939493 ) ;
#4105 = VERTEX_POINT ( 'NONE', #5373 ) ;
#4106 = EDGE_CURVE ( 'NONE', #1075, #540, #2195, .T. ) ;
#4107 = PLANE ( 'NONE',  #3932 ) ;
#4108 = EDGE_CURVE ( 'NONE', #4740, #5513, #7228, .T. ) ;
#4109 = DIRECTION ( 'NONE',  ( -0.000000000000000000, 0.000000000000000000, -1.000000000000000000 ) ) ;
#4110 = CARTESIAN_POINT ( 'NONE',  ( -4.885291592274541905, -3.649898987322333088, -0.6522048301143488214 ) ) ;
#4111 = EDGE_CURVE ( 'NONE', #3472, #2512, #4508, .T. ) ;
#4112 = EDGE_CURVE ( 'NONE', #7851, #882, #7107, .T. ) ;
#4113 = PLANE ( 'NONE',  #8051 ) ;
#4114 = FACE_OUTER_BOUND ( 'NONE', #3327, .T. ) ;
#4115 =( REPRESENTATION_RELATIONSHIP ('NONE','NONE', #3360, #2520 ) REPRESENTATION_RELATIONSHIP_WITH_TRANSFORMATION ( #6290 )SHAPE_REPRESENTATION_RELATIONSHIP( ) );
#4116 = DIRECTION ( 'NONE',  ( 0.3868795754558335687, 0.7985882202808504138, -0.4610651239508122834 ) ) ;
#4117 = CARTESIAN_POINT ( 'NONE',  ( -2.709999999999999964, 2.879999999999999893, 1.369999999999999662 ) ) ;
#4118 = DIRECTION ( 'NONE',  ( 0.000000000000000000, 0.000000000000000000, 1.000000000000000000 ) ) ;
#4119 = ORIENTED_EDGE ( 'NONE', *, *, #3252, .T. ) ;
#4120 = ORIENTED_EDGE ( 'NONE', *, *, #4322, .T. ) ;
#4121 = LINE ( 'NONE', #6596, #1112 ) ;
#4122 = VECTOR ( 'NONE', #6838, 1000.000000000000000 ) ;
#4123 = LINE ( 'NONE', #6599, #3478 ) ;
#4124 = VECTOR ( 'NONE', #5698, 1000.000000000000000 ) ;
#4125 = CARTESIAN_POINT ( 'NONE',  ( 4.700000000000000178, 4.380000000000001670, 3.600000000000000089 ) ) ;
#4126 = DIRECTION ( 'NONE',  ( -0.000000000000000000, 1.000000000000000000, -0.000000000000000000 ) ) ;
#4127 = ORIENTED_EDGE ( 'NONE', *, *, #3495, .T. ) ;
#4128 = CARTESIAN_POINT ( 'NONE',  ( -3.950000000000000178, 4.380000000000001670, 3.600000000000000089 ) ) ;
#4129 = ORIENTED_EDGE ( 'NONE', *, *, #77, .F. ) ;
#4130 = VECTOR ( 'NONE', #5992, 1000.000000000000000 ) ;
#4131 = DIRECTION ( 'NONE',  ( -0.000000000000000000, 0.8660254037844384856, -0.5000000000000002220 ) ) ;
#4132 = VECTOR ( 'NONE', #7014, 1000.000000000000000 ) ;
#4133 = VERTEX_POINT ( 'NONE', #1519 ) ;
#4134 = LINE ( 'NONE', #2979, #1312 ) ;
#4135 = DIRECTION ( 'NONE',  ( 0.000000000000000000, 1.000000000000000000, 1.363776317591828850E-16 ) ) ;
#4136 = VECTOR ( 'NONE', #3139, 1000.000000000000000 ) ;
#4137 = VECTOR ( 'NONE', #5614, 1000.000000000000000 ) ;
#4138 = DIRECTION ( 'NONE',  ( -1.000000000000000000, 0.000000000000000000, 0.000000000000000000 ) ) ;
#4139 = VERTEX_POINT ( 'NONE', #265 ) ;
#4140 = CARTESIAN_POINT ( 'NONE',  ( 0.000000000000000000, 5.379999999999999893, 3.199999999999998845 ) ) ;
#4141 = FACE_OUTER_BOUND ( 'NONE', #1178, .T. ) ;
#4142 = DIRECTION ( 'NONE',  ( 0.000000000000000000, 0.000000000000000000, 1.000000000000000000 ) ) ;
#4143 = PRODUCT_CONTEXT ( 'NONE', #5223, 'mechanical' ) ;
#4144 = CIRCLE ( 'NONE', #599, 0.6999999999999997335 ) ;
#4145 = VECTOR ( 'NONE', #5262, 1000.000000000000000 ) ;
#4146 = ORIENTED_EDGE ( 'NONE', *, *, #3028, .T. ) ;
#4147 = PLANE ( 'NONE',  #3212 ) ;
#4148 = ORIENTED_EDGE ( 'NONE', *, *, #2607, .T. ) ;
#4149 = PLANE ( 'NONE',  #917 ) ;
#4150 = CARTESIAN_POINT ( 'NONE',  ( -4.700000000000000178, 2.879999999999999893, 3.399999999999998579 ) ) ;
#4151 = VECTOR ( 'NONE', #3080, 1000.000000000000000 ) ;
#4152 = CARTESIAN_POINT ( 'NONE',  ( 0.000000000000000000, 0.4300000000000000488, 3.750000000000000000 ) ) ;
#4153 = ADVANCED_FACE ( 'NONE', ( #2787 ), #7720, .F. ) ;
#4154 = EDGE_CURVE ( 'NONE', #5926, #6846, #6224, .T. ) ;
#4155 = VECTOR ( 'NONE', #560, 1000.000000000000114 ) ;
#4156 = CARTESIAN_POINT ( 'NONE',  ( -5.220583184549083988, 0.3300000000000001266, 0.1044096602287949982 ) ) ;
#4157 = CARTESIAN_POINT ( 'NONE',  ( -0.08999999999999980238, 0.4300000000000007150, 3.553360657221955154 ) ) ;
#4158 = DIRECTION ( 'NONE',  ( 0.000000000000000000, 0.000000000000000000, 1.000000000000000000 ) ) ;
#4159 = ADVANCED_FACE ( 'NONE', ( #2298 ), #4795, .T. ) ;
#4160 = DIRECTION ( 'NONE',  ( -0.000000000000000000, -0.7071067811865474617, 0.7071067811865474617 ) ) ;
#4161 = VERTEX_POINT ( 'NONE', #6663 ) ;
#4162 = ORIENTED_EDGE ( 'NONE', *, *, #7644, .T. ) ;
#4163 = VECTOR ( 'NONE', #889, 1000.000000000000000 ) ;
#4164 = ORIENTED_EDGE ( 'NONE', *, *, #6837, .F. ) ;
#4165 = CARTESIAN_POINT ( 'NONE',  ( -3.650000000000000355, 5.379999999999999893, 0.000000000000000000 ) ) ;
#4166 = AXIS2_PLACEMENT_3D ( 'NONE', #3847, #6429, #6311 ) ;
#4167 = LINE ( 'NONE', #1052, #5182 ) ;
#4168 = CARTESIAN_POINT ( 'NONE',  ( 3.250000000000000444, 5.379999999999999893, 3.199999999999998845 ) ) ;
#4169 = CARTESIAN_POINT ( 'NONE',  ( 0.000000000000000000, 0.4300000000000000488, 3.369999999999999662 ) ) ;
#4170 = ORIENTED_EDGE ( 'NONE', *, *, #4395, .F. ) ;
#4171 = DIRECTION ( 'NONE',  ( -1.000000000000000000, 0.000000000000000000, 0.000000000000000000 ) ) ;
#4172 = EDGE_LOOP ( 'NONE', ( #8067, #7319, #3990, #380 ) ) ;
#4173 = VECTOR ( 'NONE', #94, 1000.000000000000000 ) ;
#4174 = DIRECTION ( 'NONE',  ( -0.000000000000000000, 9.870556146261273466E-17, 1.000000000000000000 ) ) ;
#4175 = ORIENTED_EDGE ( 'NONE', *, *, #4257, .T. ) ;
#4176 = ADVANCED_FACE ( 'NONE', ( #6054 ), #7757, .F. ) ;
#4177 = CARTESIAN_POINT ( 'NONE',  ( -4.700000000000000178, 2.879999999999999893, -2.250000000000001332 ) ) ;
#4178 = AXIS2_PLACEMENT_3D ( 'NONE', #1464, #3352, #5843 ) ;
#4179 = CARTESIAN_POINT ( 'NONE',  ( -0.8900000000000001243, 2.879999999999999893, 3.399999999999998579 ) ) ;
#4180 = EDGE_CURVE ( 'NONE', #3072, #2185, #3573, .T. ) ;
#4181 = CARTESIAN_POINT ( 'NONE',  ( 2.450000000000000178, 5.379999999999999893, 2.600000000000000089 ) ) ;
#4182 = CARTESIAN_POINT ( 'NONE',  ( 3.299999999999999822, 0.4300000000000001044, -3.798121511156143715 ) ) ;
#4183 = EDGE_LOOP ( 'NONE', ( #2645, #2071, #5457, #3919 ) ) ;
#4184 = CARTESIAN_POINT ( 'NONE',  ( 3.910000000000000142, 0.4300000000000007150, 3.553360657221955154 ) ) ;
#4185 = ORIENTED_EDGE ( 'NONE', *, *, #6145, .T. ) ;
#4186 = DIRECTION ( 'NONE',  ( 1.144344205099612874E-16, 1.000000000000000000, 1.363776317591828850E-16 ) ) ;
#4187 = DIRECTION ( 'NONE',  ( -0.000000000000000000, -1.000000000000000000, -0.000000000000000000 ) ) ;
#4188 = VECTOR ( 'NONE', #5978, 1000.000000000000000 ) ;
#4189 = ORIENTED_EDGE ( 'NONE', *, *, #6131, .F. ) ;
#4190 = CARTESIAN_POINT ( 'NONE',  ( -5.500000000000000000, 0.1300000000000000600, -4.000000000000000888 ) ) ;
#4191 = ORIENTED_EDGE ( 'NONE', *, *, #6960, .T. ) ;
#4192 = EDGE_CURVE ( 'NONE', #4479, #2082, #5972, .T. ) ;
#4193 = LINE ( 'NONE', #4886, #6005 ) ;
#4194 = DIRECTION ( 'NONE',  ( 1.000000000000000000, 0.000000000000000000, 0.000000000000000000 ) ) ;
#4195 = CARTESIAN_POINT ( 'NONE',  ( -4.799999999999991829, -0.5677951698856054108, -0.6999999999999506617 ) ) ;
#4196 = VECTOR ( 'NONE', #3259, 1000.000000000000114 ) ;
#4197 = DIRECTION ( 'NONE',  ( 1.000000000000000000, 0.000000000000000000, 0.000000000000000000 ) ) ;
#4198 = LINE ( 'NONE', #2360, #1149 ) ;
#4199 = VECTOR ( 'NONE', #1321, 1000.000000000000114 ) ;
#4200 = DIRECTION ( 'NONE',  ( 0.000000000000000000, -1.000000000000000000, 0.000000000000000000 ) ) ;
#4201 = CARTESIAN_POINT ( 'NONE',  ( -4.799999999999999822, -3.649898987322333088, 0.7915531566348212866 ) ) ;
#4202 = EDGE_CURVE ( 'NONE', #4501, #3147, #2866, .T. ) ;
#4203 = ORIENTED_EDGE ( 'NONE', *, *, #3561, .T. ) ;
#4204 = ORIENTED_EDGE ( 'NONE', *, *, #6344, .T. ) ;
#4205 = EDGE_CURVE ( 'NONE', #6310, #3661, #4640, .T. ) ;
#4206 = DIRECTION ( 'NONE',  ( -1.000000000000000000, 0.000000000000000000, 0.000000000000000000 ) ) ;
#4207 = EDGE_CURVE ( 'NONE', #5353, #2988, #3488, .T. ) ;
#4208 = LINE ( 'NONE', #4903, #2949 ) ;
#4209 = EDGE_CURVE ( 'NONE', #4999, #155, #2682, .T. ) ;
#4210 = EDGE_CURVE ( 'NONE', #6608, #5120, #1489, .T. ) ;
#4211 = FILL_AREA_STYLE_COLOUR ( '', #591 ) ;
#4212 = DIRECTION ( 'NONE',  ( 1.000000000000000000, 0.000000000000000000, 0.000000000000000000 ) ) ;
#4213 = VERTEX_POINT ( 'NONE', #1986 ) ;
#4214 = CARTESIAN_POINT ( 'NONE',  ( 4.700000000000000178, 3.979999999999998206, 3.399999999999998579 ) ) ;
#4215 = ORIENTED_EDGE ( 'NONE', *, *, #4901, .T. ) ;
#4216 = ORIENTED_EDGE ( 'NONE', *, *, #516, .T. ) ;
#4217 = FACE_OUTER_BOUND ( 'NONE', #4172, .T. ) ;
#4218 = PLANE ( 'NONE',  #5184 ) ;
#4219 = CARTESIAN_POINT ( 'NONE',  ( 3.550000000000000266, 5.379999999999999893, 3.199999999999998845 ) ) ;
#4220 = CARTESIAN_POINT ( 'NONE',  ( 2.449999999999999734, 3.979999999999999094, 3.199999999999998845 ) ) ;
#4221 = ORIENTED_EDGE ( 'NONE', *, *, #1557, .T. ) ;
#4222 = PLANE ( 'NONE',  #6374 ) ;
#4223 = VERTEX_POINT ( 'NONE', #6345 ) ;
#4224 = DIRECTION ( 'NONE',  ( 0.000000000000000000, -0.000000000000000000, -1.000000000000000000 ) ) ;
#4225 = ADVANCED_FACE ( 'NONE', ( #407 ), #7291, .F. ) ;
#4226 = ORIENTED_EDGE ( 'NONE', *, *, #679, .T. ) ;
#4227 = ORIENTED_EDGE ( 'NONE', *, *, #2039, .F. ) ;
#4228 = LINE ( 'NONE', #3619, #7042 ) ;
#4229 = EDGE_LOOP ( 'NONE', ( #3244, #7141, #2419, #5505 ) ) ;
#4230 = CARTESIAN_POINT ( 'NONE',  ( 0.8750000000000007772, 5.380000000000000782, 3.750000000000000000 ) ) ;
#4231 = DIRECTION ( 'NONE',  ( 0.6427876096865392519, 0.000000000000000000, 0.7660444431189780135 ) ) ;
#4232 = CARTESIAN_POINT ( 'NONE',  ( -5.220583184549083988, -0.5199999999999974643, 0.1044096602287949982 ) ) ;
#4233 = EDGE_CURVE ( 'NONE', #5065, #5237, #1358, .T. ) ;
#4234 = ORIENTED_EDGE ( 'NONE', *, *, #5793, .F. ) ;
#4235 = ORIENTED_EDGE ( 'NONE', *, *, #4209, .T. ) ;
#4236 = DIRECTION ( 'NONE',  ( -1.000000000000000000, 0.000000000000000000, 0.000000000000000000 ) ) ;
#4237 = DIRECTION ( 'NONE',  ( -0.6427876096865392519, 0.000000000000000000, 0.7660444431189780135 ) ) ;
#4238 = DIRECTION ( 'NONE',  ( 0.000000000000000000, -1.000000000000000000, 0.000000000000000000 ) ) ;
#4239 = ORIENTED_EDGE ( 'NONE', *, *, #3484, .F. ) ;
#4240 = VERTEX_POINT ( 'NONE', #1945 ) ;
#4241 = LINE ( 'NONE', #372, #3209 ) ;
#4242 = CARTESIAN_POINT ( 'NONE',  ( -4.500000000000000000, 0.4300000000000000488, 2.049999999999999822 ) ) ;
#4243 = FILL_AREA_STYLE ('',( #4211 ) ) ;
#4244 = CARTESIAN_POINT ( 'NONE',  ( 4.500000000000000000, 0.4300000000000000488, -2.150000000000000799 ) ) ;
#4245 = ORIENTED_EDGE ( 'NONE', *, *, #3613, .T. ) ;
#4246 = LINE ( 'NONE', #4214, #1037 ) ;
#4247 = ORIENTED_EDGE ( 'NONE', *, *, #2054, .F. ) ;
#4248 = LINE ( 'NONE', #7899, #868 ) ;
#4249 = CARTESIAN_POINT ( 'NONE',  ( -4.315510298651449972, 0.3300000000000001266, 2.168404344971008868E-16 ) ) ;
#4250 = ORIENTED_EDGE ( 'NONE', *, *, #22, .F. ) ;
#4251 = EDGE_CURVE ( 'NONE', #2922, #6209, #5841, .T. ) ;
#4252 = VECTOR ( 'NONE', #5050, 1000.000000000000000 ) ;
#4253 = PLANE ( 'NONE',  #480 ) ;
#4254 = DIRECTION ( 'NONE',  ( -1.000000000000000000, -0.000000000000000000, -0.000000000000000000 ) ) ;
#4255 = LINE ( 'NONE', #7501, #2566 ) ;
#4256 = CARTESIAN_POINT ( 'NONE',  ( -4.700000000000000178, 3.979999999999999094, 3.199999999999998845 ) ) ;
#4257 = EDGE_CURVE ( 'NONE', #4746, #7417, #2320, .T. ) ;
#4258 = ORIENTED_EDGE ( 'NONE', *, *, #2813, .F. ) ;
#4259 = VECTOR ( 'NONE', #2780, 1000.000000000000000 ) ;
#4260 = CARTESIAN_POINT ( 'NONE',  ( 1.950000000000000178, 5.379999999999999893, 3.199999999999998845 ) ) ;
#4261 = AXIS2_PLACEMENT_3D ( 'NONE', #5981, #1653, #4890 ) ;
#4262 = ORIENTED_EDGE ( 'NONE', *, *, #3174, .F. ) ;
#4263 = DIRECTION ( 'NONE',  ( -0.000000000000000000, 1.000000000000000000, -0.000000000000000000 ) ) ;
#4264 = ORIENTED_EDGE ( 'NONE', *, *, #7203, .F. ) ;
#4265 = EDGE_LOOP ( 'NONE', ( #8007, #4658, #6411, #4057, #2693, #7382 ) ) ;
#4266 = VECTOR ( 'NONE', #4026, 1000.000000000000114 ) ;
#4267 = VECTOR ( 'NONE', #2815, 1000.000000000000000 ) ;
#4268 = FACE_OUTER_BOUND ( 'NONE', #1368, .T. ) ;
#4269 =( NAMED_UNIT ( * ) SI_UNIT ( $, .STERADIAN. ) SOLID_ANGLE_UNIT ( ) );
#4270 = ORIENTED_EDGE ( 'NONE', *, *, #4059, .F. ) ;
#4271 = ADVANCED_FACE ( 'NONE', ( #3093 ), #1285, .T. ) ;
#4272 = CARTESIAN_POINT ( 'NONE',  ( -1.110000000000000320, 1.379999999999999671, 1.369999999999999662 ) ) ;
#4273 = FACE_OUTER_BOUND ( 'NONE', #6892, .T. ) ;
#4274 = CARTESIAN_POINT ( 'NONE',  ( 3.900000000000000355, 0.1500000000000001332, 4.501878488843855664 ) ) ;
#4275 = VECTOR ( 'NONE', #3974, 1000.000000000000000 ) ;
#4276 = VECTOR ( 'NONE', #4943, 1000.000000000000114 ) ;
#4277 = ORIENTED_EDGE ( 'NONE', *, *, #3957, .T. ) ;
#4278 = VERTEX_POINT ( 'NONE', #1984 ) ;
#4279 = CARTESIAN_POINT ( 'NONE',  ( 3.550000000000000266, 5.379999999999999893, 3.199999999999998845 ) ) ;
#4280 = DIRECTION ( 'NONE',  ( 0.000000000000000000, 0.000000000000000000, -1.000000000000000000 ) ) ;
#4281 = CIRCLE ( 'NONE', #4024, 0.1000000000000002554 ) ;
#4282 = EDGE_CURVE ( 'NONE', #2964, #5193, #3171, .T. ) ;
#4283 = CARTESIAN_POINT ( 'NONE',  ( 3.700000000000000178, 2.879999999999999893, 3.257821306406132766 ) ) ;
#4284 = LINE ( 'NONE', #1084, #861 ) ;
#4285 = DIRECTION ( 'NONE',  ( -0.000000000000000000, 1.000000000000000000, -0.000000000000000000 ) ) ;
#4286 = ORIENTED_EDGE ( 'NONE', *, *, #90, .T. ) ;
#4287 = VECTOR ( 'NONE', #3500, 1000.000000000000000 ) ;
#4288 = ORIENTED_EDGE ( 'NONE', *, *, #5658, .T. ) ;
#4289 = CARTESIAN_POINT ( 'NONE',  ( 3.700000000000000178, 2.879999999999999893, 1.405037386032898405 ) ) ;
#4290 = DIRECTION ( 'NONE',  ( 1.000000000000000000, 0.000000000000000000, 0.000000000000000000 ) ) ;
#4291 = VECTOR ( 'NONE', #584, 1000.000000000000000 ) ;
#4292 = CARTESIAN_POINT ( 'NONE',  ( 0.6714285714285780360, 6.908571428571430140, 1.074103201264652308 ) ) ;
#4293 = CARTESIAN_POINT ( 'NONE',  ( 0.7100000000000000755, 2.879999999999999893, 3.369999999999999662 ) ) ;
#4294 = ORIENTED_EDGE ( 'NONE', *, *, #1492, .F. ) ;
#4295 = FACE_OUTER_BOUND ( 'NONE', #347, .T. ) ;
#4296 = ORIENTED_EDGE ( 'NONE', *, *, #6143, .F. ) ;
#4297 = FACE_OUTER_BOUND ( 'NONE', #1833, .T. ) ;
#4298 = ORIENTED_EDGE ( 'NONE', *, *, #4413, .T. ) ;
#4299 = VECTOR ( 'NONE', #2280, 1000.000000000000000 ) ;
#4300 = CARTESIAN_POINT ( 'NONE',  ( 5.500000000000000000, 2.200000000000000178, 3.749999999999999556 ) ) ;
#4301 = DIRECTION ( 'NONE',  ( -1.000000000000000000, 0.000000000000000000, 0.000000000000000000 ) ) ;
#4302 = CARTESIAN_POINT ( 'NONE',  ( -4.835621052408700216, -0.5374134071012675040, -0.6999999999999544364 ) ) ;
#4303 = DIRECTION ( 'NONE',  ( 0.000000000000000000, -1.000000000000000000, 0.000000000000000000 ) ) ;
#4304 = DIRECTION ( 'NONE',  ( -0.000000000000000000, 0.000000000000000000, -1.000000000000000000 ) ) ;
#4305 = ADVANCED_FACE ( 'NONE', ( #5673 ), #8015, .T. ) ;
#4306 = VERTEX_POINT ( 'NONE', #1869 ) ;
#4307 = VECTOR ( 'NONE', #3178, 1000.000000000000000 ) ;
#4308 = EDGE_CURVE ( 'NONE', #2020, #3721, #7419, .T. ) ;
#4309 = LINE ( 'NONE', #1189, #7811 ) ;
#4310 = ORIENTED_EDGE ( 'NONE', *, *, #4692, .F. ) ;
#4311 = DIRECTION ( 'NONE',  ( 0.000000000000000000, 0.000000000000000000, -1.000000000000000000 ) ) ;
#4312 = ORIENTED_EDGE ( 'NONE', *, *, #6940, .F. ) ;
#4313 = VERTEX_POINT ( 'NONE', #5715 ) ;
#4314 = VECTOR ( 'NONE', #1424, 1000.000000000000000 ) ;
#4315 = ADVANCED_FACE ( 'NONE', ( #6343 ), #3136, .F. ) ;
#4316 = CARTESIAN_POINT ( 'NONE',  ( 3.700000000000000178, 2.779999999999999805, 3.431026387163020441 ) ) ;
#4317 = CARTESIAN_POINT ( 'NONE',  ( -4.866695682379617693, -0.5199999999999950218, 0.6825865928986830644 ) ) ;
#4318 = ORIENTED_EDGE ( 'NONE', *, *, #2410, .T. ) ;
#4319 = PRODUCT_RELATED_PRODUCT_CATEGORY ( 'part', '', ( #5012 ) ) ;
#4320 = DIRECTION ( 'NONE',  ( 1.000000000000000000, 0.000000000000000000, -0.000000000000000000 ) ) ;
#4321 = LINE ( 'NONE', #6795, #6851 ) ;
#4322 = EDGE_CURVE ( 'NONE', #6367, #540, #7073, .T. ) ;
#4323 = AXIS2_PLACEMENT_3D ( 'NONE', #2514, #5056, #66 ) ;
#4324 = APPLICATION_PROTOCOL_DEFINITION ( 'draft international standard', 'automotive_design', 1998, #6038 ) ;
#4325 = EDGE_LOOP ( 'NONE', ( #7745, #7857, #3284, #7861, #6625, #2368, #6173 ) ) ;
#4326 = CARTESIAN_POINT ( 'NONE',  ( -5.500000000000000000, 0.1300000000000000600, -4.000000000000000888 ) ) ;
#4327 = VECTOR ( 'NONE', #2229, 1000.000000000000114 ) ;
#4328 = FACE_OUTER_BOUND ( 'NONE', #5007, .T. ) ;
#4329 = CARTESIAN_POINT ( 'NONE',  ( -5.500000000000000000, 4.979999999999999538, 3.600000000000000089 ) ) ;
#4330 = DIRECTION ( 'NONE',  ( 0.000000000000000000, -1.000000000000000000, -1.363776317591828850E-16 ) ) ;
#4331 = ORIENTED_EDGE ( 'NONE', *, *, #2269, .F. ) ;
#4332 = VERTEX_POINT ( 'NONE', #2481 ) ;
#4333 = CARTESIAN_POINT ( 'NONE',  ( 3.299999999999999822, 0.3939045651229473033, -3.898121511156143359 ) ) ;
#4334 = AXIS2_PLACEMENT_3D ( 'NONE', #1452, #828, #194 ) ;
#4335 = VERTEX_POINT ( 'NONE', #7456 ) ;
#4336 = EDGE_CURVE ( 'NONE', #1023, #2575, #4281, .T. ) ;
#4337 = EDGE_CURVE ( 'NONE', #5674, #294, #4491, .T. ) ;
#4338 = DIRECTION ( 'NONE',  ( -1.000000000000000000, 0.000000000000000000, 0.000000000000000000 ) ) ;
#4339 = ORIENTED_EDGE ( 'NONE', *, *, #4233, .T. ) ;
#4340 = DIRECTION ( 'NONE',  ( -0.000000000000000000, 1.000000000000000000, -0.000000000000000000 ) ) ;
#4341 = ORIENTED_EDGE ( 'NONE', *, *, #6043, .F. ) ;
#4342 = DIRECTION ( 'NONE',  ( -1.000000000000000000, 0.000000000000000000, 0.000000000000000000 ) ) ;
#4343 = ORIENTED_EDGE ( 'NONE', *, *, #316, .F. ) ;
#4344 = LINE ( 'NONE', #6723, #999 ) ;
#4345 = ORIENTED_EDGE ( 'NONE', *, *, #5196, .T. ) ;
#4346 = ADVANCED_FACE ( 'NONE', ( #2555 ), #7487, .F. ) ;
#4347 = CARTESIAN_POINT ( 'NONE',  ( -0.08999999999999980238, 3.548505796534330958, 3.369999999999999662 ) ) ;
#4348 = CARTESIAN_POINT ( 'NONE',  ( 5.500000000000000000, 3.880000000000002558, 3.100000000000000089 ) ) ;
#4349 = PLANE ( 'NONE',  #2824 ) ;
#4350 = DIRECTION ( 'NONE',  ( 1.000000000000000000, 0.000000000000000000, -0.000000000000000000 ) ) ;
#4351 = VERTEX_POINT ( 'NONE', #620 ) ;
#4352 = PLANE ( 'NONE',  #1560 ) ;
#4353 = VERTEX_POINT ( 'NONE', #5638 ) ;
#4354 = ORIENTED_EDGE ( 'NONE', *, *, #7949, .T. ) ;
#4355 = CARTESIAN_POINT ( 'NONE',  ( 0.7100000000000002975, 2.614371549809415995, 3.553360657221955154 ) ) ;
#4356 = DIRECTION ( 'NONE',  ( -0.000000000000000000, -0.000000000000000000, 1.000000000000000000 ) ) ;
#4357 = ORIENTED_EDGE ( 'NONE', *, *, #6955, .F. ) ;
#4358 = CARTESIAN_POINT ( 'NONE',  ( -3.290000000000000480, 3.548505796534330958, 3.553360657221955154 ) ) ;
#4359 = EDGE_CURVE ( 'NONE', #6384, #6616, #6881, .T. ) ;
#4360 = EDGE_CURVE ( 'NONE', #6502, #1203, #6305, .T. ) ;
#4361 = ORIENTED_EDGE ( 'NONE', *, *, #2461, .F. ) ;
#4362 = EDGE_CURVE ( 'NONE', #7475, #2140, #5026, .T. ) ;
#4363 = DIRECTION ( 'NONE',  ( -0.000000000000000000, 0.000000000000000000, -1.000000000000000000 ) ) ;
#4364 = LINE ( 'NONE', #2476, #1314 ) ;
#4365 = DIRECTION ( 'NONE',  ( 1.000000000000000000, -0.000000000000000000, -0.000000000000000000 ) ) ;
#4366 = LINE ( 'NONE', #187, #1242 ) ;
#4367 = ORIENTED_EDGE ( 'NONE', *, *, #5424, .T. ) ;
#4368 = EDGE_CURVE ( 'NONE', #5453, #715, #661, .T. ) ;
#4369 = ORIENTED_EDGE ( 'NONE', *, *, #1204, .F. ) ;
#4370 = EDGE_CURVE ( 'NONE', #3885, #5642, #4449, .T. ) ;
#4371 = DIRECTION ( 'NONE',  ( 0.000000000000000000, 0.000000000000000000, -1.000000000000000000 ) ) ;
#4372 = ORIENTED_EDGE ( 'NONE', *, *, #4703, .F. ) ;
#4373 = LINE ( 'NONE', #1778, #335 ) ;
#4374 = DIRECTION ( 'NONE',  ( -0.000000000000000000, -0.000000000000000000, 1.000000000000000000 ) ) ;
#4375 = CARTESIAN_POINT ( 'NONE',  ( -3.631055338789815679, -0.7699999999999997957, 2.222477292806679827 ) ) ;
#4376 = ORIENTED_EDGE ( 'NONE', *, *, #817, .F. ) ;
#4377 = ADVANCED_FACE ( 'NONE', ( #825 ), #5870, .F. ) ;
#4378 = CARTESIAN_POINT ( 'NONE',  ( 2.310000000000000497, 3.548505796534330958, 3.553360657221955154 ) ) ;
#4379 = ORIENTED_EDGE ( 'NONE', *, *, #5208, .F. ) ;
#4380 = EDGE_LOOP ( 'NONE', ( #5406, #6221, #7927, #651 ) ) ;
#4381 = DIRECTION ( 'NONE',  ( -0.6427876096865392519, 0.000000000000000000, 0.7660444431189780135 ) ) ;
#4382 = DIRECTION ( 'NONE',  ( 0.000000000000000000, 0.000000000000000000, 1.000000000000000000 ) ) ;
#4383 = CARTESIAN_POINT ( 'NONE',  ( -4.885291592274542793, -0.5199999999999964650, -0.6522048301143499316 ) ) ;
#4384 = EDGE_CURVE ( 'NONE', #4472, #3850, #785, .T. ) ;
#4385 = DIRECTION ( 'NONE',  ( 0.000000000000000000, -0.000000000000000000, -1.000000000000000000 ) ) ;
#4386 = ORIENTED_EDGE ( 'NONE', *, *, #4473, .F. ) ;
#4387 = CARTESIAN_POINT ( 'NONE',  ( -2.349999999999999645, 5.379999999999999893, 3.199999999999998845 ) ) ;
#4388 = CARTESIAN_POINT ( 'NONE',  ( -5.500000000000000000, 5.380000000000001670, 3.600000000000000089 ) ) ;
#4389 = VECTOR ( 'NONE', #6630, 1000.000000000000000 ) ;
#4390 = EDGE_LOOP ( 'NONE', ( #5768, #7397, #431, #4991 ) ) ;
#4391 = ORIENTED_EDGE ( 'NONE', *, *, #5632, .T. ) ;
#4392 = CARTESIAN_POINT ( 'NONE',  ( 2.450000000000000178, 5.379999999999999893, 3.199999999999998845 ) ) ;
#4393 = VECTOR ( 'NONE', #3250, 1000.000000000000000 ) ;
#4394 = VECTOR ( 'NONE', #2068, 1000.000000000000000 ) ;
#4395 = EDGE_CURVE ( 'NONE', #1852, #4939, #3329, .T. ) ;
#4396 = ORIENTED_EDGE ( 'NONE', *, *, #405, .F. ) ;
#4397 = DIRECTION ( 'NONE',  ( 0.8660254037844385966, -2.736911063134408949E-48, 0.5000000000000001110 ) ) ;
#4398 = CARTESIAN_POINT ( 'NONE',  ( 4.500000000000000000, 2.200000000000000178, 3.750000000000000000 ) ) ;
#4399 = AXIS2_PLACEMENT_3D ( 'NONE', #3203, #7035, #729 ) ;
#4400 = AXIS2_PLACEMENT_3D ( 'NONE', #3184, #4468, #2687 ) ;
#4401 = PLANE ( 'NONE',  #7817 ) ;
#4402 = DIRECTION ( 'NONE',  ( -0.000000000000000000, 1.000000000000000000, -0.000000000000000000 ) ) ;
#4403 = DIRECTION ( 'NONE',  ( 0.000000000000000000, 0.000000000000000000, -1.000000000000000000 ) ) ;
#4404 = VECTOR ( 'NONE', #1645, 1000.000000000000000 ) ;
#4405 = VECTOR ( 'NONE', #2197, 1000.000000000000000 ) ;
#4406 = ORIENTED_EDGE ( 'NONE', *, *, #1793, .T. ) ;
#4407 = EDGE_CURVE ( 'NONE', #2788, #3274, #6425, .T. ) ;
#4408 = ORIENTED_EDGE ( 'NONE', *, *, #39, .T. ) ;
#4409 = ADVANCED_FACE ( 'NONE', ( #3423 ), #2718, .F. ) ;
#4410 = DIRECTION ( 'NONE',  ( 0.000000000000000000, 0.000000000000000000, -1.000000000000000000 ) ) ;
#4411 = PRODUCT_DEFINITION ( 'UNKNOWN', '', #363, #3263 ) ;
#4412 = ORIENTED_EDGE ( 'NONE', *, *, #6143, .T. ) ;
#4413 = EDGE_CURVE ( 'NONE', #5934, #1028, #7690, .T. ) ;
#4414 = EDGE_CURVE ( 'NONE', #4213, #6414, #238, .T. ) ;
#4415 = CARTESIAN_POINT ( 'NONE',  ( -1.250000000000000222, 1.835969349108944604, 2.600000000000000089 ) ) ;
#4416 = ORIENTED_EDGE ( 'NONE', *, *, #6043, .T. ) ;
#4417 = LINE ( 'NONE', #1216, #6631 ) ;
#4418 = VERTEX_POINT ( 'NONE', #4036 ) ;
#4419 = ORIENTED_EDGE ( 'NONE', *, *, #4925, .F. ) ;
#4420 = VERTEX_POINT ( 'NONE', #810 ) ;
#4421 = LINE ( 'NONE', #3694, #3905 ) ;
#4422 = VECTOR ( 'NONE', #257, 1000.000000000000000 ) ;
#4423 = DIRECTION ( 'NONE',  ( 0.000000000000000000, -1.000000000000000000, 0.000000000000000000 ) ) ;
#4424 = CARTESIAN_POINT ( 'NONE',  ( 1.650000000000000133, 1.835969349108944604, 2.600000000000000089 ) ) ;
#4425 = VERTEX_POINT ( 'NONE', #3315 ) ;
#4426 = CARTESIAN_POINT ( 'NONE',  ( -4.700000000000000178, 3.979999999999999094, 2.600000000000000089 ) ) ;
#4427 = ORIENTED_EDGE ( 'NONE', *, *, #6142, .F. ) ;
#4428 = VECTOR ( 'NONE', #1088, 1000.000000000000000 ) ;
#4429 = PLANE ( 'NONE',  #6731 ) ;
#4430 = CONTEXT_DEPENDENT_SHAPE_REPRESENTATION ( #5640, #1477 ) ;
#4431 = ADVANCED_FACE ( 'NONE', ( #1471 ), #6445, .F. ) ;
#4432 = EDGE_CURVE ( 'NONE', #1155, #3266, #422, .T. ) ;
#4433 = DIRECTION ( 'NONE',  ( -0.6427876096865392519, 0.000000000000000000, -0.7660444431189780135 ) ) ;
#4434 = VECTOR ( 'NONE', #3997, 1000.000000000000114 ) ;
#4435 = ORIENTED_EDGE ( 'NONE', *, *, #826, .T. ) ;
#4436 = LINE ( 'NONE', #6912, #7806 ) ;
#4437 = FACE_OUTER_BOUND ( 'NONE', #1827, .T. ) ;
#4438 = FACE_OUTER_BOUND ( 'NONE', #2167, .T. ) ;
#4439 = VECTOR ( 'NONE', #4480, 1000.000000000000000 ) ;
#4440 = ORIENTED_EDGE ( 'NONE', *, *, #6758, .T. ) ;
#4441 = CARTESIAN_POINT ( 'NONE',  ( -4.700000000000000178, 2.879999999999999893, 3.399999999999998579 ) ) ;
#4442 = CARTESIAN_POINT ( 'NONE',  ( -4.379416815450912104, -0.5199999999999979083, -0.1044096602287947623 ) ) ;
#4443 = LINE ( 'NONE', #498, #2559 ) ;
#4444 = CARTESIAN_POINT ( 'NONE',  ( 3.900000000000000355, 2.779999999999999805, 3.431026387163020441 ) ) ;
#4445 = AXIS2_PLACEMENT_3D ( 'NONE', #7842, #1732, #2914 ) ;
#4446 = FACE_OUTER_BOUND ( 'NONE', #6342, .T. ) ;
#4447 = VECTOR ( 'NONE', #4895, 1000.000000000000000 ) ;
#4448 = EDGE_LOOP ( 'NONE', ( #315, #2088, #3356, #872 ) ) ;
#4449 = LINE ( 'NONE', #3256, #881 ) ;
#4450 = EDGE_LOOP ( 'NONE', ( #3743, #5481, #1267, #83 ) ) ;
#4451 = ADVANCED_FACE ( 'NONE', ( #8036 ), #2459, .T. ) ;
#4452 = CARTESIAN_POINT ( 'NONE',  ( -3.149999999999999911, 3.979999999999998206, 2.600000000000000089 ) ) ;
#4453 = VECTOR ( 'NONE', #865, 1000.000000000000000 ) ;
#4454 = EDGE_CURVE ( 'NONE', #2545, #4868, #2901, .T. ) ;
#4455 = ORIENTED_EDGE ( 'NONE', *, *, #7081, .F. ) ;
#4456 = DIRECTION ( 'NONE',  ( -1.000000000000000000, 0.000000000000000000, 0.000000000000000000 ) ) ;
#4457 = VERTEX_POINT ( 'NONE', #7310 ) ;
#4458 = AXIS2_PLACEMENT_3D ( 'NONE', #7646, #4076, #956 ) ;
#4459 = VERTEX_POINT ( 'NONE', #2291 ) ;
#4460 = EDGE_CURVE ( 'NONE', #6066, #7224, #7223, .T. ) ;
#4461 = EDGE_CURVE ( 'NONE', #3266, #608, #4790, .T. ) ;
#4462 = ORIENTED_EDGE ( 'NONE', *, *, #7435, .F. ) ;
#4463 = DIRECTION ( 'NONE',  ( -1.000000000000000000, -0.000000000000000000, -0.000000000000000000 ) ) ;
#4464 = DIRECTION ( 'NONE',  ( -0.000000000000000000, 1.000000000000000000, -0.000000000000000000 ) ) ;
#4465 = EDGE_CURVE ( 'NONE', #3814, #5704, #2456, .T. ) ;
#4466 = PRESENTATION_LAYER_ASSIGNMENT (  '', '', ( #7934 ) ) ;
#4467 = EDGE_CURVE ( 'NONE', #1958, #7224, #1678, .T. ) ;
#4468 = DIRECTION ( 'NONE',  ( 0.000000000000000000, 1.000000000000000000, 0.000000000000000000 ) ) ;
#4469 = LINE ( 'NONE', #3894, #4789 ) ;
#4470 = VERTEX_POINT ( 'NONE', #3066 ) ;
#4471 = LINE ( 'NONE', #2534, #4173 ) ;
#4472 = VERTEX_POINT ( 'NONE', #1636 ) ;
#4473 = EDGE_CURVE ( 'NONE', #4748, #1426, #6046, .T. ) ;
#4474 = CARTESIAN_POINT ( 'NONE',  ( 4.500000000000000000, 0.3300000000000001266, 2.250000000000000000 ) ) ;
#4475 = ORIENTED_EDGE ( 'NONE', *, *, #7576, .T. ) ;
#4476 = CONTEXT_DEPENDENT_SHAPE_REPRESENTATION ( #274, #886 ) ;
#4477 = DIRECTION ( 'NONE',  ( -1.000000000000000000, 0.000000000000000000, 0.000000000000000000 ) ) ;
#4478 = DIRECTION ( 'NONE',  ( 0.000000000000000000, -1.000000000000000000, 0.000000000000000000 ) ) ;
#4479 = VERTEX_POINT ( 'NONE', #6125 ) ;
#4480 = DIRECTION ( 'NONE',  ( -1.000000000000000000, -0.000000000000000000, -0.000000000000000000 ) ) ;
#4481 = DIRECTION ( 'NONE',  ( 1.000000000000000000, -0.000000000000000000, -0.000000000000000000 ) ) ;
#4482 = EDGE_CURVE ( 'NONE', #5877, #2578, #6657, .T. ) ;
#4483 = ORIENTED_EDGE ( 'NONE', *, *, #2153, .T. ) ;
#4484 = LINE ( 'NONE', #2061, #5052 ) ;
#4485 = PLANE ( 'NONE',  #6788 ) ;
#4486 = CARTESIAN_POINT ( 'NONE',  ( -1.909999999999999698, 3.548505796534330958, 3.369999999999999662 ) ) ;
#4487 = PLANE ( 'NONE',  #7640 ) ;
#4488 = EDGE_CURVE ( 'NONE', #1046, #6554, #6084, .T. ) ;
#4489 = EDGE_LOOP ( 'NONE', ( #695, #7375, #6017, #1122 ) ) ;
#4490 = VERTEX_POINT ( 'NONE', #2336 ) ;
#4491 = LINE ( 'NONE', #2444, #466 ) ;
#4492 = LINE ( 'NONE', #5070, #6597 ) ;
#4493 = ORIENTED_EDGE ( 'NONE', *, *, #2829, .F. ) ;
#4494 = DIRECTION ( 'NONE',  ( -1.000000000000000000, 0.000000000000000000, 0.000000000000000000 ) ) ;
#4495 = EDGE_CURVE ( 'NONE', #612, #1867, #1758, .T. ) ;
#4496 = ORIENTED_EDGE ( 'NONE', *, *, #4617, .F. ) ;
#4497 = ORIENTED_EDGE ( 'NONE', *, *, #1959, .T. ) ;
#4498 = ORIENTED_EDGE ( 'NONE', *, *, #4504, .F. ) ;
#4499 = DIRECTION ( 'NONE',  ( 1.000000000000000000, 0.000000000000000000, 0.000000000000000000 ) ) ;
#4500 = LINE ( 'NONE', #6399, #3883 ) ;
#4501 = VERTEX_POINT ( 'NONE', #4219 ) ;
#4502 = FACE_OUTER_BOUND ( 'NONE', #7271, .T. ) ;
#4503 = ORIENTED_EDGE ( 'NONE', *, *, #3779, .T. ) ;
#4504 = EDGE_CURVE ( 'NONE', #5877, #2670, #1097, .T. ) ;
#4505 = LINE ( 'NONE', #7061, #1795 ) ;
#4506 = ORIENTED_EDGE ( 'NONE', *, *, #6986, .F. ) ;
#4507 = CARTESIAN_POINT ( 'NONE',  ( 4.799999999999999822, -0.5700000000000019496, 0.6999999999999997335 ) ) ;
#4508 =( BOUNDED_CURVE ( )  B_SPLINE_CURVE ( 3, ( #5258, #6620, #1026, #3411 ),
 .UNSPECIFIED., .F., .T. ) 
 B_SPLINE_CURVE_WITH_KNOTS ( ( 4, 4 ),
 ( -1.243449787580175325E-14, 1.021545608610880507 ),
 .UNSPECIFIED. ) 
 CURVE ( )  GEOMETRIC_REPRESENTATION_ITEM ( )  RATIONAL_B_SPLINE_CURVE ( ( 1.000000000000000000, 0.9149113210613553093, 0.9149113210613553093, 1.000000000000000000 ) ) 
 REPRESENTATION_ITEM ( '' )  );
#4509 = EDGE_CURVE ( 'NONE', #6384, #645, #469, .T. ) ;
#4510 = DIRECTION ( 'NONE',  ( -0.5220483011439734922, 0.000000000000000000, -0.8529159227454317094 ) ) ;
#4511 = EDGE_CURVE ( 'NONE', #3887, #2545, #7352, .T. ) ;
#4512 = ORIENTED_EDGE ( 'NONE', *, *, #7212, .F. ) ;
#4513 = CARTESIAN_POINT ( 'NONE',  ( 1.950000000000000400, 3.979999999999999094, 3.199999999999998845 ) ) ;
#4514 = AXIS2_PLACEMENT_3D ( 'NONE', #4851, #1736, #4231 ) ;
#4515 = CARTESIAN_POINT ( 'NONE',  ( 3.299999999999999822, 0.1356428144323411078, -4.398121511156142915 ) ) ;
#4516 = DIRECTION ( 'NONE',  ( 0.000000000000000000, -1.000000000000000000, -0.000000000000000000 ) ) ;
#4517 = ORIENTED_EDGE ( 'NONE', *, *, #4806, .F. ) ;
#4518 = FACE_OUTER_BOUND ( 'NONE', #5823, .T. ) ;
#4519 = AXIS2_PLACEMENT_3D ( 'NONE', #7906, #1484, #6459 ) ;
#4520 = MECHANICAL_DESIGN_GEOMETRIC_PRESENTATION_REPRESENTATION (  '', ( #7762 ), #980 ) ;
#4521 = CARTESIAN_POINT ( 'NONE',  ( 1.149999999999999911, 3.979999999999999094, 3.199999999999998845 ) ) ;
#4522 = FACE_OUTER_BOUND ( 'NONE', #2033, .T. ) ;
#4523 = CARTESIAN_POINT ( 'NONE',  ( -1.110000000000000320, 2.614371549809415551, 3.553360657221955154 ) ) ;
#4524 = ORIENTED_EDGE ( 'NONE', *, *, #1999, .T. ) ;
#4525 = EDGE_LOOP ( 'NONE', ( #4216, #1672, #987, #7 ) ) ;
#4526 = VECTOR ( 'NONE', #5097, 1000.000000000000000 ) ;
#4527 = DIRECTION ( 'NONE',  ( 0.000000000000000000, -1.000000000000000000, 2.954810409056583505E-16 ) ) ;
#4528 = VECTOR ( 'NONE', #7854, 1000.000000000000000 ) ;
#4529 = EDGE_CURVE ( 'NONE', #6278, #4999, #7988, .T. ) ;
#4530 = AXIS2_PLACEMENT_3D ( 'NONE', #7785, #2208, #4705 ) ;
#4531 = DIRECTION ( 'NONE',  ( 0.000000000000000000, -1.000000000000000000, 0.000000000000000000 ) ) ;
#4532 = LINE ( 'NONE', #6248, #4196 ) ;
#4533 = CARTESIAN_POINT ( 'NONE',  ( -1.250000000000000222, 1.835969349108944604, 2.600000000000000089 ) ) ;
#4534 = ORIENTED_EDGE ( 'NONE', *, *, #4106, .T. ) ;
#4535 = DIRECTION ( 'NONE',  ( -0.6427876096865392519, 0.000000000000000000, 0.7660444431189780135 ) ) ;
#4536 = ORIENTED_EDGE ( 'NONE', *, *, #702, .F. ) ;
#4537 = EDGE_LOOP ( 'NONE', ( #5490, #722, #7716, #2133, #3354, #3339 ) ) ;
#4538 = VECTOR ( 'NONE', #6768, 1000.000000000000114 ) ;
#4539 = ORIENTED_EDGE ( 'NONE', *, *, #2885, .F. ) ;
#4540 = AXIS2_PLACEMENT_3D ( 'NONE', #4815, #4944, #7416 ) ;
#4541 = ORIENTED_EDGE ( 'NONE', *, *, #7611, .T. ) ;
#4542 = DIRECTION ( 'NONE',  ( 0.000000000000000000, 1.000000000000000000, 0.000000000000000000 ) ) ;
#4543 = CARTESIAN_POINT ( 'NONE',  ( 0.7100000000000000755, 3.548505796534330958, 3.553360657221955154 ) ) ;
#4544 = CARTESIAN_POINT ( 'NONE',  ( 0.8500000000000000888, 3.979999999999999094, 3.199999999999998845 ) ) ;
#4545 = VECTOR ( 'NONE', #7966, 1000.000000000000000 ) ;
#4546 = DIRECTION ( 'NONE',  ( -0.000000000000000000, 1.000000000000000000, -0.000000000000000000 ) ) ;
#4547 = ORIENTED_EDGE ( 'NONE', *, *, #6508, .T. ) ;
#4548 = DIRECTION ( 'NONE',  ( -1.000000000000000000, -0.000000000000000000, -0.000000000000000000 ) ) ;
#4549 = ORIENTED_EDGE ( 'NONE', *, *, #74, .F. ) ;
#4550 = ORIENTED_EDGE ( 'NONE', *, *, #3824, .F. ) ;
#4551 = CARTESIAN_POINT ( 'NONE',  ( 3.299999999999999822, 0.4300000000000001044, -3.798121511156143715 ) ) ;
#4552 = EDGE_LOOP ( 'NONE', ( #7999, #4756, #2906, #5112, #2564, #1738, #803 ) ) ;
#4553 = VECTOR ( 'NONE', #3047, 1000.000000000000000 ) ;
#4554 = EDGE_CURVE ( 'NONE', #6185, #1030, #7394, .T. ) ;
#4555 = FACE_OUTER_BOUND ( 'NONE', #2443, .T. ) ;
#4556 = ADVANCED_FACE ( 'NONE', ( #6781 ), #1186, .T. ) ;
#4557 = EDGE_LOOP ( 'NONE', ( #3771, #4372, #6564, #6074 ) ) ;
#4558 = VECTOR ( 'NONE', #5684, 1000.000000000000000 ) ;
#4559 = DIRECTION ( 'NONE',  ( -0.000000000000000000, -0.000000000000000000, 1.000000000000000000 ) ) ;
#4560 = CARTESIAN_POINT ( 'NONE',  ( 3.299999999999999822, 0.2350000000000000977, -4.409441832532933425 ) ) ;
#4561 = LINE ( 'NONE', #6451, #1663 ) ;
#4562 = EDGE_CURVE ( 'NONE', #5157, #5282, #624, .T. ) ;
#4563 = ORIENTED_EDGE ( 'NONE', *, *, #1049, .T. ) ;
#4564 = FACE_OUTER_BOUND ( 'NONE', #6391, .T. ) ;
#4565 = AXIS2_PLACEMENT_3D ( 'NONE', #3963, #7050, #2029 ) ;
#4566 = DIRECTION ( 'NONE',  ( -1.000000000000000000, 0.000000000000000000, 0.000000000000000000 ) ) ;
#4567 = ADVANCED_FACE ( 'NONE', ( #664 ), #1214, .F. ) ;
#4568 = FILL_AREA_STYLE ('',( #230 ) ) ;
#4569 = LINE ( 'NONE', #7469, #2676 ) ;
#4570 = CARTESIAN_POINT ( 'NONE',  ( 3.110000000000000320, 3.548505796534330958, 3.369999999999999662 ) ) ;
#4571 = CARTESIAN_POINT ( 'NONE',  ( -1.689999999999999725, 2.879999999999999893, 3.399999999999998579 ) ) ;
#4572 = VERTEX_POINT ( 'NONE', #4993 ) ;
#4573 = ORIENTED_EDGE ( 'NONE', *, *, #1225, .T. ) ;
#4574 = VECTOR ( 'NONE', #472, 1000.000000000000000 ) ;
#4575 = CARTESIAN_POINT ( 'NONE',  ( 4.500000000000000000, 5.379999999999999893, -3.799999999999998934 ) ) ;
#4576 = VECTOR ( 'NONE', #6238, 1000.000000000000114 ) ;
#4577 = LINE ( 'NONE', #2765, #3412 ) ;
#4578 = CARTESIAN_POINT ( 'NONE',  ( -0.8900000000000001243, 2.879999999999999893, 3.399999999999998579 ) ) ;
#4579 = ORIENTED_EDGE ( 'NONE', *, *, #1718, .F. ) ;
#4580 = CARTESIAN_POINT ( 'NONE',  ( -4.379416815450912104, -0.7699999999999997957, -0.1044096602287947623 ) ) ;
#4581 = ORIENTED_EDGE ( 'NONE', *, *, #2062, .F. ) ;
#4582 = ORIENTED_EDGE ( 'NONE', *, *, #3629, .F. ) ;
#4583 = AXIS2_PLACEMENT_3D ( 'NONE', #3166, #5668, #29 ) ;
#4584 = EDGE_CURVE ( 'NONE', #7826, #389, #538, .T. ) ;
#4585 = ORIENTED_EDGE ( 'NONE', *, *, #1793, .F. ) ;
#4586 = DIRECTION ( 'NONE',  ( -0.000000000000000000, -1.000000000000000000, -0.000000000000000000 ) ) ;
#4587 = CARTESIAN_POINT ( 'NONE',  ( -4.500000000000000000, 0.4300000000000000488, 2.049999999999999822 ) ) ;
#4588 = VECTOR ( 'NONE', #467, 1000.000000000000000 ) ;
#4589 = CARTESIAN_POINT ( 'NONE',  ( 0.5028657817802542063, 0.9895865926050103623, 4.491430689639171803 ) ) ;
#4590 = CARTESIAN_POINT ( 'NONE',  ( -1.909999999999999698, 2.879999999999999893, 1.369999999999999662 ) ) ;
#4591 = ORIENTED_EDGE ( 'NONE', *, *, #5553, .F. ) ;
#4592 = FACE_OUTER_BOUND ( 'NONE', #7653, .T. ) ;
#4593 = EDGE_CURVE ( 'NONE', #4868, #660, #7459, .T. ) ;
#4594 = ORIENTED_EDGE ( 'NONE', *, *, #58, .T. ) ;
#4595 = DIRECTION ( 'NONE',  ( -0.000000000000000000, 1.000000000000000000, -0.000000000000000000 ) ) ;
#4596 = ORIENTED_EDGE ( 'NONE', *, *, #561, .T. ) ;
#4597 = AXIS2_PLACEMENT_3D ( 'NONE', #7521, #8060, #6338 ) ;
#4598 = CARTESIAN_POINT ( 'NONE',  ( -0.08999999999999980238, 2.879999999999999893, 1.369999999999999662 ) ) ;
#4599 = FACE_OUTER_BOUND ( 'NONE', #3328, .T. ) ;
#4600 = DIRECTION ( 'NONE',  ( -0.000000000000000000, 1.000000000000000000, -0.000000000000000000 ) ) ;
#4601 = ORIENTED_EDGE ( 'NONE', *, *, #2745, .T. ) ;
#4602 = CARTESIAN_POINT ( 'NONE',  ( 4.700000000000000178, 5.380000000000001670, 3.100000000000000089 ) ) ;
#4603 = DIRECTION ( 'NONE',  ( -0.000000000000000000, -0.8660254037844389297, 0.4999999999999993339 ) ) ;
#4604 = DIRECTION ( 'NONE',  ( 1.000000000000000000, 0.000000000000000000, 0.000000000000000000 ) ) ;
#4605 = FACE_OUTER_BOUND ( 'NONE', #406, .T. ) ;
#4606 = ORIENTED_EDGE ( 'NONE', *, *, #4362, .F. ) ;
#4607 = LINE ( 'NONE', #226, #7505 ) ;
#4608 = DIRECTION ( 'NONE',  ( -0.000000000000000000, 0.7071067811865489050, 0.7071067811865460184 ) ) ;
#4609 = EDGE_CURVE ( 'NONE', #4306, #2262, #3099, .T. ) ;
#4610 = CARTESIAN_POINT ( 'NONE',  ( -4.500000000000000000, 0.3300000000000001266, -2.250000000000000000 ) ) ;
#4611 = CARTESIAN_POINT ( 'NONE',  ( 2.089999999999999858, 2.879999999999999893, 1.369999999999999662 ) ) ;
#4612 = CARTESIAN_POINT ( 'NONE',  ( 3.900000000000000355, -2.778268066994105112E-16, 3.651878488843856463 ) ) ;
#4613 = CARTESIAN_POINT ( 'NONE',  ( 2.890000000000000124, 2.879999999999999893, 1.369999999999999662 ) ) ;
#4614 = ORIENTED_EDGE ( 'NONE', *, *, #328, .T. ) ;
#4615 = EDGE_CURVE ( 'NONE', #4470, #924, #4373, .T. ) ;
#4616 = FACE_OUTER_BOUND ( 'NONE', #6956, .T. ) ;
#4617 = EDGE_CURVE ( 'NONE', #4762, #1989, #3583, .T. ) ;
#4618 = EDGE_LOOP ( 'NONE', ( #4318, #2300, #3830, #5310 ) ) ;
#4619 = CARTESIAN_POINT ( 'NONE',  ( 2.750000000000000444, 5.379999999999999893, 2.600000000000000089 ) ) ;
#4620 = VERTEX_POINT ( 'NONE', #6023 ) ;
#4621 = ORIENTED_EDGE ( 'NONE', *, *, #5229, .T. ) ;
#4622 = ORIENTED_EDGE ( 'NONE', *, *, #4210, .T. ) ;
#4623 = PLANE ( 'NONE',  #1649 ) ;
#4624 = DIRECTION ( 'NONE',  ( 0.5220483011439607246, 0.000000000000000000, 0.8529159227454394809 ) ) ;
#4625 = DIRECTION ( 'NONE',  ( -1.000000000000000000, 0.000000000000000000, 0.000000000000000000 ) ) ;
#4626 = PLANE ( 'NONE',  #54 ) ;
#4627 = EDGE_CURVE ( 'NONE', #4898, #477, #6490, .T. ) ;
#4628 = PLANE ( 'NONE',  #3760 ) ;
#4629 = CARTESIAN_POINT ( 'NONE',  ( 0.4899999999999995470, 2.614371549809415551, 3.553360657221955154 ) ) ;
#4630 = ORIENTED_EDGE ( 'NONE', *, *, #6843, .T. ) ;
#4631 = DIRECTION ( 'NONE',  ( 0.000000000000000000, 0.000000000000000000, -1.000000000000000000 ) ) ;
#4632 = ORIENTED_EDGE ( 'NONE', *, *, #1201, .F. ) ;
#4633 = DIRECTION ( 'NONE',  ( 0.000000000000000000, 0.000000000000000000, 1.000000000000000000 ) ) ;
#4634 = EDGE_CURVE ( 'NONE', #5674, #7654, #3111, .T. ) ;
#4635 = DIRECTION ( 'NONE',  ( 0.000000000000000000, -1.000000000000000000, 0.000000000000000000 ) ) ;
#4636 = CARTESIAN_POINT ( 'NONE',  ( -3.125000000000000000, 5.380000000000001670, 3.750000000000000000 ) ) ;
#4637 = ORIENTED_EDGE ( 'NONE', *, *, #1818, .F. ) ;
#4638 = DIRECTION ( 'NONE',  ( -0.000000000000000000, -0.000000000000000000, 1.000000000000000000 ) ) ;
#4639 = FACE_OUTER_BOUND ( 'NONE', #5005, .T. ) ;
#4640 = LINE ( 'NONE', #3448, #605 ) ;
#4641 = VERTEX_POINT ( 'NONE', #4808 ) ;
#4642 = CARTESIAN_POINT ( 'NONE',  ( -2.850000000000000089, 3.979999999999998206, 2.600000000000000089 ) ) ;
#4643 = EDGE_CURVE ( 'NONE', #1396, #5571, #7202, .T. ) ;
#4644 = CARTESIAN_POINT ( 'NONE',  ( 3.700000000000000178, 0.2500000000000001110, 4.401878488843856019 ) ) ;
#4645 = CARTESIAN_POINT ( 'NONE',  ( 0.8500000000000000888, 1.835969349108944604, 3.600000000000000089 ) ) ;
#4646 = LINE ( 'NONE', #4611, #443 ) ;
#4647 = FACE_OUTER_BOUND ( 'NONE', #926, .T. ) ;
#4648 = ORIENTED_EDGE ( 'NONE', *, *, #738, .F. ) ;
#4649 = VECTOR ( 'NONE', #1773, 1000.000000000000000 ) ;
#4650 = CARTESIAN_POINT ( 'NONE',  ( 0.05000000000000012768, 1.835969349108944604, 3.600000000000000089 ) ) ;
#4651 = CARTESIAN_POINT ( 'NONE',  ( 2.310000000000000497, 2.879999999999999893, 3.369999999999999662 ) ) ;
#4652 = EDGE_CURVE ( 'NONE', #2262, #2845, #4198, .T. ) ;
#4653 = EDGE_CURVE ( 'NONE', #5571, #4501, #1115, .T. ) ;
#4654 = VECTOR ( 'NONE', #2966, 1000.000000000000000 ) ;
#4655 = EDGE_LOOP ( 'NONE', ( #7907, #4956, #5404, #2407 ) ) ;
#4656 = VECTOR ( 'NONE', #4118, 1000.000000000000000 ) ;
#4657 = FACE_OUTER_BOUND ( 'NONE', #7697, .T. ) ;
#4658 = ORIENTED_EDGE ( 'NONE', *, *, #3561, .F. ) ;
#4659 = ORIENTED_EDGE ( 'NONE', *, *, #594, .T. ) ;
#4660 = EDGE_LOOP ( 'NONE', ( #834, #7139, #3848, #3621, #712 ) ) ;
#4661 = ADVANCED_FACE ( 'NONE', ( #6585 ), #4113, .F. ) ;
#4662 = CARTESIAN_POINT ( 'NONE',  ( 3.689999999999999947, 3.548505796534330958, 3.553360657221955154 ) ) ;
#4663 = EDGE_CURVE ( 'NONE', #5728, #6310, #3672, .T. ) ;
#4664 = VECTOR ( 'NONE', #2399, 1000.000000000000000 ) ;
#4665 = VECTOR ( 'NONE', #4356, 1000.000000000000000 ) ;
#4666 = DIRECTION ( 'NONE',  ( 1.000000000000000000, 0.000000000000000000, -0.000000000000000000 ) ) ;
#4667 = CARTESIAN_POINT ( 'NONE',  ( -4.500000000000000000, 0.4300000000000000488, 2.049999999999999822 ) ) ;
#4668 = CARTESIAN_POINT ( 'NONE',  ( -4.500000000000000000, 0.4300000000000000488, 3.899999999999999911 ) ) ;
#4669 = ORIENTED_EDGE ( 'NONE', *, *, #3174, .T. ) ;
#4670 = AXIS2_PLACEMENT_3D ( 'NONE', #5297, #6421, #3326 ) ;
#4671 = FACE_OUTER_BOUND ( 'NONE', #4448, .T. ) ;
#4672 = VECTOR ( 'NONE', #4160, 1000.000000000000114 ) ;
#4673 = EDGE_LOOP ( 'NONE', ( #4601, #7292, #4379, #6275 ) ) ;
#4674 = CARTESIAN_POINT ( 'NONE',  ( -1.550000000000000266, 3.979999999999999094, -2.250000000000001332 ) ) ;
#4675 = ORIENTED_EDGE ( 'NONE', *, *, #6841, .F. ) ;
#4676 = PRESENTATION_LAYER_ASSIGNMENT (  '', '', ( #460 ) ) ;
#4677 = CARTESIAN_POINT ( 'NONE',  ( -1.689999999999999725, 1.379999999999999671, 1.369999999999999662 ) ) ;
#4678 = CARTESIAN_POINT ( 'NONE',  ( 4.500000000000000000, 0.1300000000000000600, -2.250000000000000000 ) ) ;
#4679 = VERTEX_POINT ( 'NONE', #65 ) ;
#4680 = CARTESIAN_POINT ( 'NONE',  ( -4.700000000000000178, 2.879999999999999893, 3.399999999999998579 ) ) ;
#4681 = DIRECTION ( 'NONE',  ( 0.000000000000000000, 0.7071067811865461294, -0.7071067811865490160 ) ) ;
#4682 = LINE ( 'NONE', #983, #1533 ) ;
#4683 = VECTOR ( 'NONE', #6803, 1000.000000000000000 ) ;
#4684 = EDGE_CURVE ( 'NONE', #674, #4620, #1439, .T. ) ;
#4685 = EDGE_CURVE ( 'NONE', #7654, #4353, #731, .T. ) ;
#4686 = VERTEX_POINT ( 'NONE', #3037 ) ;
#4687 = CARTESIAN_POINT ( 'NONE',  ( 2.890000000000000124, 0.4300000000000007150, 3.553360657221955154 ) ) ;
#4688 = AXIS2_PLACEMENT_3D ( 'NONE', #401, #997, #1615 ) ;
#4689 = LINE ( 'NONE', #7268, #2293 ) ;
#4690 = FACE_OUTER_BOUND ( 'NONE', #5194, .T. ) ;
#4691 = LINE ( 'NONE', #7161, #8009 ) ;
#4692 = EDGE_CURVE ( 'NONE', #6941, #4748, #5534, .T. ) ;
#4693 = VECTOR ( 'NONE', #4873, 1000.000000000000000 ) ;
#4694 = CARTESIAN_POINT ( 'NONE',  ( -4.700000000000000178, 3.979999999999999094, -2.250000000000001332 ) ) ;
#4695 = PLANE ( 'NONE',  #6920 ) ;
#4696 = EDGE_LOOP ( 'NONE', ( #3233, #6242, #6822, #5443 ) ) ;
#4697 = CARTESIAN_POINT ( 'NONE',  ( -1.909999999999999698, 3.548505796534330958, 3.553360657221955154 ) ) ;
#4698 = ORIENTED_EDGE ( 'NONE', *, *, #2680, .F. ) ;
#4699 = EDGE_CURVE ( 'NONE', #3692, #143, #648, .T. ) ;
#4700 = ORIENTED_EDGE ( 'NONE', *, *, #6417, .F. ) ;
#4701 = DIRECTION ( 'NONE',  ( 1.000000000000000000, -0.000000000000000000, -0.000000000000000000 ) ) ;
#4702 = VECTOR ( 'NONE', #4792, 1000.000000000000000 ) ;
#4703 = EDGE_CURVE ( 'NONE', #608, #2777, #7550, .T. ) ;
#4704 = FACE_OUTER_BOUND ( 'NONE', #2247, .T. ) ;
#4705 = DIRECTION ( 'NONE',  ( 0.000000000000000000, -8.870745047608683668E-16, -1.000000000000000000 ) ) ;
#4706 = LINE ( 'NONE', #2851, #6234 ) ;
#4707 = ADVANCED_FACE ( 'NONE', ( #3660 ), #6133, .T. ) ;
#4708 = ORIENTED_EDGE ( 'NONE', *, *, #5218, .F. ) ;
#4709 = VECTOR ( 'NONE', #4548, 1000.000000000000000 ) ;
#4710 = LINE ( 'NONE', #1131, #7294 ) ;
#4711 = ORIENTED_EDGE ( 'NONE', *, *, #7306, .T. ) ;
#4712 = FACE_OUTER_BOUND ( 'NONE', #5596, .T. ) ;
#4713 = ORIENTED_EDGE ( 'NONE', *, *, #1772, .F. ) ;
#4714 = EDGE_CURVE ( 'NONE', #6162, #1245, #1195, .T. ) ;
#4715 = VECTOR ( 'NONE', #1890, 1000.000000000000000 ) ;
#4716 = PLANE ( 'NONE',  #5760 ) ;
#4717 = CARTESIAN_POINT ( 'NONE',  ( -1.250000000000000222, 3.979999999999998206, 2.600000000000000089 ) ) ;
#4718 = EDGE_CURVE ( 'NONE', #7219, #3728, #3075, .T. ) ;
#4719 = ORIENTED_EDGE ( 'NONE', *, *, #995, .F. ) ;
#4720 = CARTESIAN_POINT ( 'NONE',  ( 6.729530725772092271E-16, 0.3300000000000001266, 2.249999999999998668 ) ) ;
#4721 = CARTESIAN_POINT ( 'NONE',  ( -5.500000000000000000, 4.979999999999999538, 3.600000000000000089 ) ) ;
#4722 = DIRECTION ( 'NONE',  ( 0.000000000000000000, 0.000000000000000000, -1.000000000000000000 ) ) ;
#4723 = DIRECTION ( 'NONE',  ( -1.000000000000000000, 0.000000000000000000, 0.000000000000000000 ) ) ;
#4724 = VECTOR ( 'NONE', #2496, 1000.000000000000114 ) ;
#4725 = VERTEX_POINT ( 'NONE', #7063 ) ;
#4726 = LINE ( 'NONE', #2260, #6082 ) ;
#4727 = ORIENTED_EDGE ( 'NONE', *, *, #635, .T. ) ;
#4728 = DIRECTION ( 'NONE',  ( 1.000000000000000000, 0.000000000000000000, 0.000000000000000000 ) ) ;
#4729 = CARTESIAN_POINT ( 'NONE',  ( -3.199999999999999734, 6.938893903907233111E-15, 0.000000000000000000 ) ) ;
#4730 = LINE ( 'NONE', #2832, #2028 ) ;
#4731 = EDGE_CURVE ( 'NONE', #1264, #2790, #2005, .T. ) ;
#4732 = CARTESIAN_POINT ( 'NONE',  ( 2.750000000000000444, 5.379999999999999893, 2.600000000000000089 ) ) ;
#4733 = CARTESIAN_POINT ( 'NONE',  ( 0.000000000000000000, 0.4300000000000000488, 0.000000000000000000 ) ) ;
#4734 = PLANE ( 'NONE',  #2333 ) ;
#4735 = DIRECTION ( 'NONE',  ( -1.000000000000000000, 0.000000000000000000, 0.000000000000000000 ) ) ;
#4736 = EDGE_CURVE ( 'NONE', #6298, #1165, #2049, .T. ) ;
#4737 = LINE ( 'NONE', #5911, #7946 ) ;
#4738 = CARTESIAN_POINT ( 'NONE',  ( 0.8500000000000000888, 5.379999999999999893, 3.199999999999998845 ) ) ;
#4739 = CARTESIAN_POINT ( 'NONE',  ( 0.3500000000000000333, 1.835969349108944604, 2.600000000000000089 ) ) ;
#4740 = VERTEX_POINT ( 'NONE', #4598 ) ;
#4741 = VERTEX_POINT ( 'NONE', #849 ) ;
#4742 = DIRECTION ( 'NONE',  ( 0.000000000000000000, 0.000000000000000000, 1.000000000000000000 ) ) ;
#4743 = LINE ( 'NONE', #885, #1378 ) ;
#4744 = DIRECTION ( 'NONE',  ( 0.000000000000000000, -0.000000000000000000, -1.000000000000000000 ) ) ;
#4745 = DIRECTION ( 'NONE',  ( 0.000000000000000000, 0.000000000000000000, 1.000000000000000000 ) ) ;
#4746 = VERTEX_POINT ( 'NONE', #4507 ) ;
#4747 = DIRECTION ( 'NONE',  ( 0.000000000000000000, 0.000000000000000000, 1.000000000000000000 ) ) ;
#4748 = VERTEX_POINT ( 'NONE', #1383 ) ;
#4749 = LINE ( 'NONE', #7218, #8035 ) ;
#4750 = ORIENTED_EDGE ( 'NONE', *, *, #6489, .F. ) ;
#4751 = ADVANCED_FACE ( 'NONE', ( #1511 ), #3279, .F. ) ;
#4752 = PLANE ( 'NONE',  #3542 ) ;
#4753 = LINE ( 'NONE', #5402, #3213 ) ;
#4754 = EDGE_LOOP ( 'NONE', ( #1481, #5924, #6037, #6152, #7655 ) ) ;
#4755 = FACE_OUTER_BOUND ( 'NONE', #7302, .T. ) ;
#4756 = ORIENTED_EDGE ( 'NONE', *, *, #7949, .F. ) ;
#4757 = CARTESIAN_POINT ( 'NONE',  ( 3.250000000000000444, 1.835969349108944604, 3.600000000000000089 ) ) ;
#4758 = CARTESIAN_POINT ( 'NONE',  ( -3.675000000000000711, 0.4300000000000007150, 3.750000000000000000 ) ) ;
#4759 = ORIENTED_EDGE ( 'NONE', *, *, #3471, .F. ) ;
#4760 = FACE_OUTER_BOUND ( 'NONE', #770, .T. ) ;
#4761 = EDGE_CURVE ( 'NONE', #3588, #3887, #6408, .T. ) ;
#4762 = VERTEX_POINT ( 'NONE', #1343 ) ;
#4763 = FACE_OUTER_BOUND ( 'NONE', #3389, .T. ) ;
#4764 = DIRECTION ( 'NONE',  ( -0.000000000000000000, 1.000000000000000000, -0.000000000000000000 ) ) ;
#4765 = CARTESIAN_POINT ( 'NONE',  ( -1.250000000000000222, 1.835969349108944604, 2.600000000000000089 ) ) ;
#4766 = CARTESIAN_POINT ( 'NONE',  ( 3.110000000000000320, 1.379999999999999671, 1.369999999999999662 ) ) ;
#4767 = LINE ( 'NONE', #7243, #909 ) ;
#4768 = FACE_OUTER_BOUND ( 'NONE', #5795, .T. ) ;
#4769 = ORIENTED_EDGE ( 'NONE', *, *, #6166, .F. ) ;
#4770 = VECTOR ( 'NONE', #473, 1000.000000000000000 ) ;
#4771 = ORIENTED_EDGE ( 'NONE', *, *, #1032, .T. ) ;
#4772 = EDGE_CURVE ( 'NONE', #3479, #5071, #3313, .T. ) ;
#4773 = CARTESIAN_POINT ( 'NONE',  ( 3.110000000000000320, 2.879999999999999893, 1.369999999999999662 ) ) ;
#4774 = AXIS2_PLACEMENT_3D ( 'NONE', #1141, #1884, #4385 ) ;
#4775 = CARTESIAN_POINT ( 'NONE',  ( -4.700000000000000178, 3.979999999999999094, 3.199999999999998845 ) ) ;
#4776 = VECTOR ( 'NONE', #7658, 1000.000000000000000 ) ;
#4777 = LINE ( 'NONE', #4667, #720 ) ;
#4778 = DIRECTION ( 'NONE',  ( -0.000000000000000000, -0.000000000000000000, 1.000000000000000000 ) ) ;
#4779 = LINE ( 'NONE', #4169, #7149 ) ;
#4780 = ORIENTED_EDGE ( 'NONE', *, *, #5833, .F. ) ;
#4781 = LINE ( 'NONE', #6606, #4973 ) ;
#4782 = ORIENTED_EDGE ( 'NONE', *, *, #2977, .T. ) ;
#4783 = AXIS2_PLACEMENT_3D ( 'NONE', #2141, #7109, #5168 ) ;
#4784 = CARTESIAN_POINT ( 'NONE',  ( -0.4749999999999997558, 5.380000000000002558, 3.750000000000000000 ) ) ;
#4785 = ORIENTED_EDGE ( 'NONE', *, *, #2400, .T. ) ;
#4786 = PLANE ( 'NONE',  #7820 ) ;
#4787 = FACE_OUTER_BOUND ( 'NONE', #7587, .T. ) ;
#4788 = VECTOR ( 'NONE', #888, 1000.000000000000000 ) ;
#4789 = VECTOR ( 'NONE', #7580, 1000.000000000000000 ) ;
#4790 = LINE ( 'NONE', #2934, #75 ) ;
#4791 = ORIENTED_EDGE ( 'NONE', *, *, #4953, .F. ) ;
#4792 = DIRECTION ( 'NONE',  ( 0.000000000000000000, 0.000000000000000000, 1.000000000000000000 ) ) ;
#4793 = ORIENTED_EDGE ( 'NONE', *, *, #7185, .T. ) ;
#4794 = DIRECTION ( 'NONE',  ( 1.000000000000000000, 0.000000000000000000, 0.000000000000000000 ) ) ;
#4795 = PLANE ( 'NONE',  #4804 ) ;
#4796 = VECTOR ( 'NONE', #5160, 1000.000000000000000 ) ;
#4797 = ORIENTED_EDGE ( 'NONE', *, *, #7901, .F. ) ;
#4798 = DIRECTION ( 'NONE',  ( 1.000000000000000000, -0.000000000000000000, -0.000000000000000000 ) ) ;
#4799 = ORIENTED_EDGE ( 'NONE', *, *, #465, .F. ) ;
#4800 = EDGE_CURVE ( 'NONE', #4335, #1598, #7748, .T. ) ;
#4801 = CARTESIAN_POINT ( 'NONE',  ( -3.510000000000000675, 2.879999999999999893, 1.369999999999999662 ) ) ;
#4802 = DIRECTION ( 'NONE',  ( 0.000000000000000000, 0.000000000000000000, 1.000000000000000000 ) ) ;
#4803 = DIRECTION ( 'NONE',  ( -1.000000000000000000, 0.000000000000000000, 0.000000000000000000 ) ) ;
#4804 = AXIS2_PLACEMENT_3D ( 'NONE', #7273, #7192, #1685 ) ;
#4805 = CARTESIAN_POINT ( 'NONE',  ( 3.900000000000000355, 2.879999999999999893, 3.373291360244058179 ) ) ;
#4806 = EDGE_CURVE ( 'NONE', #2030, #3610, #2096, .T. ) ;
#4807 = EDGE_CURVE ( 'NONE', #3165, #5265, #6443, .T. ) ;
#4808 = CARTESIAN_POINT ( 'NONE',  ( 0.05000000000000034972, 4.380000000000001670, 3.600000000000000089 ) ) ;
#4809 = AXIS2_PLACEMENT_3D ( 'NONE', #1065, #7267, #6168 ) ;
#4810 = EDGE_CURVE ( 'NONE', #330, #2709, #5252, .T. ) ;
#4811 = CARTESIAN_POINT ( 'NONE',  ( 0.3249999999999989009, 5.380000000000002558, 3.750000000000000000 ) ) ;
#4812 = CARTESIAN_POINT ( 'NONE',  ( 0.000000000000000000, 0.3300000000000001266, -2.150000000000000799 ) ) ;
#4813 = DIRECTION ( 'NONE',  ( -0.000000000000000000, -0.000000000000000000, 1.000000000000000000 ) ) ;
#4814 = LINE ( 'NONE', #2960, #2184 ) ;
#4815 = CARTESIAN_POINT ( 'NONE',  ( -1.689999999999999725, 3.548505796534330958, 3.553360657221955154 ) ) ;
#4816 = ORIENTED_EDGE ( 'NONE', *, *, #2702, .T. ) ;
#4817 = VECTOR ( 'NONE', #7702, 1000.000000000000000 ) ;
#4818 = ORIENTED_EDGE ( 'NONE', *, *, #71, .T. ) ;
#4819 = CARTESIAN_POINT ( 'NONE',  ( -1.550000000000000266, 1.835969349108944604, 2.600000000000000089 ) ) ;
#4820 = VECTOR ( 'NONE', #6219, 1000.000000000000000 ) ;
#4821 = DIRECTION ( 'NONE',  ( 0.3868795754558335687, -0.7985882202808504138, 0.4610651239508122834 ) ) ;
#4822 = DIRECTION ( 'NONE',  ( -0.000000000000000000, -0.7071067811865489050, -0.7071067811865460184 ) ) ;
#4823 = LINE ( 'NONE', #1713, #3646 ) ;
#4824 = EDGE_LOOP ( 'NONE', ( #2551, #4331, #2725, #1422, #7034, #6442, #8085 ) ) ;
#4825 = FACE_OUTER_BOUND ( 'NONE', #5679, .T. ) ;
#4826 = VERTEX_POINT ( 'NONE', #3862 ) ;
#4827 = VECTOR ( 'NONE', #7270, 1000.000000000000000 ) ;
#4828 = VERTEX_POINT ( 'NONE', #899 ) ;
#4829 = LINE ( 'NONE', #7307, #112 ) ;
#4830 = VECTOR ( 'NONE', #3642, 1000.000000000000000 ) ;
#4831 = CARTESIAN_POINT ( 'NONE',  ( -3.290000000000000480, 1.379999999999999671, 3.369999999999999662 ) ) ;
#4832 = EDGE_CURVE ( 'NONE', #1376, #3379, #3401, .T. ) ;
#4833 = CARTESIAN_POINT ( 'NONE',  ( 1.289999999999999813, 1.379999999999999671, 3.369999999999999662 ) ) ;
#4834 = LINE ( 'NONE', #5819, #1361 ) ;
#4835 = ORIENTED_EDGE ( 'NONE', *, *, #6111, .F. ) ;
#4836 = PLANE ( 'NONE',  #6637 ) ;
#4837 = ORIENTED_EDGE ( 'NONE', *, *, #1443, .F. ) ;
#4838 = CARTESIAN_POINT ( 'NONE',  ( 0.000000000000000000, 0.4300000000000000488, 0.000000000000000000 ) ) ;
#4839 = DIRECTION ( 'NONE',  ( 0.000000000000000000, 1.000000000000000000, 1.363776317591828850E-16 ) ) ;
#4840 = VECTOR ( 'NONE', #730, 1000.000000000000000 ) ;
#4841 = ORIENTED_EDGE ( 'NONE', *, *, #6401, .T. ) ;
#4842 = CARTESIAN_POINT ( 'NONE',  ( 2.750000000000000444, 1.835969349108944604, 2.600000000000000089 ) ) ;
#4843 = ORIENTED_EDGE ( 'NONE', *, *, #3151, .T. ) ;
#4844 = CARTESIAN_POINT ( 'NONE',  ( 0.05000000000000012768, 4.980000000000000426, 3.600000000000000089 ) ) ;
#4845 = CARTESIAN_POINT ( 'NONE',  ( -0.4499999999999999001, 3.979999999999999094, 3.199999999999998845 ) ) ;
#4846 = ADVANCED_FACE ( 'NONE', ( #2781 ), #3234, .F. ) ;
#4847 = VERTEX_POINT ( 'NONE', #2263 ) ;
#4848 = DIRECTION ( 'NONE',  ( -1.000000000000000000, 0.000000000000000000, 0.000000000000000000 ) ) ;
#4849 = VECTOR ( 'NONE', #1534, 1000.000000000000000 ) ;
#4850 = PLANE ( 'NONE',  #3334 ) ;
#4851 = CARTESIAN_POINT ( 'NONE',  ( -2.490000000000000213, 3.548505796534330958, 3.553360657221955154 ) ) ;
#4852 = VERTEX_POINT ( 'NONE', #4844 ) ;
#4853 = ORIENTED_EDGE ( 'NONE', *, *, #7801, .F. ) ;
#4854 = DIRECTION ( 'NONE',  ( -0.000000000000000000, 0.8660254037844389297, -0.4999999999999993339 ) ) ;
#4855 = COLOUR_RGB ( '',0.7921568627450980005, 0.8196078431372548767, 0.9333333333333333481 ) ;
#4856 = CARTESIAN_POINT ( 'NONE',  ( 1.510000000000000009, 0.4300000000000000488, 0.000000000000000000 ) ) ;
#4857 = DIRECTION ( 'NONE',  ( 0.000000000000000000, 0.000000000000000000, 1.000000000000000000 ) ) ;
#4858 = CARTESIAN_POINT ( 'NONE',  ( -4.500000000000000000, 0.4300000000000000488, -2.150000000000000799 ) ) ;
#4859 = ADVANCED_FACE ( 'NONE', ( #4763 ), #2912, .F. ) ;
#4860 = VERTEX_POINT ( 'NONE', #76 ) ;
#4861 = ORIENTED_EDGE ( 'NONE', *, *, #7080, .T. ) ;
#4862 = CARTESIAN_POINT ( 'NONE',  ( -0.7499999999999997780, 1.835969349108944604, 2.600000000000000089 ) ) ;
#4863 = EDGE_CURVE ( 'NONE', #5289, #3170, #827, .T. ) ;
#4864 = EDGE_CURVE ( 'NONE', #4490, #103, #7645, .T. ) ;
#4865 = DIRECTION ( 'NONE',  ( -0.000000000000000000, -0.8660254037844389297, 0.4999999999999993339 ) ) ;
#4866 = LINE ( 'NONE', #1172, #3624 ) ;
#4867 = LINE ( 'NONE', #4244, #7418 ) ;
#4868 = VERTEX_POINT ( 'NONE', #6928 ) ;
#4869 = DIRECTION ( 'NONE',  ( 0.000000000000000000, 0.000000000000000000, -1.000000000000000000 ) ) ;
#4870 = VERTEX_POINT ( 'NONE', #1360 ) ;
#4871 = DIRECTION ( 'NONE',  ( 1.000000000000000000, 0.000000000000000000, 0.000000000000000000 ) ) ;
#4872 = ORIENTED_EDGE ( 'NONE', *, *, #3663, .T. ) ;
#4873 = DIRECTION ( 'NONE',  ( -0.000000000000000000, 1.000000000000000000, -0.000000000000000000 ) ) ;
#4874 = CARTESIAN_POINT ( 'NONE',  ( 4.299999999999998046, 5.379999999999999893, -4.000000000000000888 ) ) ;
#4875 = CARTESIAN_POINT ( 'NONE',  ( 3.700000000000000178, 1.016439536705160407E-16, 4.451878488843855841 ) ) ;
#4876 = CARTESIAN_POINT ( 'NONE',  ( -2.049999999999999822, 3.979999999999999094, 3.199999999999998845 ) ) ;
#4877 = LINE ( 'NONE', #1261, #6998 ) ;
#4878 = ORIENTED_EDGE ( 'NONE', *, *, #6184, .T. ) ;
#4879 = DIRECTION ( 'NONE',  ( 0.000000000000000000, -0.7071067811865475727, -0.7071067811865475727 ) ) ;
#4880 = VERTEX_POINT ( 'NONE', #5141 ) ;
#4881 = DIRECTION ( 'NONE',  ( 0.6427876096865392519, 0.000000000000000000, -0.7660444431189780135 ) ) ;
#4882 = DIRECTION ( 'NONE',  ( 0.000000000000000000, 0.000000000000000000, -1.000000000000000000 ) ) ;
#4883 = ORIENTED_EDGE ( 'NONE', *, *, #1818, .T. ) ;
#4884 = EDGE_CURVE ( 'NONE', #2944, #523, #1987, .T. ) ;
#4885 = VERTEX_POINT ( 'NONE', #5755 ) ;
#4886 = CARTESIAN_POINT ( 'NONE',  ( 4.700000000000000178, 3.979999999999999094, -2.250000000000001332 ) ) ;
#4887 = DIRECTION ( 'NONE',  ( -0.000000000000000000, -0.000000000000000000, 1.000000000000000000 ) ) ;
#4888 = DIRECTION ( 'NONE',  ( 0.000000000000000000, 0.000000000000000000, 1.000000000000000000 ) ) ;
#4889 = ORIENTED_EDGE ( 'NONE', *, *, #6765, .T. ) ;
#4890 = DIRECTION ( 'NONE',  ( 0.000000000000000000, 0.000000000000000000, -1.000000000000000000 ) ) ;
#4891 = DIRECTION ( 'NONE',  ( -1.000000000000000000, 0.000000000000000000, 0.000000000000000000 ) ) ;
#4892 = PLANE ( 'NONE',  #7877 ) ;
#4893 = PLANE ( 'NONE',  #6750 ) ;
#4894 = CARTESIAN_POINT ( 'NONE',  ( 3.550000000000000266, 1.835969349108944604, 3.600000000000000089 ) ) ;
#4895 = DIRECTION ( 'NONE',  ( 1.144344205099612874E-16, 1.000000000000000000, 1.363776317591828850E-16 ) ) ;
#4896 = FACE_OUTER_BOUND ( 'NONE', #5488, .T. ) ;
#4897 = PLANE ( 'NONE',  #324 ) ;
#4898 = VERTEX_POINT ( 'NONE', #2764 ) ;
#4899 = ORIENTED_EDGE ( 'NONE', *, *, #4902, .T. ) ;
#4900 = DIRECTION ( 'NONE',  ( 1.000000000000000000, 0.000000000000000000, 0.000000000000000000 ) ) ;
#4901 = EDGE_CURVE ( 'NONE', #6770, #6608, #1949, .T. ) ;
#4902 = EDGE_CURVE ( 'NONE', #2094, #4945, #6398, .T. ) ;
#4903 = CARTESIAN_POINT ( 'NONE',  ( -5.013228980686358582, -0.7699999999999997957, 0.6610410813488247772 ) ) ;
#4904 = DIRECTION ( 'NONE',  ( 0.000000000000000000, 0.000000000000000000, 1.000000000000000000 ) ) ;
#4905 = AXIS2_PLACEMENT_3D ( 'NONE', #359, #5982, #7922 ) ;
#4906 = FACE_OUTER_BOUND ( 'NONE', #6946, .T. ) ;
#4907 = UNCERTAINTY_MEASURE_WITH_UNIT (LENGTH_MEASURE( 1.000000000000000082E-05 ), #5456, 'distance_accuracy_value', 'NONE');
#4908 = ORIENTED_EDGE ( 'NONE', *, *, #4761, .F. ) ;
#4909 = PLANE ( 'NONE',  #1696 ) ;
#4910 = ORIENTED_EDGE ( 'NONE', *, *, #6188, .F. ) ;
#4911 = ADVANCED_FACE ( 'NONE', ( #6357 ), #2568, .T. ) ;
#4912 = ORIENTED_EDGE ( 'NONE', *, *, #5910, .F. ) ;
#4913 = VECTOR ( 'NONE', #6204, 1000.000000000000000 ) ;
#4914 = AXIS2_PLACEMENT_3D ( 'NONE', #1077, #2351, #7325 ) ;
#4915 = LINE ( 'NONE', #7390, #4724 ) ;
#4916 = CARTESIAN_POINT ( 'NONE',  ( 3.550000000000000266, 4.380000000000001670, 3.600000000000000089 ) ) ;
#4917 = DIRECTION ( 'NONE',  ( -0.000000000000000000, 1.000000000000000000, -0.000000000000000000 ) ) ;
#4918 = LINE ( 'NONE', #1759, #7241 ) ;
#4919 = ORIENTED_EDGE ( 'NONE', *, *, #1425, .F. ) ;
#4920 = VECTOR ( 'NONE', #4206, 1000.000000000000000 ) ;
#4921 = CARTESIAN_POINT ( 'NONE',  ( -1.569688679648137741, 4.017369814542605333, 2.743339231405672152 ) ) ;
#4922 = AXIS2_PLACEMENT_3D ( 'NONE', #7135, #6557, #963 ) ;
#4923 = ORIENTED_EDGE ( 'NONE', *, *, #2234, .T. ) ;
#4924 = CARTESIAN_POINT ( 'NONE',  ( -5.500000000000000000, 5.380000000000001670, 3.600000000000000089 ) ) ;
#4925 = EDGE_CURVE ( 'NONE', #2140, #6273, #1418, .T. ) ;
#4926 = ORIENTED_EDGE ( 'NONE', *, *, #2174, .T. ) ;
#4927 = ORIENTED_EDGE ( 'NONE', *, *, #754, .F. ) ;
#4928 = DIRECTION ( 'NONE',  ( 0.000000000000000000, 0.000000000000000000, 1.000000000000000000 ) ) ;
#4929 = ORIENTED_EDGE ( 'NONE', *, *, #2023, .T. ) ;
#4930 = VECTOR ( 'NONE', #822, 1000.000000000000000 ) ;
#4931 = AXIS2_PLACEMENT_3D ( 'NONE', #5357, #2732, #249 ) ;
#4932 = ORIENTED_EDGE ( 'NONE', *, *, #1297, .F. ) ;
#4933 = PLANE ( 'NONE',  #619 ) ;
#4934 = ADVANCED_FACE ( 'NONE', ( #2037 ), #3344, .F. ) ;
#4935 = CARTESIAN_POINT ( 'NONE',  ( 4.500000000000000000, 0.4300000000000000488, 2.049999999999999822 ) ) ;
#4936 = VECTOR ( 'NONE', #3440, 1000.000000000000000 ) ;
#4937 = EDGE_CURVE ( 'NONE', #1155, #5571, #796, .T. ) ;
#4938 = AXIS2_PLACEMENT_3D ( 'NONE', #4858, #7336, #6636 ) ;
#4939 = VERTEX_POINT ( 'NONE', #2122 ) ;
#4940 = DIRECTION ( 'NONE',  ( -0.000000000000000000, 0.7071067811865474617, -0.7071067811865474617 ) ) ;
#4941 = VECTOR ( 'NONE', #5901, 1000.000000000000114 ) ;
#4942 = CARTESIAN_POINT ( 'NONE',  ( -5.500000000000000000, 4.979999999999999538, 3.600000000000000089 ) ) ;
#4943 = DIRECTION ( 'NONE',  ( -0.000000000000000000, -0.7071067811865474617, 0.7071067811865474617 ) ) ;
#4944 = DIRECTION ( 'NONE',  ( -0.7660444431189781245, 0.000000000000000000, 0.6427876096865393629 ) ) ;
#4945 = VERTEX_POINT ( 'NONE', #6316 ) ;
#4946 = CARTESIAN_POINT ( 'NONE',  ( 0.4899999999999999911, 3.548505796534330958, 3.369999999999999662 ) ) ;
#4947 = VECTOR ( 'NONE', #4303, 1000.000000000000000 ) ;
#4948 = EDGE_LOOP ( 'NONE', ( #3901, #2766, #5903, #1845, #41, #4837 ) ) ;
#4949 = AXIS2_PLACEMENT_3D ( 'NONE', #23, #2540, #5119 ) ;
#4950 = DIRECTION ( 'NONE',  ( 0.000000000000000000, 0.000000000000000000, 1.000000000000000000 ) ) ;
#4951 = EDGE_LOOP ( 'NONE', ( #4119, #7358, #2373, #5363 ) ) ;
#4952 = DIRECTION ( 'NONE',  ( -0.6031026327552765354, -0.7071067811865471286, 0.3691438938458206920 ) ) ;
#4953 = EDGE_CURVE ( 'NONE', #2281, #3841, #5881, .T. ) ;
#4954 = ORIENTED_EDGE ( 'NONE', *, *, #7576, .F. ) ;
#4955 = CARTESIAN_POINT ( 'NONE',  ( 0.000000000000000000, 0.1300000000000000600, 0.000000000000000000 ) ) ;
#4956 = ORIENTED_EDGE ( 'NONE', *, *, #4460, .F. ) ;
#4957 = ORIENTED_EDGE ( 'NONE', *, *, #2402, .T. ) ;
#4958 = VECTOR ( 'NONE', #7555, 1000.000000000000000 ) ;
#4959 = DIRECTION ( 'NONE',  ( -1.000000000000000000, 0.000000000000000000, 0.000000000000000000 ) ) ;
#4960 = ADVANCED_FACE ( 'NONE', ( #5723 ), #87, .F. ) ;
#4961 = CARTESIAN_POINT ( 'NONE',  ( 2.089999999999999858, 0.4300000000000007150, 3.369999999999999662 ) ) ;
#4962 = EDGE_CURVE ( 'NONE', #6265, #5494, #5153, .T. ) ;
#4963 = DIRECTION ( 'NONE',  ( 0.000000000000000000, -1.000000000000000000, 0.000000000000000000 ) ) ;
#4964 = DIRECTION ( 'NONE',  ( 0.000000000000000000, 0.000000000000000000, -1.000000000000000000 ) ) ;
#4965 = ORIENTED_EDGE ( 'NONE', *, *, #6633, .T. ) ;
#4966 = VECTOR ( 'NONE', #7908, 1000.000000000000000 ) ;
#4967 = LINE ( 'NONE', #644, #3258 ) ;
#4968 = ORIENTED_EDGE ( 'NONE', *, *, #3713, .T. ) ;
#4969 = EDGE_CURVE ( 'NONE', #2541, #5962, #876, .T. ) ;
#4970 = PLANE ( 'NONE',  #7639 ) ;
#4971 = ORIENTED_EDGE ( 'NONE', *, *, #8062, .T. ) ;
#4972 = VERTEX_POINT ( 'NONE', #4156 ) ;
#4973 = VECTOR ( 'NONE', #6039, 1000.000000000000000 ) ;
#4974 = EDGE_CURVE ( 'NONE', #4679, #3063, #7731, .T. ) ;
#4975 = CARTESIAN_POINT ( 'NONE',  ( -5.500000000000000000, 5.380000000000001670, 3.750000000000000000 ) ) ;
#4976 = EDGE_CURVE ( 'NONE', #4641, #4852, #1658, .T. ) ;
#4977 = EDGE_LOOP ( 'NONE', ( #7945, #3722, #6030, #4539 ) ) ;
#4978 = DIRECTION ( 'NONE',  ( 0.000000000000000000, 1.000000000000000000, 0.000000000000000000 ) ) ;
#4979 = CARTESIAN_POINT ( 'NONE',  ( 3.689999999999999947, 1.379999999999999671, 1.369999999999999662 ) ) ;
#4980 = DIRECTION ( 'NONE',  ( 0.000000000000000000, -1.000000000000000000, 0.000000000000000000 ) ) ;
#4981 = AXIS2_PLACEMENT_3D ( 'NONE', #570, #2474, #4982 ) ;
#4982 = DIRECTION ( 'NONE',  ( 0.000000000000000000, -0.000000000000000000, 1.000000000000000000 ) ) ;
#4983 = VECTOR ( 'NONE', #7561, 1000.000000000000000 ) ;
#4984 = EDGE_CURVE ( 'NONE', #8023, #1541, #5269, .T. ) ;
#4985 = LINE ( 'NONE', #6836, #7698 ) ;
#4986 = LINE ( 'NONE', #7452, #1916 ) ;
#4987 = ORIENTED_EDGE ( 'NONE', *, *, #4901, .F. ) ;
#4988 = ORIENTED_EDGE ( 'NONE', *, *, #5349, .T. ) ;
#4989 = DIRECTION ( 'NONE',  ( 0.000000000000000000, 1.000000000000000000, 0.000000000000000000 ) ) ;
#4990 = VECTOR ( 'NONE', #4254, 1000.000000000000000 ) ;
#4991 = ORIENTED_EDGE ( 'NONE', *, *, #5316, .T. ) ;
#4992 = ADVANCED_FACE ( 'NONE', ( #320 ), #4734, .T. ) ;
#4993 = CARTESIAN_POINT ( 'NONE',  ( -3.650000000000000355, 5.379999999999999893, 3.199999999999998845 ) ) ;
#4994 = DIRECTION ( 'NONE',  ( -0.000000000000000000, 0.8660254037844389297, -0.4999999999999993339 ) ) ;
#4995 = CARTESIAN_POINT ( 'NONE',  ( 0.3249999999999997891, 0.4300000000000007150, 3.750000000000000000 ) ) ;
#4996 = UNCERTAINTY_MEASURE_WITH_UNIT (LENGTH_MEASURE( 1.000000000000000082E-05 ), #812, 'distance_accuracy_value', 'NONE');
#4997 = ORIENTED_EDGE ( 'NONE', *, *, #416, .F. ) ;
#4998 = LINE ( 'NONE', #4378, #3805 ) ;
#4999 = VERTEX_POINT ( 'NONE', #1039 ) ;
#5000 = ORIENTED_EDGE ( 'NONE', *, *, #5846, .F. ) ;
#5001 = CARTESIAN_POINT ( 'NONE',  ( -4.379416815450912104, 0.3300000000000001266, -0.1044096602287947623 ) ) ;
#5002 = DIRECTION ( 'NONE',  ( 0.000000000000000000, 0.000000000000000000, -1.000000000000000000 ) ) ;
#5003 = DIRECTION ( 'NONE',  ( 1.000000000000000000, 0.000000000000000000, 0.000000000000000000 ) ) ;
#5004 = LINE ( 'NONE', #3737, #4913 ) ;
#5005 = EDGE_LOOP ( 'NONE', ( #4339, #4239, #3272, #7367 ) ) ;
#5006 = CARTESIAN_POINT ( 'NONE',  ( 2.310000000000000497, 1.379999999999999671, 3.369999999999999662 ) ) ;
#5007 = EDGE_LOOP ( 'NONE', ( #4369, #1983, #2553, #8063 ) ) ;
#5008 = VERTEX_POINT ( 'NONE', #6024 ) ;
#5009 = FACE_OUTER_BOUND ( 'NONE', #2, .T. ) ;
#5010 = ORIENTED_EDGE ( 'NONE', *, *, #3587, .F. ) ;
#5011 = ORIENTED_EDGE ( 'NONE', *, *, #702, .T. ) ;
#5012 = PRODUCT ( 'pins^HC-SFP-20P Ass', 'pins^HC-SFP-20P Ass', '', ( #3002 ) ) ;
#5013 = CARTESIAN_POINT ( 'NONE',  ( -4.500000000000000000, 0.4300000000000000488, 2.049999999999999822 ) ) ;
#5014 = DIRECTION ( 'NONE',  ( -0.000000000000000000, -0.7071067811865474617, 0.7071067811865474617 ) ) ;
#5015 = ADVANCED_FACE ( 'NONE', ( #986 ), #1258, .F. ) ;
#5016 = DIRECTION ( 'NONE',  ( 0.000000000000000000, -0.000000000000000000, -1.000000000000000000 ) ) ;
#5017 = EDGE_LOOP ( 'NONE', ( #444, #413, #5411, #6725 ) ) ;
#5018 = CARTESIAN_POINT ( 'NONE',  ( 5.500000000000000000, 5.379999999999999893, -2.799999999999997602 ) ) ;
#5019 = CARTESIAN_POINT ( 'NONE',  ( -5.250000000000000888, -0.5300568462028422134, 0.03708463221821201722 ) ) ;
#5020 = EDGE_CURVE ( 'NONE', #141, #4826, #4421, .T. ) ;
#5021 = LINE ( 'NONE', #3757, #1837 ) ;
#5022 = CARTESIAN_POINT ( 'NONE',  ( 4.799999999999999822, 0.3300000000000001266, -0.6999999999999997335 ) ) ;
#5023 = DIRECTION ( 'NONE',  ( 1.000000000000000000, 0.000000000000000000, 0.000000000000000000 ) ) ;
#5024 = ORIENTED_EDGE ( 'NONE', *, *, #161, .F. ) ;
#5025 = ORIENTED_EDGE ( 'NONE', *, *, #7526, .T. ) ;
#5026 = LINE ( 'NONE', #3807, #3225 ) ;
#5027 = EDGE_LOOP ( 'NONE', ( #1992, #1389, #5807, #2536 ) ) ;
#5028 = VERTEX_POINT ( 'NONE', #8076 ) ;
#5029 = LINE ( 'NONE', #4293, #4307 ) ;
#5030 = ORIENTED_EDGE ( 'NONE', *, *, #3918, .T. ) ;
#5031 = EDGE_CURVE ( 'NONE', #2988, #7330, #1182, .T. ) ;
#5032 = VERTEX_POINT ( 'NONE', #3064 ) ;
#5033 = EDGE_CURVE ( 'NONE', #677, #4740, #1222, .T. ) ;
#5034 = ORIENTED_EDGE ( 'NONE', *, *, #7287, .T. ) ;
#5035 = FACE_OUTER_BOUND ( 'NONE', #7195, .T. ) ;
#5036 = DIRECTION ( 'NONE',  ( -1.000000000000000000, 0.000000000000000000, 0.000000000000000000 ) ) ;
#5037 = CARTESIAN_POINT ( 'NONE',  ( -2.218171639324109989, 1.978250501809122541, 3.920625315522110466 ) ) ;
#5038 = DIRECTION ( 'NONE',  ( -1.000000000000000000, -0.000000000000000000, -0.000000000000000000 ) ) ;
#5039 = ORIENTED_EDGE ( 'NONE', *, *, #381, .T. ) ;
#5040 = CARTESIAN_POINT ( 'NONE',  ( 0.3249999999999989009, 2.273782217350889923, 3.749999999999999556 ) ) ;
#5041 = EDGE_LOOP ( 'NONE', ( #7874, #3267, #4027, #1086, #3230, #555, #4713 ) ) ;
#5042 = DIRECTION ( 'NONE',  ( 1.000000000000000000, -0.000000000000000000, -0.000000000000000000 ) ) ;
#5043 = VECTOR ( 'NONE', #275, 1000.000000000000114 ) ;
#5044 = DIRECTION ( 'NONE',  ( 0.000000000000000000, -1.000000000000000000, 0.000000000000000000 ) ) ;
#5045 = AXIS2_PLACEMENT_3D ( 'NONE', #2381, #6734, #7353 ) ;
#5046 = AXIS2_PLACEMENT_3D ( 'NONE', #4150, #5345, #2308 ) ;
#5047 = ORIENTED_EDGE ( 'NONE', *, *, #3602, .T. ) ;
#5048 = DIRECTION ( 'NONE',  ( -1.000000000000000000, 0.000000000000000000, 0.000000000000000000 ) ) ;
#5049 = EDGE_CURVE ( 'NONE', #7634, #4089, #5612, .T. ) ;
#5050 = DIRECTION ( 'NONE',  ( 1.000000000000000000, 0.000000000000000000, 0.000000000000000000 ) ) ;
#5051 = DIRECTION ( 'NONE',  ( 0.000000000000000000, 1.363776317591828850E-16, -1.000000000000000000 ) ) ;
#5052 = VECTOR ( 'NONE', #6950, 1000.000000000000000 ) ;
#5053 = VECTOR ( 'NONE', #7308, 1000.000000000000000 ) ;
#5054 = ORIENTED_EDGE ( 'NONE', *, *, #936, .T. ) ;
#5055 = LINE ( 'NONE', #6031, #171 ) ;
#5056 = DIRECTION ( 'NONE',  ( -0.000000000000000000, 0.000000000000000000, 1.000000000000000000 ) ) ;
#5057 = CARTESIAN_POINT ( 'NONE',  ( -3.510000000000000675, 1.379999999999999671, 1.369999999999999662 ) ) ;
#5058 = PLANE ( 'NONE',  #4597 ) ;
#5059 = ADVANCED_FACE ( 'NONE', ( #1754 ), #4253, .F. ) ;
#5060 = CARTESIAN_POINT ( 'NONE',  ( -4.800000000000000711, 0.3300000000000001266, 0.5999999999999513500 ) ) ;
#5061 = ADVANCED_FACE ( 'NONE', ( #6777 ), #6896, .F. ) ;
#5062 = AXIS2_PLACEMENT_3D ( 'NONE', #6547, #7159, #6460 ) ;
#5063 = AXIS2_PLACEMENT_3D ( 'NONE', #448, #1702, #8061 ) ;
#5064 = ORIENTED_EDGE ( 'NONE', *, *, #5309, .F. ) ;
#5065 = VERTEX_POINT ( 'NONE', #7984 ) ;
#5066 = DIRECTION ( 'NONE',  ( -0.000000000000000000, 1.000000000000000000, -0.000000000000000000 ) ) ;
#5067 = EDGE_CURVE ( 'NONE', #6974, #6090, #3819, .T. ) ;
#5068 = VERTEX_POINT ( 'NONE', #4300 ) ;
#5069 = VECTOR ( 'NONE', #4595, 1000.000000000000000 ) ;
#5070 = CARTESIAN_POINT ( 'NONE',  ( 3.700000000000000178, 1.412288678607070969, 1.405037386032898850 ) ) ;
#5071 = VERTEX_POINT ( 'NONE', #5567 ) ;
#5072 = CARTESIAN_POINT ( 'NONE',  ( -1.689999999999999725, 0.4300000000000007150, 3.369999999999999662 ) ) ;
#5073 = ORIENTED_EDGE ( 'NONE', *, *, #1540, .F. ) ;
#5074 = VECTOR ( 'NONE', #7031, 1000.000000000000114 ) ;
#5075 = ORIENTED_EDGE ( 'NONE', *, *, #1763, .T. ) ;
#5076 = ORIENTED_EDGE ( 'NONE', *, *, #6513, .F. ) ;
#5077 = VECTOR ( 'NONE', #215, 1000.000000000000000 ) ;
#5078 = DIRECTION ( 'NONE',  ( -1.000000000000000000, 0.000000000000000000, 0.000000000000000000 ) ) ;
#5079 = DIRECTION ( 'NONE',  ( -1.000000000000000000, 0.000000000000000000, 0.000000000000000000 ) ) ;
#5080 = ADVANCED_FACE ( 'NONE', ( #8032 ), #3733, .F. ) ;
#5081 = ORIENTED_EDGE ( 'NONE', *, *, #5658, .F. ) ;
#5082 = DIRECTION ( 'NONE',  ( 0.000000000000000000, 0.000000000000000000, 1.000000000000000000 ) ) ;
#5083 = VERTEX_POINT ( 'NONE', #6726 ) ;
#5084 = VECTOR ( 'NONE', #6402, 1000.000000000000000 ) ;
#5085 = LINE ( 'NONE', #5733, #7259 ) ;
#5086 = DIRECTION ( 'NONE',  ( 0.3868795754558335687, -0.7985882202808504138, 0.4610651239508122834 ) ) ;
#5087 = ADVANCED_FACE ( 'NONE', ( #1848 ), #14, .T. ) ;
#5088 = LINE ( 'NONE', #6909, #2876 ) ;
#5089 = AXIS2_PLACEMENT_3D ( 'NONE', #2542, #5048, #1931 ) ;
#5090 = ORIENTED_EDGE ( 'NONE', *, *, #7833, .T. ) ;
#5091 = CARTESIAN_POINT ( 'NONE',  ( 0.7100000000000000755, 1.379999999999999671, 3.369999999999999662 ) ) ;
#5092 = LINE ( 'NONE', #1974, #4439 ) ;
#5093 = FACE_OUTER_BOUND ( 'NONE', #3155, .T. ) ;
#5094 = DIRECTION ( 'NONE',  ( 1.000000000000000000, 0.000000000000000000, -0.000000000000000000 ) ) ;
#5095 = MECHANICAL_DESIGN_GEOMETRIC_PRESENTATION_REPRESENTATION (  '', ( #1031 ), #7289 ) ;
#5096 = ORIENTED_EDGE ( 'NONE', *, *, #5683, .F. ) ;
#5097 = DIRECTION ( 'NONE',  ( -0.000000000000000000, 1.000000000000000000, -0.000000000000000000 ) ) ;
#5098 = PLANE ( 'NONE',  #4323 ) ;
#5099 = DIRECTION ( 'NONE',  ( 0.000000000000000000, -1.000000000000000000, 0.000000000000000000 ) ) ;
#5100 = CARTESIAN_POINT ( 'NONE',  ( 4.500000000000000000, 0.3300000000000001266, -2.250000000000000000 ) ) ;
#5101 = FACE_OUTER_BOUND ( 'NONE', #5647, .T. ) ;
#5102 = VECTOR ( 'NONE', #7260, 1000.000000000000000 ) ;
#5103 = EDGE_LOOP ( 'NONE', ( #6604, #6862, #6863, #3308 ) ) ;
#5104 = DIRECTION ( 'NONE',  ( 0.000000000000000000, 0.000000000000000000, -1.000000000000000000 ) ) ;
#5105 = PRODUCT_DEFINITION_FORMATION_WITH_SPECIFIED_SOURCE ( 'ANY', '', #5012, .NOT_KNOWN. ) ;
#5106 = AXIS2_PLACEMENT_3D ( 'NONE', #3039, #55, #1231 ) ;
#5107 = DIRECTION ( 'NONE',  ( 0.000000000000000000, 0.000000000000000000, 1.000000000000000000 ) ) ;
#5108 = ORIENTED_EDGE ( 'NONE', *, *, #1002, .T. ) ;
#5109 = DIRECTION ( 'NONE',  ( 0.000000000000000000, 0.000000000000000000, 1.000000000000000000 ) ) ;
#5110 = EDGE_LOOP ( 'NONE', ( #1467, #3378, #4700, #84 ) ) ;
#5111 = VECTOR ( 'NONE', #4116, 1000.000000000000114 ) ;
#5112 = ORIENTED_EDGE ( 'NONE', *, *, #4308, .F. ) ;
#5113 = ORIENTED_EDGE ( 'NONE', *, *, #2204, .T. ) ;
#5114 = EDGE_CURVE ( 'NONE', #7226, #4972, #1300, .T. ) ;
#5115 = CARTESIAN_POINT ( 'NONE',  ( -4.700000000000000178, 3.979999999999999094, -2.250000000000001332 ) ) ;
#5116 = ADVANCED_FACE ( 'NONE', ( #6281 ), #2494, .F. ) ;
#5117 = CARTESIAN_POINT ( 'NONE',  ( -1.524999999999999467, 2.273782217350890367, 3.750000000000000000 ) ) ;
#5118 = CARTESIAN_POINT ( 'NONE',  ( -1.333043459168608225, 0.4300000000000000488, 1.118556274931664873 ) ) ;
#5119 = DIRECTION ( 'NONE',  ( 0.000000000000000000, 0.000000000000000000, 1.000000000000000000 ) ) ;
#5120 = VERTEX_POINT ( 'NONE', #5001 ) ;
#5121 = CARTESIAN_POINT ( 'NONE',  ( -3.149999999999999911, 3.979999999999999094, 3.199999999999998845 ) ) ;
#5122 = VERTEX_POINT ( 'NONE', #1881 ) ;
#5123 = CARTESIAN_POINT ( 'NONE',  ( 0.3500000000000004774, 3.979999999999999094, -2.250000000000001332 ) ) ;
#5124 = ORIENTED_EDGE ( 'NONE', *, *, #2305, .F. ) ;
#5125 = ORIENTED_EDGE ( 'NONE', *, *, #4111, .F. ) ;
#5126 = DIRECTION ( 'NONE',  ( 1.000000000000000000, 0.000000000000000000, 0.000000000000000000 ) ) ;
#5127 = LINE ( 'NONE', #2007, #5703 ) ;
#5128 = ORIENTED_EDGE ( 'NONE', *, *, #6188, .T. ) ;
#5129 = LINE ( 'NONE', #2009, #3912 ) ;
#5130 = DIRECTION ( 'NONE',  ( -1.000000000000000000, 0.000000000000000000, 0.000000000000000000 ) ) ;
#5131 = EDGE_CURVE ( 'NONE', #1586, #1075, #2528, .T. ) ;
#5132 = VERTEX_POINT ( 'NONE', #3148 ) ;
#5133 = DIRECTION ( 'NONE',  ( -1.000000000000000000, 0.000000000000000000, 0.000000000000000000 ) ) ;
#5134 = CARTESIAN_POINT ( 'NONE',  ( 4.799999999999999822, -0.7699999999999997957, -0.5000000000000004441 ) ) ;
#5135 = CARTESIAN_POINT ( 'NONE',  ( -1.250000000000000222, 4.980000000000000426, 3.600000000000000089 ) ) ;
#5136 = DIRECTION ( 'NONE',  ( 1.000000000000000000, 0.000000000000000000, -0.000000000000000000 ) ) ;
#5137 = PLANE ( 'NONE',  #704 ) ;
#5138 = ORIENTED_EDGE ( 'NONE', *, *, #6389, .T. ) ;
#5139 = ORIENTED_EDGE ( 'NONE', *, *, #7585, .T. ) ;
#5140 = ADVANCED_FACE ( 'NONE', ( #5035 ), #2469, .T. ) ;
#5141 = CARTESIAN_POINT ( 'NONE',  ( 4.500000000000000000, 0.1300000000000000600, 2.250000000000000000 ) ) ;
#5142 = DIRECTION ( 'NONE',  ( 0.000000000000000000, 0.000000000000000000, -1.000000000000000000 ) ) ;
#5143 = DIRECTION ( 'NONE',  ( 0.5220483011439890353, 0.000000000000000000, -0.8529159227454221615 ) ) ;
#5144 = ORIENTED_EDGE ( 'NONE', *, *, #7185, .F. ) ;
#5145 = CARTESIAN_POINT ( 'NONE',  ( 1.124999999999999778, 0.4300000000000007150, 3.750000000000000000 ) ) ;
#5146 = UNCERTAINTY_MEASURE_WITH_UNIT (LENGTH_MEASURE( 1.000000000000000082E-05 ), #7039, 'distance_accuracy_value', 'NONE');
#5147 = ORIENTED_EDGE ( 'NONE', *, *, #4511, .F. ) ;
#5148 = ORIENTED_EDGE ( 'NONE', *, *, #117, .T. ) ;
#5149 = ORIENTED_EDGE ( 'NONE', *, *, #5653, .F. ) ;
#5150 = ORIENTED_EDGE ( 'NONE', *, *, #2149, .T. ) ;
#5151 = ADVANCED_FACE ( 'NONE', ( #2483 ), #721, .T. ) ;
#5152 = ADVANCED_FACE ( 'NONE', ( #1891 ), #1272, .T. ) ;
#5153 = LINE ( 'NONE', #4811, #78 ) ;
#5154 = CARTESIAN_POINT ( 'NONE',  ( 4.799999999999999822, 0.3300000000000001266, 0.000000000000000000 ) ) ;
#5155 = DIRECTION ( 'NONE',  ( -0.000000000000000000, -0.000000000000000000, 1.000000000000000000 ) ) ;
#5156 = ADVANCED_FACE ( 'NONE', ( #6969 ), #3347, .T. ) ;
#5157 = VERTEX_POINT ( 'NONE', #1375 ) ;
#5158 = CARTESIAN_POINT ( 'NONE',  ( 3.550000000000000266, 5.379999999999999893, 2.600000000000000089 ) ) ;
#5159 = ORIENTED_EDGE ( 'NONE', *, *, #3864, .T. ) ;
#5160 = DIRECTION ( 'NONE',  ( 0.000000000000000000, 0.000000000000000000, -1.000000000000000000 ) ) ;
#5161 = ORIENTED_EDGE ( 'NONE', *, *, #1051, .T. ) ;
#5162 = EDGE_CURVE ( 'NONE', #2670, #5531, #7016, .T. ) ;
#5163 = DIRECTION ( 'NONE',  ( 0.000000000000000000, 0.000000000000000000, -1.000000000000000000 ) ) ;
#5164 = VERTEX_POINT ( 'NONE', #6481 ) ;
#5165 = CARTESIAN_POINT ( 'NONE',  ( 3.900000000000000355, 1.412288678607070969, 1.405037386032898850 ) ) ;
#5166 = DIRECTION ( 'NONE',  ( 0.000000000000000000, 1.363776317591828850E-16, -1.000000000000000000 ) ) ;
#5167 = ORIENTED_EDGE ( 'NONE', *, *, #6004, .F. ) ;
#5168 = DIRECTION ( 'NONE',  ( 0.000000000000000000, 1.000000000000000000, 1.363776317591828850E-16 ) ) ;
#5169 = ORIENTED_EDGE ( 'NONE', *, *, #4011, .F. ) ;
#5170 = VECTOR ( 'NONE', #2337, 1000.000000000000000 ) ;
#5171 = VECTOR ( 'NONE', #1485, 1000.000000000000000 ) ;
#5172 = LINE ( 'NONE', #3418, #6649 ) ;
#5173 = EDGE_CURVE ( 'NONE', #4223, #2375, #6107, .T. ) ;
#5174 =( NAMED_UNIT ( * ) PLANE_ANGLE_UNIT ( ) SI_UNIT ( $, .RADIAN. ) );
#5175 = DIRECTION ( 'NONE',  ( 0.000000000000000000, 9.870556146261273466E-17, 1.000000000000000000 ) ) ;
#5176 = CARTESIAN_POINT ( 'NONE',  ( 0.000000000000000000, 0.4300000000000000488, 3.369999999999999662 ) ) ;
#5177 = LINE ( 'NONE', #7766, #1125 ) ;
#5178 = ORIENTED_EDGE ( 'NONE', *, *, #4359, .F. ) ;
#5179 = ORIENTED_EDGE ( 'NONE', *, *, #2420, .T. ) ;
#5180 = VECTOR ( 'NONE', #5931, 1000.000000000000000 ) ;
#5181 = CARTESIAN_POINT ( 'NONE',  ( -4.700000000000000178, 2.879999999999999893, 3.399999999999998579 ) ) ;
#5182 = VECTOR ( 'NONE', #410, 1000.000000000000000 ) ;
#5183 = VECTOR ( 'NONE', #7759, 1000.000000000000114 ) ;
#5184 = AXIS2_PLACEMENT_3D ( 'NONE', #1224, #2497, #5003 ) ;
#5185 = EDGE_CURVE ( 'NONE', #2728, #451, #7581, .T. ) ;
#5186 = CARTESIAN_POINT ( 'NONE',  ( 4.500000000000000000, 0.4300000000000000488, -4.000000000000000888 ) ) ;
#5187 = ORIENTED_EDGE ( 'NONE', *, *, #3074, .T. ) ;
#5188 = CARTESIAN_POINT ( 'NONE',  ( -2.898430994600201149, 2.225416479110150725, 3.777923971992845242 ) ) ;
#5189 = CARTESIAN_POINT ( 'NONE',  ( -0.7499999999999997780, 4.380000000000001670, 3.600000000000000089 ) ) ;
#5190 = ORIENTED_EDGE ( 'NONE', *, *, #205, .T. ) ;
#5191 = VERTEX_POINT ( 'NONE', #840 ) ;
#5192 = VECTOR ( 'NONE', #2093, 1000.000000000000000 ) ;
#5193 = VERTEX_POINT ( 'NONE', #1337 ) ;
#5194 = EDGE_LOOP ( 'NONE', ( #1230, #5149, #4391, #3188 ) ) ;
#5195 = CARTESIAN_POINT ( 'NONE',  ( -2.349999999999999645, 3.979999999999998206, 2.600000000000000089 ) ) ;
#5196 = EDGE_CURVE ( 'NONE', #5289, #1641, #2651, .T. ) ;
#5197 = DIRECTION ( 'NONE',  ( 0.000000000000000000, 0.000000000000000000, 1.000000000000000000 ) ) ;
#5198 = VECTOR ( 'NONE', #7316, 1000.000000000000000 ) ;
#5199 = CARTESIAN_POINT ( 'NONE',  ( 4.799999999999999822, -0.7699999999999997957, -0.5000000000000004441 ) ) ;
#5200 = VERTEX_POINT ( 'NONE', #3970 ) ;
#5201 = CARTESIAN_POINT ( 'NONE',  ( -4.700000000000000178, 3.979999999999999094, -2.250000000000001332 ) ) ;
#5202 = ORIENTED_EDGE ( 'NONE', *, *, #3647, .T. ) ;
#5203 = DIRECTION ( 'NONE',  ( 0.000000000000000000, 0.000000000000000000, -1.000000000000000000 ) ) ;
#5204 = EDGE_LOOP ( 'NONE', ( #7919, #1991, #6500, #668, #5897, #521 ) ) ;
#5205 = AXIS2_PLACEMENT_3D ( 'NONE', #2672, #7602, #4527 ) ;
#5206 = EDGE_CURVE ( 'NONE', #795, #2470, #2126, .T. ) ;
#5207 = LINE ( 'NONE', #7064, #375 ) ;
#5208 = EDGE_CURVE ( 'NONE', #6067, #2964, #251, .T. ) ;
#5209 = ORIENTED_EDGE ( 'NONE', *, *, #8062, .F. ) ;
#5210 = VECTOR ( 'NONE', #7706, 1000.000000000000000 ) ;
#5211 = ADVANCED_FACE ( 'NONE', ( #160 ), #3855, .F. ) ;
#5212 = DIRECTION ( 'NONE',  ( 0.6427876096865392519, 0.000000000000000000, 0.7660444431189780135 ) ) ;
#5213 = DIRECTION ( 'NONE',  ( 0.000000000000000000, 0.000000000000000000, -1.000000000000000000 ) ) ;
#5214 = ORIENTED_EDGE ( 'NONE', *, *, #2499, .T. ) ;
#5215 = FACE_OUTER_BOUND ( 'NONE', #7058, .T. ) ;
#5216 = EDGE_CURVE ( 'NONE', #7600, #95, #3226, .T. ) ;
#5217 = VECTOR ( 'NONE', #7695, 1000.000000000000000 ) ;
#5218 = EDGE_CURVE ( 'NONE', #6963, #7417, #800, .T. ) ;
#5219 = LINE ( 'NONE', #4644, #6000 ) ;
#5220 = DIRECTION ( 'NONE',  ( -1.000000000000000000, 0.000000000000000000, 0.000000000000000000 ) ) ;
#5221 = CARTESIAN_POINT ( 'NONE',  ( -3.650000000000000355, 5.379999999999999893, 2.600000000000000089 ) ) ;
#5222 = LINE ( 'NONE', #2668, #8016 ) ;
#5224 = DIRECTION ( 'NONE',  ( 0.000000000000000000, 0.000000000000000000, -1.000000000000000000 ) ) ;
#5223 = APPLICATION_CONTEXT ( 'automotive_design' ) ;
#5225 = LINE ( 'NONE', #3422, #3331 ) ;
#5226 = ORIENTED_EDGE ( 'NONE', *, *, #5413, .T. ) ;
#5227 = VECTOR ( 'NONE', #5775, 1000.000000000000000 ) ;
#5228 = CARTESIAN_POINT ( 'NONE',  ( -4.049999999999999822, 0.1300000000000000600, 2.250000000000000000 ) ) ;
#5229 = EDGE_CURVE ( 'NONE', #2120, #4470, #2087, .T. ) ;
#5230 = AXIS2_PLACEMENT_3D ( 'NONE', #7369, #6062, #998 ) ;
#5231 = CARTESIAN_POINT ( 'NONE',  ( 3.900000000000000355, 0.04999999999999956563, 3.601878488843856641 ) ) ;
#5232 = CARTESIAN_POINT ( 'NONE',  ( -4.500000000000000000, 0.4300000000000000488, -4.000000000000000888 ) ) ;
#5233 = ORIENTED_EDGE ( 'NONE', *, *, #4108, .F. ) ;
#5234 = LINE ( 'NONE', #122, #1406 ) ;
#5235 = ORIENTED_EDGE ( 'NONE', *, *, #268, .T. ) ;
#5236 = VECTOR ( 'NONE', #2264, 999.9999999999998863 ) ;
#5237 = VERTEX_POINT ( 'NONE', #208 ) ;
#5238 = EDGE_CURVE ( 'NONE', #5623, #3303, #2735, .T. ) ;
#5239 = CARTESIAN_POINT ( 'NONE',  ( -5.500000000000000000, 4.979999999999999538, 3.600000000000000089 ) ) ;
#5240 = LINE ( 'NONE', #927, #7769 ) ;
#5241 = AXIS2_PLACEMENT_3D ( 'NONE', #5524, #7947, #3113 ) ;
#5242 = FACE_OUTER_BOUND ( 'NONE', #4977, .T. ) ;
#5243 = CARTESIAN_POINT ( 'NONE',  ( 2.750000000000000444, 3.979999999999998206, 2.600000000000000089 ) ) ;
#5244 = CARTESIAN_POINT ( 'NONE',  ( 0.000000000000000000, 5.379999999999999893, 3.199999999999998845 ) ) ;
#5245 = ORIENTED_EDGE ( 'NONE', *, *, #516, .F. ) ;
#5246 = LINE ( 'NONE', #3397, #7033 ) ;
#5247 = ORIENTED_EDGE ( 'NONE', *, *, #6477, .T. ) ;
#5248 = DIRECTION ( 'NONE',  ( 0.000000000000000000, 0.000000000000000000, -1.000000000000000000 ) ) ;
#5249 = VERTEX_POINT ( 'NONE', #4629 ) ;
#5250 = EDGE_CURVE ( 'NONE', #823, #791, #1504, .T. ) ;
#5251 = AXIS2_PLACEMENT_3D ( 'NONE', #2831, #780, #3419 ) ;
#5252 = LINE ( 'NONE', #7713, #6102 ) ;
#5253 = CARTESIAN_POINT ( 'NONE',  ( -1.689999999999999725, 3.548505796534330958, 3.369999999999999662 ) ) ;
#5254 = CARTESIAN_POINT ( 'NONE',  ( 2.310000000000000497, 0.4300000000000007150, 3.369999999999999662 ) ) ;
#5255 = ORIENTED_EDGE ( 'NONE', *, *, #3201, .F. ) ;
#5256 = CARTESIAN_POINT ( 'NONE',  ( 3.700000000000000178, 2.679999999999999716, 3.257821306406132766 ) ) ;
#5257 = CARTESIAN_POINT ( 'NONE',  ( -4.500000000000000000, 0.4300000000000000488, -2.150000000000000799 ) ) ;
#5258 = CARTESIAN_POINT ( 'NONE',  ( -4.714708407725457739, -0.5199999999999987965, 0.6522048301143482663 ) ) ;
#5259 = EDGE_LOOP ( 'NONE', ( #3190, #3068, #3550, #7852 ) ) ;
#5260 = CARTESIAN_POINT ( 'NONE',  ( -4.700000000000000178, 4.979999999999999538, 3.600000000000000089 ) ) ;
#5261 = CARTESIAN_POINT ( 'NONE',  ( 4.299999999999998046, 5.379999999999999893, -4.000000000000000888 ) ) ;
#5262 = DIRECTION ( 'NONE',  ( 1.000000000000000000, -0.000000000000000000, -0.000000000000000000 ) ) ;
#5263 =( NAMED_UNIT ( * ) PLANE_ANGLE_UNIT ( ) SI_UNIT ( $, .RADIAN. ) );
#5264 = DIRECTION ( 'NONE',  ( -1.000000000000000000, 0.000000000000000000, 0.000000000000000000 ) ) ;
#5265 = VERTEX_POINT ( 'NONE', #4048 ) ;
#5266 = ADVANCED_FACE ( 'NONE', ( #7257 ), #930, .F. ) ;
#5267 = ORIENTED_EDGE ( 'NONE', *, *, #995, .T. ) ;
#5268 = EDGE_CURVE ( 'NONE', #4885, #7170, #3436, .T. ) ;
#5269 = LINE ( 'NONE', #4694, #7013 ) ;
#5270 = DIRECTION ( 'NONE',  ( 0.000000000000000000, -1.000000000000000000, 0.000000000000000000 ) ) ;
#5271 = EDGE_LOOP ( 'NONE', ( #1774, #6763, #3732, #2366 ) ) ;
#5272 = FACE_OUTER_BOUND ( 'NONE', #2799, .T. ) ;
#5273 = ORIENTED_EDGE ( 'NONE', *, *, #1246, .T. ) ;
#5274 = ORIENTED_EDGE ( 'NONE', *, *, #4652, .T. ) ;
#5275 = ORIENTED_EDGE ( 'NONE', *, *, #6111, .T. ) ;
#5276 = ORIENTED_EDGE ( 'NONE', *, *, #3142, .F. ) ;
#5277 = FACE_OUTER_BOUND ( 'NONE', #5742, .T. ) ;
#5278 = CARTESIAN_POINT ( 'NONE',  ( 4.500000000000000000, 0.4300000000000000488, 2.049999999999999822 ) ) ;
#5279 = EDGE_CURVE ( 'NONE', #1165, #7634, #1012, .T. ) ;
#5280 = VERTEX_POINT ( 'NONE', #2808 ) ;
#5281 = LINE ( 'NONE', #2168, #2089 ) ;
#5282 = VERTEX_POINT ( 'NONE', #7297 ) ;
#5283 = ORIENTED_EDGE ( 'NONE', *, *, #7435, .T. ) ;
#5284 = LINE ( 'NONE', #293, #5960 ) ;
#5285 = VERTEX_POINT ( 'NONE', #2372 ) ;
#5286 = CARTESIAN_POINT ( 'NONE',  ( 2.890000000000000124, 3.548505796534330958, 3.553360657221955154 ) ) ;
#5287 = DIRECTION ( 'NONE',  ( 0.000000000000000000, 0.000000000000000000, 1.000000000000000000 ) ) ;
#5288 = EDGE_CURVE ( 'NONE', #7973, #4425, #7214, .T. ) ;
#5289 = VERTEX_POINT ( 'NONE', #7138 ) ;
#5290 = CARTESIAN_POINT ( 'NONE',  ( -4.799999999999998046, -0.5199999999999980194, 0.7915531566348207315 ) ) ;
#5291 = LINE ( 'NONE', #2785, #442 ) ;
#5292 = DIRECTION ( 'NONE',  ( -1.000000000000000000, 0.000000000000000000, 0.000000000000000000 ) ) ;
#5293 = EDGE_LOOP ( 'NONE', ( #3801, #4853, #6472, #4797 ) ) ;
#5294 = CARTESIAN_POINT ( 'NONE',  ( 0.05000000000000012768, 5.379999999999999893, 2.600000000000000089 ) ) ;
#5295 = DIRECTION ( 'NONE',  ( -1.000000000000000000, 0.000000000000000000, -0.000000000000000000 ) ) ;
#5296 = FACE_OUTER_BOUND ( 'NONE', #6076, .T. ) ;
#5297 = CARTESIAN_POINT ( 'NONE',  ( 0.000000000000000000, 0.000000000000000000, 1.369999999999999662 ) ) ;
#5298 = LINE ( 'NONE', #7767, #3462 ) ;
#5299 = EDGE_CURVE ( 'NONE', #2512, #2922, #4706, .T. ) ;
#5300 = AXIS2_PLACEMENT_3D ( 'NONE', #232, #2758, #2145 ) ;
#5301 = VECTOR ( 'NONE', #6372, 1000.000000000000000 ) ;
#5302 = ADVANCED_FACE ( 'NONE', ( #7939 ), #1548, .F. ) ;
#5303 = FACE_OUTER_BOUND ( 'NONE', #6772, .T. ) ;
#5304 = LINE ( 'NONE', #7774, #4405 ) ;
#5305 = VECTOR ( 'NONE', #7012, 1000.000000000000114 ) ;
#5306 = ORIENTED_EDGE ( 'NONE', *, *, #3600, .T. ) ;
#5307 = AXIS2_PLACEMENT_3D ( 'NONE', #4765, #4109, #4803 ) ;
#5308 = PLANE ( 'NONE',  #3654 ) ;
#5309 = EDGE_CURVE ( 'NONE', #1868, #2375, #6559, .T. ) ;
#5310 = ORIENTED_EDGE ( 'NONE', *, *, #5309, .T. ) ;
#5311 = ADVANCED_FACE ( 'NONE', ( #966 ), #3470, .T. ) ;
#5312 = ORIENTED_EDGE ( 'NONE', *, *, #3107, .T. ) ;
#5313 = FACE_OUTER_BOUND ( 'NONE', #2063, .T. ) ;
#5314 = VECTOR ( 'NONE', #307, 1000.000000000000000 ) ;
#5315 = AXIS2_PLACEMENT_3D ( 'NONE', #1600, #1635, #4135 ) ;
#5316 = EDGE_CURVE ( 'NONE', #6235, #1046, #5359, .T. ) ;
#5317 = EDGE_CURVE ( 'NONE', #3885, #701, #2246, .T. ) ;
#5318 = CARTESIAN_POINT ( 'NONE',  ( -0.4499999999999999001, 1.835969349108944604, 2.600000000000000089 ) ) ;
#5319 = DIRECTION ( 'NONE',  ( -0.6427876096865392519, 0.000000000000000000, 0.7660444431189780135 ) ) ;
#5320 = CARTESIAN_POINT ( 'NONE',  ( 5.500000000000000000, 0.3300000000000001266, -2.250000000000000000 ) ) ;
#5321 = EDGE_LOOP ( 'NONE', ( #6119, #2212, #3809, #3656 ) ) ;
#5322 =( GEOMETRIC_REPRESENTATION_CONTEXT ( 3 ) GLOBAL_UNCERTAINTY_ASSIGNED_CONTEXT ( ( #7979 ) ) GLOBAL_UNIT_ASSIGNED_CONTEXT ( ( #7938, #6681, #3591 ) ) REPRESENTATION_CONTEXT ( 'NONE', 'WORKASPACE' ) );
#5323 = LINE ( 'NONE', #2374, #2603 ) ;
#5324 = VECTOR ( 'NONE', #5155, 1000.000000000000000 ) ;
#5325 = ORIENTED_EDGE ( 'NONE', *, *, #583, .T. ) ;
#5326 = CYLINDRICAL_SURFACE ( 'NONE', #3219, 0.2000000000000002054 ) ;
#5327 = ORIENTED_EDGE ( 'NONE', *, *, #5268, .T. ) ;
#5328 = VECTOR ( 'NONE', #944, 1000.000000000000000 ) ;
#5329 = ADVANCED_FACE ( 'NONE', ( #6602 ), #3516, .T. ) ;
#5330 = LINE ( 'NONE', #6080, #5631 ) ;
#5331 = LINE ( 'NONE', #2782, #2304 ) ;
#5332 = ORIENTED_EDGE ( 'NONE', *, *, #2965, .F. ) ;
#5333 = DIRECTION ( 'NONE',  ( -0.4999999999999996114, 1.181064936114118566E-16, -0.8660254037844388186 ) ) ;
#5334 = PLANE ( 'NONE',  #7496 ) ;
#5335 = DIRECTION ( 'NONE',  ( 0.000000000000000000, 0.7071067811865461294, -0.7071067811865490160 ) ) ;
#5336 = DIRECTION ( 'NONE',  ( 0.000000000000000000, 0.000000000000000000, 1.000000000000000000 ) ) ;
#5337 = VECTOR ( 'NONE', #2072, 1000.000000000000000 ) ;
#5338 = ORIENTED_EDGE ( 'NONE', *, *, #3944, .T. ) ;
#5339 = DIRECTION ( 'NONE',  ( 1.000000000000000000, 0.000000000000000000, 0.000000000000000000 ) ) ;
#5340 = EDGE_CURVE ( 'NONE', #3012, #2020, #2891, .T. ) ;
#5341 = ORIENTED_EDGE ( 'NONE', *, *, #7180, .T. ) ;
#5342 = CARTESIAN_POINT ( 'NONE',  ( -1.909999999999999698, 1.379999999999999671, 1.369999999999999662 ) ) ;
#5343 = AXIS2_PLACEMENT_3D ( 'NONE', #2455, #3183, #7428 ) ;
#5344 = SURFACE_STYLE_USAGE ( .BOTH. , #311 ) ;
#5345 = DIRECTION ( 'NONE',  ( 0.000000000000000000, -0.4999999999999993894, -0.8660254037844390407 ) ) ;
#5346 = CARTESIAN_POINT ( 'NONE',  ( 3.500000000000000000, 0.1000000000000000056, -3.598121511156143537 ) ) ;
#5347 = ORIENTED_EDGE ( 'NONE', *, *, #3871, .T. ) ;
#5348 = VECTOR ( 'NONE', #2325, 1000.000000000000114 ) ;
#5349 = EDGE_CURVE ( 'NONE', #6056, #4335, #4779, .T. ) ;
#5350 = DIRECTION ( 'NONE',  ( 0.000000000000000000, 0.000000000000000000, 1.000000000000000000 ) ) ;
#5351 = VECTOR ( 'NONE', #5718, 1000.000000000000000 ) ;
#5352 = CARTESIAN_POINT ( 'NONE',  ( 1.510000000000000009, 1.379999999999999671, 1.369999999999999662 ) ) ;
#5353 = VERTEX_POINT ( 'NONE', #412 ) ;
#5354 = ORIENTED_EDGE ( 'NONE', *, *, #1451, .T. ) ;
#5355 = ORIENTED_EDGE ( 'NONE', *, *, #5340, .T. ) ;
#5356 = VECTOR ( 'NONE', #2044, 1000.000000000000000 ) ;
#5357 = CARTESIAN_POINT ( 'NONE',  ( 2.450000000000000178, 1.835969349108944604, 2.600000000000000089 ) ) ;
#5358 = CARTESIAN_POINT ( 'NONE',  ( 0.000000000000000000, 5.379999999999999893, 3.199999999999998845 ) ) ;
#5359 = LINE ( 'NONE', #1669, #884 ) ;
#5360 = ORIENTED_EDGE ( 'NONE', *, *, #1576, .F. ) ;
#5361 = VECTOR ( 'NONE', #688, 1000.000000000000227 ) ;
#5362 = DIRECTION ( 'NONE',  ( -0.000000000000000000, 0.000000000000000000, 1.000000000000000000 ) ) ;
#5363 = ORIENTED_EDGE ( 'NONE', *, *, #1309, .F. ) ;
#5364 = EDGE_CURVE ( 'NONE', #4641, #151, #5428, .T. ) ;
#5365 = FACE_OUTER_BOUND ( 'NONE', #4660, .T. ) ;
#5366 = ORIENTED_EDGE ( 'NONE', *, *, #3853, .F. ) ;
#5367 = VECTOR ( 'NONE', #4635, 1000.000000000000000 ) ;
#5368 = CARTESIAN_POINT ( 'NONE',  ( -5.500000000000000000, 5.379999999999999893, 3.899999999999999911 ) ) ;
#5369 = CARTESIAN_POINT ( 'NONE',  ( 4.075000000000000178, 0.4300000000000007150, 3.750000000000000000 ) ) ;
#5370 = ORIENTED_EDGE ( 'NONE', *, *, #6936, .F. ) ;
#5371 = DIRECTION ( 'NONE',  ( 0.000000000000000000, 1.363776317591828850E-16, -1.000000000000000000 ) ) ;
#5372 = CARTESIAN_POINT ( 'NONE',  ( 3.700000000000000178, 2.879999999999999893, 3.257821306406132766 ) ) ;
#5373 = CARTESIAN_POINT ( 'NONE',  ( 4.700000000000000178, 3.979999999999999094, 3.099999999999999645 ) ) ;
#5374 = VECTOR ( 'NONE', #5350, 1000.000000000000000 ) ;
#5375 = ORIENTED_EDGE ( 'NONE', *, *, #784, .T. ) ;
#5376 = PLANE ( 'NONE',  #449 ) ;
#5377 = ORIENTED_EDGE ( 'NONE', *, *, #6797, .T. ) ;
#5378 = LINE ( 'NONE', #4801, #774 ) ;
#5379 = DIRECTION ( 'NONE',  ( 1.000000000000000000, 0.000000000000000000, 0.000000000000000000 ) ) ;
#5380 = CARTESIAN_POINT ( 'NONE',  ( 4.700000000000000178, 3.979999999999999094, 3.199999999999998845 ) ) ;
#5381 = EDGE_CURVE ( 'NONE', #3322, #4870, #4823, .T. ) ;
#5382 = DIRECTION ( 'NONE',  ( -0.000000000000000000, 0.000000000000000000, -1.000000000000000000 ) ) ;
#5383 = CARTESIAN_POINT ( 'NONE',  ( 0.07500000000000041356, 5.380000000000000782, 3.750000000000000000 ) ) ;
#5384 = FACE_OUTER_BOUND ( 'NONE', #2118, .T. ) ;
#5385 = ADVANCED_FACE ( 'NONE', ( #3592 ), #6073, .T. ) ;
#5386 = ORIENTED_EDGE ( 'NONE', *, *, #5794, .T. ) ;
#5387 = ORIENTED_EDGE ( 'NONE', *, *, #4205, .T. ) ;
#5388 = CARTESIAN_POINT ( 'NONE',  ( 4.299999999999998046, 5.379999999999999893, -4.000000000000000888 ) ) ;
#5389 = CARTESIAN_POINT ( 'NONE',  ( 1.650000000000000355, 3.979999999999999094, 3.199999999999998845 ) ) ;
#5390 = DIRECTION ( 'NONE',  ( -0.000000000000000000, -0.000000000000000000, 1.000000000000000000 ) ) ;
#5391 = CARTESIAN_POINT ( 'NONE',  ( 2.890000000000000124, 0.4300000000000007150, 3.369999999999999662 ) ) ;
#5392 = DIRECTION ( 'NONE',  ( -0.000000000000000000, 1.000000000000000000, -0.000000000000000000 ) ) ;
#5393 = VERTEX_POINT ( 'NONE', #7381 ) ;
#5394 = LINE ( 'NONE', #968, #1296 ) ;
#5395 = ORIENTED_EDGE ( 'NONE', *, *, #6050, .T. ) ;
#5396 = EDGE_CURVE ( 'NONE', #5964, #2187, #1291, .T. ) ;
#5397 = ADVANCED_FACE ( 'NONE', ( #3640 ), #7978, .F. ) ;
#5398 = LINE ( 'NONE', #2778, #4936 ) ;
#5399 = ORIENTED_EDGE ( 'NONE', *, *, #6790, .F. ) ;
#5400 = EDGE_CURVE ( 'NONE', #4351, #5835, #5678, .T. ) ;
#5401 = PLANE ( 'NONE',  #8086 ) ;
#5402 = CARTESIAN_POINT ( 'NONE',  ( 0.6288545525684503534, 0.4300000000000000488, 0.5276716231243402389 ) ) ;
#5403 = DIRECTION ( 'NONE',  ( 0.000000000000000000, 0.000000000000000000, 1.000000000000000000 ) ) ;
#5404 = ORIENTED_EDGE ( 'NONE', *, *, #1632, .F. ) ;
#5405 = DIRECTION ( 'NONE',  ( -1.000000000000000000, 0.000000000000000000, 0.000000000000000000 ) ) ;
#5406 = ORIENTED_EDGE ( 'NONE', *, *, #2572, .T. ) ;
#5407 = CARTESIAN_POINT ( 'NONE',  ( -3.510000000000000675, 3.548505796534330958, 3.553360657221955154 ) ) ;
#5408 = DIRECTION ( 'NONE',  ( -1.000000000000000000, 0.000000000000000000, 0.000000000000000000 ) ) ;
#5409 = EDGE_LOOP ( 'NONE', ( #801, #1835, #5274, #12, #7900, #7661 ) ) ;
#5410 = DIRECTION ( 'NONE',  ( 0.000000000000000000, -0.7071067811865475727, -0.7071067811865475727 ) ) ;
#5411 = ORIENTED_EDGE ( 'NONE', *, *, #682, .F. ) ;
#5412 = DIRECTION ( 'NONE',  ( 0.7660444431189781245, 0.000000000000000000, 0.6427876096865393629 ) ) ;
#5413 = EDGE_CURVE ( 'NONE', #2345, #880, #667, .T. ) ;
#5414 = DIRECTION ( 'NONE',  ( 0.000000000000000000, 0.000000000000000000, 1.000000000000000000 ) ) ;
#5415 = DIRECTION ( 'NONE',  ( 0.000000000000000000, 1.000000000000000000, 1.363776317591828850E-16 ) ) ;
#5416 = LINE ( 'NONE', #6830, #4252 ) ;
#5417 = DIRECTION ( 'NONE',  ( 0.000000000000000000, 0.000000000000000000, -1.000000000000000000 ) ) ;
#5418 = ADVANCED_FACE ( 'NONE', ( #3060 ), #3772, .T. ) ;
#5419 = DIRECTION ( 'NONE',  ( -0.000000000000000000, -0.8660254037844389297, 0.4999999999999993339 ) ) ;
#5420 = FACE_OUTER_BOUND ( 'NONE', #6519, .T. ) ;
#5421 = ORIENTED_EDGE ( 'NONE', *, *, #7656, .T. ) ;
#5422 = ORIENTED_EDGE ( 'NONE', *, *, #117, .F. ) ;
#5423 = DIRECTION ( 'NONE',  ( 0.3868795754558335687, -0.7985882202808504138, 0.4610651239508122834 ) ) ;
#5424 = EDGE_CURVE ( 'NONE', #3004, #3728, #5518, .T. ) ;
#5425 = AXIS2_PLACEMENT_3D ( 'NONE', #6988, #1391, #3907 ) ;
#5426 = VECTOR ( 'NONE', #2191, 1000.000000000000000 ) ;
#5427 = CARTESIAN_POINT ( 'NONE',  ( 2.449999999999999734, 3.979999999999999094, 3.199999999999998845 ) ) ;
#5428 = LINE ( 'NONE', #7894, #5348 ) ;
#5429 = ORIENTED_EDGE ( 'NONE', *, *, #682, .T. ) ;
#5430 = LINE ( 'NONE', #1750, #2737 ) ;
#5431 = VERTEX_POINT ( 'NONE', #2404 ) ;
#5432 = VECTOR ( 'NONE', #776, 1000.000000000000000 ) ;
#5433 = PLANE ( 'NONE',  #1130 ) ;
#5434 = VECTOR ( 'NONE', #5099, 1000.000000000000000 ) ;
#5435 = ORIENTED_EDGE ( 'NONE', *, *, #6686, .F. ) ;
#5436 = ADVANCED_FACE ( 'NONE', ( #4906 ), #6889, .F. ) ;
#5437 = LINE ( 'NONE', #7903, #6793 ) ;
#5438 = DIRECTION ( 'NONE',  ( -0.000000000000000000, 0.7071067811865489050, 0.7071067811865460184 ) ) ;
#5439 = AXIS2_PLACEMENT_3D ( 'NONE', #5996, #376, #457 ) ;
#5440 = VECTOR ( 'NONE', #3185, 1000.000000000000114 ) ;
#5441 = DIRECTION ( 'NONE',  ( 0.000000000000000000, -1.000000000000000000, -1.363776317591828850E-16 ) ) ;
#5442 = CARTESIAN_POINT ( 'NONE',  ( 2.890000000000000124, 2.879999999999999893, 1.369999999999999662 ) ) ;
#5443 = ORIENTED_EDGE ( 'NONE', *, *, #1813, .F. ) ;
#5444 = CARTESIAN_POINT ( 'NONE',  ( -4.500000000000000000, 0.1300000000000000600, -2.250000000000000000 ) ) ;
#5445 = ORIENTED_EDGE ( 'NONE', *, *, #1204, .T. ) ;
#5446 = PLANE ( 'NONE',  #3996 ) ;
#5447 = CARTESIAN_POINT ( 'NONE',  ( 3.700000000000000178, 0.2499999999999996392, 3.851878488843856641 ) ) ;
#5448 = EDGE_CURVE ( 'NONE', #2082, #6974, #5029, .T. ) ;
#5449 = AXIS2_PLACEMENT_3D ( 'NONE', #1846, #3108, #6041 ) ;
#5450 = ORIENTED_EDGE ( 'NONE', *, *, #4180, .F. ) ;
#5451 = PRODUCT_DEFINITION_SHAPE ( 'NONE', 'NONE',  #373 ) ;
#5452 = DIRECTION ( 'NONE',  ( 1.000000000000000000, -0.000000000000000000, -0.000000000000000000 ) ) ;
#5453 = VERTEX_POINT ( 'NONE', #6769 ) ;
#5454 = ADVANCED_FACE ( 'NONE', ( #3018 ), #1173, .T. ) ;
#5455 = CARTESIAN_POINT ( 'NONE',  ( 0.000000000000000000, 0.4300000000000000488, 3.369999999999999662 ) ) ;
#5456 =( LENGTH_UNIT ( ) NAMED_UNIT ( * ) SI_UNIT ( .MILLI., .METRE. ) );
#5457 = ORIENTED_EDGE ( 'NONE', *, *, #2721, .F. ) ;
#5458 = PLANE ( 'NONE',  #6714 ) ;
#5459 = AXIS2_PLACEMENT_3D ( 'NONE', #5598, #34, #6840 ) ;
#5460 = CARTESIAN_POINT ( 'NONE',  ( 3.900000000000000355, 0.04999999999999956563, 3.601878488843856641 ) ) ;
#5461 = EDGE_CURVE ( 'NONE', #1426, #4093, #587, .T. ) ;
#5462 = EDGE_CURVE ( 'NONE', #2797, #408, #7422, .T. ) ;
#5463 = ORIENTED_EDGE ( 'NONE', *, *, #5845, .F. ) ;
#5464 = VECTOR ( 'NONE', #190, 1000.000000000000000 ) ;
#5465 = CARTESIAN_POINT ( 'NONE',  ( -4.700000000000000178, 2.879999999999999893, 3.399999999999998579 ) ) ;
#5466 = DIRECTION ( 'NONE',  ( -0.5220483011439811527, 0.000000000000000000, 0.8529159227454270464 ) ) ;
#5467 = ORIENTED_EDGE ( 'NONE', *, *, #2938, .F. ) ;
#5468 = AXIS2_PLACEMENT_3D ( 'NONE', #2606, #1994, #4499 ) ;
#5469 = EDGE_CURVE ( 'NONE', #5285, #5393, #4417, .T. ) ;
#5470 = ORIENTED_EDGE ( 'NONE', *, *, #4094, .F. ) ;
#5471 = CARTESIAN_POINT ( 'NONE',  ( -0.8900000000000000133, 2.614371549809415551, 3.553360657221955154 ) ) ;
#5472 = AXIS2_PLACEMENT_3D ( 'NONE', #1792, #6716, #8024 ) ;
#5473 = SURFACE_SIDE_STYLE ('',( #3100 ) ) ;
#5474 = CARTESIAN_POINT ( 'NONE',  ( -4.700000000000000178, 3.979999999999999094, 3.199999999999998845 ) ) ;
#5475 = ORIENTED_EDGE ( 'NONE', *, *, #3808, .T. ) ;
#5476 = CARTESIAN_POINT ( 'NONE',  ( -6.400000000000000355, 0.000000000000000000, 1.369999999999999662 ) ) ;
#5477 = EDGE_CURVE ( 'NONE', #1313, #2048, #3102, .T. ) ;
#5478 = ORIENTED_EDGE ( 'NONE', *, *, #3514, .T. ) ;
#5479 = PRESENTATION_LAYER_ASSIGNMENT (  '', '', ( #1031 ) ) ;
#5480 = LINE ( 'NONE', #5608, #2698 ) ;
#5481 = ORIENTED_EDGE ( 'NONE', *, *, #3985, .F. ) ;
#5482 = AXIS2_PLACEMENT_3D ( 'NONE', #1652, #7198, #6700 ) ;
#5483 = DIRECTION ( 'NONE',  ( 0.000000000000000000, 0.000000000000000000, -1.000000000000000000 ) ) ;
#5484 = VECTOR ( 'NONE', #6025, 1000.000000000000000 ) ;
#5485 = LINE ( 'NONE', #2980, #2447 ) ;
#5486 = CARTESIAN_POINT ( 'NONE',  ( -4.700000000000000178, 3.979999999999999094, 2.600000000000000089 ) ) ;
#5487 = DIRECTION ( 'NONE',  ( -0.000000000000000000, 1.000000000000000000, -0.000000000000000000 ) ) ;
#5488 = EDGE_LOOP ( 'NONE', ( #2332, #7535, #7954, #1889, #3686, #6710, #5514 ) ) ;
#5489 = DIRECTION ( 'NONE',  ( -0.000000000000000000, -0.7071067811865474617, 0.7071067811865474617 ) ) ;
#5490 = ORIENTED_EDGE ( 'NONE', *, *, #1499, .T. ) ;
#5491 = LINE ( 'NONE', #982, #5566 ) ;
#5492 = VECTOR ( 'NONE', #2791, 1000.000000000000114 ) ;
#5493 = ORIENTED_EDGE ( 'NONE', *, *, #5588, .F. ) ;
#5494 = VERTEX_POINT ( 'NONE', #4995 ) ;
#5495 = DIRECTION ( 'NONE',  ( 0.6427876096865392519, 0.000000000000000000, -0.7660444431189780135 ) ) ;
#5496 = LINE ( 'NONE', #8048, #3343 ) ;
#5497 =( NAMED_UNIT ( * ) PLANE_ANGLE_UNIT ( ) SI_UNIT ( $, .RADIAN. ) );
#5498 = VERTEX_POINT ( 'NONE', #7461 ) ;
#5499 = CARTESIAN_POINT ( 'NONE',  ( -4.885291592274543682, 0.3300000000000001266, 0.6522048301143489324 ) ) ;
#5500 = VECTOR ( 'NONE', #1042, 1000.000000000000000 ) ;
#5501 = LINE ( 'NONE', #5949, #3793 ) ;
#5502 = CARTESIAN_POINT ( 'NONE',  ( 2.089999999999999858, 2.614371549809415551, 3.553360657221955154 ) ) ;
#5503 = CARTESIAN_POINT ( 'NONE',  ( -4.700000000000000178, 5.379999999999999893, 3.100000000000000089 ) ) ;
#5504 = CARTESIAN_POINT ( 'NONE',  ( -4.700000000000000178, 5.379999999999999893, 3.100000000000000089 ) ) ;
#5505 = ORIENTED_EDGE ( 'NONE', *, *, #2509, .F. ) ;
#5506 = ADVANCED_FACE ( 'NONE', ( #6845 ), #6276, .T. ) ;
#5507 = EDGE_CURVE ( 'NONE', #6162, #143, #5643, .T. ) ;
#5508 = ORIENTED_EDGE ( 'NONE', *, *, #569, .F. ) ;
#5509 =( GEOMETRIC_REPRESENTATION_CONTEXT ( 3 ) GLOBAL_UNCERTAINTY_ASSIGNED_CONTEXT ( ( #542 ) ) GLOBAL_UNIT_ASSIGNED_CONTEXT ( ( #2993, #3578, #7323 ) ) REPRESENTATION_CONTEXT ( 'NONE', 'WORKASPACE' ) );
#5510 = CARTESIAN_POINT ( 'NONE',  ( 0.7100000000000000755, 0.4300000000000000488, 0.000000000000000000 ) ) ;
#5511 = EDGE_CURVE ( 'NONE', #1852, #7840, #4867, .T. ) ;
#5512 = DIRECTION ( 'NONE',  ( 0.000000000000000000, 0.000000000000000000, -1.000000000000000000 ) ) ;
#5513 = VERTEX_POINT ( 'NONE', #5789 ) ;
#5514 = ORIENTED_EDGE ( 'NONE', *, *, #3863, .F. ) ;
#5515 = CARTESIAN_POINT ( 'NONE',  ( 1.510000000000000009, 2.879999999999999893, 3.399999999999998579 ) ) ;
#5516 = LINE ( 'NONE', #3637, #7386 ) ;
#5517 = LINE ( 'NONE', #7296, #6467 ) ;
#5518 = LINE ( 'NONE', #37, #3385 ) ;
#5519 = ORIENTED_EDGE ( 'NONE', *, *, #4731, .F. ) ;
#5520 = FACE_OUTER_BOUND ( 'NONE', #5293, .T. ) ;
#5521 = VERTEX_POINT ( 'NONE', #879 ) ;
#5522 = DIRECTION ( 'NONE',  ( 0.000000000000000000, -0.000000000000000000, -1.000000000000000000 ) ) ;
#5523 = ADVANCED_FACE ( 'NONE', ( #6349 ), #7084, .T. ) ;
#5524 = CARTESIAN_POINT ( 'NONE',  ( -5.500000000000000000, 2.200000000000000178, 3.899999999999999467 ) ) ;
#5525 = CARTESIAN_POINT ( 'NONE',  ( 2.890000000000000124, 2.879999999999999893, 3.369999999999999662 ) ) ;
#5526 = EDGE_CURVE ( 'NONE', #6957, #3796, #6471, .T. ) ;
#5527 = DIRECTION ( 'NONE',  ( -1.000000000000000000, 0.000000000000000000, 0.000000000000000000 ) ) ;
#5528 = PLANE ( 'NONE',  #7373 ) ;
#5529 = ORIENTED_EDGE ( 'NONE', *, *, #3766, .F. ) ;
#5530 = LINE ( 'NONE', #2985, #5869 ) ;
#5531 = VERTEX_POINT ( 'NONE', #3924 ) ;
#5532 = DIRECTION ( 'NONE',  ( 0.000000000000000000, 1.363776317591828850E-16, -1.000000000000000000 ) ) ;
#5533 = ORIENTED_EDGE ( 'NONE', *, *, #1151, .T. ) ;
#5534 = LINE ( 'NONE', #1817, #5600 ) ;
#5535 = ORIENTED_EDGE ( 'NONE', *, *, #6534, .T. ) ;
#5536 = DIRECTION ( 'NONE',  ( 0.000000000000000000, 0.000000000000000000, 1.000000000000000000 ) ) ;
#5537 = CARTESIAN_POINT ( 'NONE',  ( -4.799999999999998934, -0.5677951698855995266, 0.6999999999999511058 ) ) ;
#5538 = DIRECTION ( 'NONE',  ( 0.000000000000000000, 0.000000000000000000, 1.000000000000000000 ) ) ;
#5539 = ORIENTED_EDGE ( 'NONE', *, *, #3944, .F. ) ;
#5540 = LINE ( 'NONE', #2199, #7283 ) ;
#5541 = FACE_OUTER_BOUND ( 'NONE', #6151, .T. ) ;
#5542 = DIRECTION ( 'NONE',  ( 1.000000000000000000, 0.000000000000000000, 0.000000000000000000 ) ) ;
#5543 = ORIENTED_EDGE ( 'NONE', *, *, #3097, .T. ) ;
#5544 = CARTESIAN_POINT ( 'NONE',  ( 1.149999999999999911, 1.835969349108944604, 2.600000000000000089 ) ) ;
#5545 = EDGE_CURVE ( 'NONE', #4161, #735, #5876, .T. ) ;
#5546 = LINE ( 'NONE', #231, #7430 ) ;
#5547 = LINE ( 'NONE', #5510, #2999 ) ;
#5548 = CARTESIAN_POINT ( 'NONE',  ( -0.7499999999999997780, 3.979999999999999094, 3.199999999999998845 ) ) ;
#5549 = ORIENTED_EDGE ( 'NONE', *, *, #4384, .T. ) ;
#5550 = DIRECTION ( 'NONE',  ( 1.144344205099612874E-16, 1.000000000000000000, 1.363776317591828850E-16 ) ) ;
#5551 = VERTEX_POINT ( 'NONE', #1953 ) ;
#5552 = EDGE_CURVE ( 'NONE', #4740, #967, #744, .T. ) ;
#5553 = EDGE_CURVE ( 'NONE', #5068, #1463, #3262, .T. ) ;
#5554 = CARTESIAN_POINT ( 'NONE',  ( 2.506691636835538528, 0.4300000000000000488, 2.103364027943873005 ) ) ;
#5555 = EDGE_CURVE ( 'NONE', #6414, #3303, #5234, .T. ) ;
#5556 = DIRECTION ( 'NONE',  ( -1.000000000000000000, 0.000000000000000000, 0.000000000000000000 ) ) ;
#5557 = ORIENTED_EDGE ( 'NONE', *, *, #7718, .T. ) ;
#5558 = VECTOR ( 'NONE', #1566, 1000.000000000000000 ) ;
#5559 = DIRECTION ( 'NONE',  ( -0.000000000000000000, 0.000000000000000000, -1.000000000000000000 ) ) ;
#5560 = ORIENTED_EDGE ( 'NONE', *, *, #3512, .T. ) ;
#5561 = CARTESIAN_POINT ( 'NONE',  ( -0.3099999999999999423, 3.548505796534330958, 3.553360657221955154 ) ) ;
#5562 = ORIENTED_EDGE ( 'NONE', *, *, #5400, .F. ) ;
#5563 = ORIENTED_EDGE ( 'NONE', *, *, #7656, .F. ) ;
#5564 = EDGE_CURVE ( 'NONE', #7990, #5120, #2599, .T. ) ;
#5565 = AXIS2_PLACEMENT_3D ( 'NONE', #6169, #3067, #554 ) ;
#5566 = VECTOR ( 'NONE', #4794, 1000.000000000000000 ) ;
#5567 = CARTESIAN_POINT ( 'NONE',  ( -3.950000000000000178, 5.379999999999999893, 2.600000000000000089 ) ) ;
#5568 = DIRECTION ( 'NONE',  ( 1.000000000000000000, 0.000000000000000000, -0.000000000000000000 ) ) ;
#5569 = DIRECTION ( 'NONE',  ( -0.000000000000000000, -0.000000000000000000, 1.000000000000000000 ) ) ;
#5570 = CARTESIAN_POINT ( 'NONE',  ( 2.089999999999999858, 2.879999999999999893, 3.369999999999999662 ) ) ;
#5571 = VERTEX_POINT ( 'NONE', #1365 ) ;
#5572 = VECTOR ( 'NONE', #6641, 1000.000000000000000 ) ;
#5573 = PLANE ( 'NONE',  #6117 ) ;
#5574 = VECTOR ( 'NONE', #374, 1000.000000000000000 ) ;
#5575 = VERTEX_POINT ( 'NONE', #5145 ) ;
#5576 = ORIENTED_EDGE ( 'NONE', *, *, #996, .T. ) ;
#5577 = CARTESIAN_POINT ( 'NONE',  ( 3.689999999999999947, 2.879999999999999893, 1.369999999999999662 ) ) ;
#5578 = ORIENTED_EDGE ( 'NONE', *, *, #504, .T. ) ;
#5579 = VECTOR ( 'NONE', #4822, 1000.000000000000114 ) ;
#5580 = AXIS2_PLACEMENT_3D ( 'NONE', #6436, #4423, #6898 ) ;
#5581 = LINE ( 'NONE', #21, #7557 ) ;
#5582 = LINE ( 'NONE', #6137, #2686 ) ;
#5583 = ORIENTED_EDGE ( 'NONE', *, *, #74, .T. ) ;
#5584 = DIRECTION ( 'NONE',  ( 0.000000000000000000, 0.000000000000000000, 1.000000000000000000 ) ) ;
#5585 = CARTESIAN_POINT ( 'NONE',  ( 0.8500000000000000888, 3.979999999999998206, 2.600000000000000089 ) ) ;
#5586 = VECTOR ( 'NONE', #506, 1000.000000000000000 ) ;
#5587 = AXIS2_PLACEMENT_3D ( 'NONE', #6269, #658, #3168 ) ;
#5588 = EDGE_CURVE ( 'NONE', #1264, #715, #3387, .T. ) ;
#5589 = SHAPE_DEFINITION_REPRESENTATION ( #3707, #2520 ) ;
#5590 = ORIENTED_EDGE ( 'NONE', *, *, #7773, .F. ) ;
#5591 = VERTEX_POINT ( 'NONE', #1455 ) ;
#5592 = DIRECTION ( 'NONE',  ( -0.000000000000000000, 0.7071067811865474617, -0.7071067811865474617 ) ) ;
#5593 = AXIS2_PLACEMENT_3D ( 'NONE', #3908, #6990, #6413 ) ;
#5594 = LINE ( 'NONE', #7451, #4199 ) ;
#5595 = LINE ( 'NONE', #1741, #455 ) ;
#5596 = EDGE_LOOP ( 'NONE', ( #1379, #6595, #3216, #1273, #5597, #617 ) ) ;
#5597 = ORIENTED_EDGE ( 'NONE', *, *, #51, .F. ) ;
#5598 = CARTESIAN_POINT ( 'NONE',  ( -4.000000000000000000, 0.000000000000000000, 1.369999999999999662 ) ) ;
#5599 = ADVANCED_FACE ( 'NONE', ( #1990 ), #1409, .F. ) ;
#5600 = VECTOR ( 'NONE', #1971, 1000.000000000000000 ) ;
#5601 = ORIENTED_EDGE ( 'NONE', *, *, #7916, .F. ) ;
#5602 = CARTESIAN_POINT ( 'NONE',  ( -0.8894293243720463593, 4.264535791843631962, 2.600637887876406928 ) ) ;
#5603 = AXIS2_PLACEMENT_3D ( 'NONE', #7444, #6869, #3795 ) ;
#5604 = CARTESIAN_POINT ( 'NONE',  ( 2.449999999999999734, 3.979999999999999094, -2.250000000000001332 ) ) ;
#5605 = ORIENTED_EDGE ( 'NONE', *, *, #7671, .T. ) ;
#5606 = CARTESIAN_POINT ( 'NONE',  ( 0.000000000000000000, 5.379999999999999893, 3.199999999999998845 ) ) ;
#5607 = EDGE_LOOP ( 'NONE', ( #514, #2142, #3535, #4987, #5255 ) ) ;
#5608 = CARTESIAN_POINT ( 'NONE',  ( 3.900000000000000355, 1.412288678607071191, 3.601878488843856196 ) ) ;
#5609 = VERTEX_POINT ( 'NONE', #7534 ) ;
#5610 = PRODUCT_DEFINITION ( 'UNKNOWN', '', #5105, #2679 ) ;
#5611 = VECTOR ( 'NONE', #4535, 1000.000000000000227 ) ;
#5612 = LINE ( 'NONE', #6120, #7531 ) ;
#5613 = LINE ( 'NONE', #7986, #1442 ) ;
#5614 = DIRECTION ( 'NONE',  ( 0.000000000000000000, 0.000000000000000000, 1.000000000000000000 ) ) ;
#5615 =( BOUNDED_CURVE ( )  B_SPLINE_CURVE ( 3, ( #4232, #2543, #5019, #3798 ),
 .UNSPECIFIED., .F., .T. ) 
 B_SPLINE_CURVE_WITH_KNOTS ( ( 4, 4 ),
 ( -1.776356839400250465E-15, 0.5492507181840580177 ),
 .UNSPECIFIED. ) 
 CURVE ( )  GEOMETRIC_REPRESENTATION_ITEM ( )  RATIONAL_B_SPLINE_CURVE ( ( 1.000000000000000000, 0.9750179084505949945, 0.9750179084505949945, 1.000000000000000000 ) ) 
 REPRESENTATION_ITEM ( '' )  );
#5616 = EDGE_CURVE ( 'NONE', #3560, #6235, #1329, .T. ) ;
#5617 = ORIENTED_EDGE ( 'NONE', *, *, #4192, .F. ) ;
#5618 = PLANE ( 'NONE',  #6511 ) ;
#5619 = ORIENTED_EDGE ( 'NONE', *, *, #2365, .F. ) ;
#5620 = ORIENTED_EDGE ( 'NONE', *, *, #5448, .T. ) ;
#5621 = DIRECTION ( 'NONE',  ( 0.7071067811865470176, -0.000000000000000000, 0.7071067811865480168 ) ) ;
#5622 = ORIENTED_EDGE ( 'NONE', *, *, #2074, .T. ) ;
#5623 = VERTEX_POINT ( 'NONE', #2562 ) ;
#5624 = VECTOR ( 'NONE', #4342, 1000.000000000000000 ) ;
#5625 = DIRECTION ( 'NONE',  ( -1.000000000000000000, 0.000000000000000000, 0.000000000000000000 ) ) ;
#5626 = ORIENTED_EDGE ( 'NONE', *, *, #3350, .T. ) ;
#5627 = DIRECTION ( 'NONE',  ( -1.000000000000000000, 0.000000000000000000, 0.000000000000000000 ) ) ;
#5628 = AXIS2_PLACEMENT_3D ( 'NONE', #2630, #5906, #7635 ) ;
#5629 = ORIENTED_EDGE ( 'NONE', *, *, #2174, .F. ) ;
#5630 = PLANE ( 'NONE',  #4981 ) ;
#5631 = VECTOR ( 'NONE', #3480, 1000.000000000000000 ) ;
#5632 = EDGE_CURVE ( 'NONE', #5989, #4826, #3215, .T. ) ;
#5633 = CARTESIAN_POINT ( 'NONE',  ( 1.650000000000000133, 5.379999999999999893, 3.199999999999998845 ) ) ;
#5634 = DIRECTION ( 'NONE',  ( -0.000000000000000000, -1.000000000000000000, -0.000000000000000000 ) ) ;
#5635 = LINE ( 'NONE', #3050, #3490 ) ;
#5636 = EDGE_LOOP ( 'NONE', ( #4226, #1013, #1879, #1847 ) ) ;
#5637 = ORIENTED_EDGE ( 'NONE', *, *, #4106, .F. ) ;
#5638 = CARTESIAN_POINT ( 'NONE',  ( 3.700000000000000178, 2.384618803272978926, 3.659299827525883231 ) ) ;
#5639 = ORIENTED_EDGE ( 'NONE', *, *, #2402, .F. ) ;
#5640 =( REPRESENTATION_RELATIONSHIP ('NONE','NONE', #3360, #2520 ) REPRESENTATION_RELATIONSHIP_WITH_TRANSFORMATION ( #3533 )SHAPE_REPRESENTATION_RELATIONSHIP( ) );
#5641 = CARTESIAN_POINT ( 'NONE',  ( -2.324999999999999734, 2.273782217350890367, 3.750000000000000000 ) ) ;
#5642 = VERTEX_POINT ( 'NONE', #152 ) ;
#5643 = LINE ( 'NONE', #2522, #3124 ) ;
#5644 = ORIENTED_EDGE ( 'NONE', *, *, #920, .T. ) ;
#5645 = LINE ( 'NONE', #3775, #4576 ) ;
#5646 = VERTEX_POINT ( 'NONE', #5072 ) ;
#5647 = EDGE_LOOP ( 'NONE', ( #2436, #6092, #5366, #2228 ) ) ;
#5648 = DIRECTION ( 'NONE',  ( 0.000000000000000000, 0.000000000000000000, 1.000000000000000000 ) ) ;
#5649 = CARTESIAN_POINT ( 'NONE',  ( 3.500000000000000000, 0.4300000000000001044, -3.798121511156143715 ) ) ;
#5650 = CARTESIAN_POINT ( 'NONE',  ( -5.500000000000000000, 4.979999999999999538, 3.600000000000000089 ) ) ;
#5651 = FACE_OUTER_BOUND ( 'NONE', #1061, .T. ) ;
#5652 = ORIENTED_EDGE ( 'NONE', *, *, #2902, .T. ) ;
#5653 = EDGE_CURVE ( 'NONE', #5989, #299, #2678, .T. ) ;
#5654 = CYLINDRICAL_SURFACE ( 'NONE', #7426, 0.04999999999999969746 ) ;
#5655 = VERTEX_POINT ( 'NONE', #6962 ) ;
#5656 = CARTESIAN_POINT ( 'NONE',  ( -0.3099999999999999423, 1.379999999999999671, 1.369999999999999662 ) ) ;
#5657 = ITEM_DEFINED_TRANSFORMATION ( 'NONE', 'NONE', #1956,  #1711 ) ;
#5658 = EDGE_CURVE ( 'NONE', #3198, #1958, #82, .T. ) ;
#5659 = ADVANCED_FACE ( 'NONE', ( #6930 ), #7649, .F. ) ;
#5660 = DIRECTION ( 'NONE',  ( 1.000000000000000000, 0.000000000000000000, 0.000000000000000000 ) ) ;
#5661 = VERTEX_POINT ( 'NONE', #830 ) ;
#5662 = EDGE_CURVE ( 'NONE', #6067, #151, #5832, .T. ) ;
#5663 = DIRECTION ( 'NONE',  ( 0.000000000000000000, 0.000000000000000000, 1.000000000000000000 ) ) ;
#5664 = DIRECTION ( 'NONE',  ( -0.000000000000000000, 1.000000000000000000, -0.000000000000000000 ) ) ;
#5665 = ORIENTED_EDGE ( 'NONE', *, *, #446, .F. ) ;
#5666 = LINE ( 'NONE', #2323, #988 ) ;
#5667 = ADVANCED_FACE ( 'NONE', ( #5272 ), #3710, .F. ) ;
#5668 = DIRECTION ( 'NONE',  ( 1.000000000000000000, -0.000000000000000000, -0.000000000000000000 ) ) ;
#5669 = CARTESIAN_POINT ( 'NONE',  ( -5.500000000000000000, 3.880000000000002558, 3.100000000000000089 ) ) ;
#5670 = DIRECTION ( 'NONE',  ( 0.000000000000000000, 0.000000000000000000, 1.000000000000000000 ) ) ;
#5671 = VERTEX_POINT ( 'NONE', #2239 ) ;
#5672 = ORIENTED_EDGE ( 'NONE', *, *, #7763, .F. ) ;
#5673 = FACE_OUTER_BOUND ( 'NONE', #6978, .T. ) ;
#5674 = VERTEX_POINT ( 'NONE', #325 ) ;
#5675 = EDGE_CURVE ( 'NONE', #2350, #1867, #1536, .T. ) ;
#5676 = LINE ( 'NONE', #6888, #317 ) ;
#5677 = ORIENTED_EDGE ( 'NONE', *, *, #673, .F. ) ;
#5678 = LINE ( 'NONE', #6236, #348 ) ;
#5679 = EDGE_LOOP ( 'NONE', ( #1217, #1091, #5354, #824 ) ) ;
#5680 = ORIENTED_EDGE ( 'NONE', *, *, #344, .F. ) ;
#5681 = CARTESIAN_POINT ( 'NONE',  ( -3.510000000000000675, 2.879999999999999893, 1.369999999999999662 ) ) ;
#5682 = ORIENTED_EDGE ( 'NONE', *, *, #504, .F. ) ;
#5683 = EDGE_CURVE ( 'NONE', #7558, #831, #5540, .T. ) ;
#5684 = DIRECTION ( 'NONE',  ( 0.000000000000000000, 1.000000000000000000, 0.000000000000000000 ) ) ;
#5685 = CARTESIAN_POINT ( 'NONE',  ( 4.500000000000000000, 0.1300000000000000600, -2.150000000000000799 ) ) ;
#5686 = LINE ( 'NONE', #3933, #5324 ) ;
#5687 = EDGE_LOOP ( 'NONE', ( #586, #4841, #6187, #6639 ) ) ;
#5688 = LINE ( 'NONE', #49, #93 ) ;
#5689 = VERTEX_POINT ( 'NONE', #2429 ) ;
#5690 = DIRECTION ( 'NONE',  ( -0.000000000000000000, 1.000000000000000000, -0.000000000000000000 ) ) ;
#5691 = CLOSED_SHELL ( 'NONE', ( #7792, #3778, #4751, #6717, #2288, #7577, #4305, #4567, #6159, #4346, #298, #2144 ) ) ;
#5693 = ADVANCED_FACE ( 'NONE', ( #4657 ), #5913, .T. ) ;
#5692 = CONTEXT_DEPENDENT_SHAPE_REPRESENTATION ( #7699, #1797 ) ;
#5694 = CARTESIAN_POINT ( 'NONE',  ( -5.220583184549083988, -0.5199999999999974643, 0.1044096602287949982 ) ) ;
#5695 = VECTOR ( 'NONE', #6520, 1000.000000000000000 ) ;
#5696 = VECTOR ( 'NONE', #3821, 1000.000000000000000 ) ;
#5697 = ORIENTED_EDGE ( 'NONE', *, *, #6427, .T. ) ;
#5698 = DIRECTION ( 'NONE',  ( 1.144344205099612874E-16, -1.000000000000000000, -1.363776317591828850E-16 ) ) ;
#5699 = CARTESIAN_POINT ( 'NONE',  ( 3.700000000000000178, 0.1500000000000001332, 4.501878488843855664 ) ) ;
#5700 = DIRECTION ( 'NONE',  ( 1.000000000000000000, 0.000000000000000000, 0.000000000000000000 ) ) ;
#5701 = ADVANCED_FACE ( 'NONE', ( #4079 ), #4933, .F. ) ;
#5702 = AXIS2_PLACEMENT_3D ( 'NONE', #1011, #2849, #4744 ) ;
#5703 = VECTOR ( 'NONE', #4600, 1000.000000000000000 ) ;
#5704 = VERTEX_POINT ( 'NONE', #4042 ) ;
#5705 = DIRECTION ( 'NONE',  ( 1.000000000000000000, 0.000000000000000000, 0.000000000000000000 ) ) ;
#5706 = EDGE_CURVE ( 'NONE', #5848, #811, #244, .T. ) ;
#5707 = LINE ( 'NONE', #2587, #4983 ) ;
#5708 = CARTESIAN_POINT ( 'NONE',  ( -5.249999999999995559, -0.5300568462028509842, -0.03708463221823188327 ) ) ;
#5709 = CYLINDRICAL_SURFACE ( 'NONE', #6199, 0.2000000000000002054 ) ;
#5710 = CIRCLE ( 'NONE', #6865, 0.2000000000000000944 ) ;
#5711 = AXIS2_PLACEMENT_3D ( 'NONE', #1064, #3566, #5895 ) ;
#5712 = ORIENTED_EDGE ( 'NONE', *, *, #4101, .F. ) ;
#5713 = EDGE_CURVE ( 'NONE', #4457, #7829, #6516, .T. ) ;
#5714 = ORIENTED_EDGE ( 'NONE', *, *, #205, .F. ) ;
#5715 = CARTESIAN_POINT ( 'NONE',  ( -2.850000000000000089, 4.380000000000001670, 3.600000000000000089 ) ) ;
#5716 = CIRCLE ( 'NONE', #3628, 0.2500000000000002220 ) ;
#5717 = VERTEX_POINT ( 'NONE', #7735 ) ;
#5718 = DIRECTION ( 'NONE',  ( 1.144344205099612874E-16, -1.000000000000000000, -1.363776317591828850E-16 ) ) ;
#5719 = ORIENTED_EDGE ( 'NONE', *, *, #7763, .T. ) ;
#5720 = VECTOR ( 'NONE', #73, 1000.000000000000000 ) ;
#5721 = ORIENTED_EDGE ( 'NONE', *, *, #1202, .T. ) ;
#5722 = ORIENTED_EDGE ( 'NONE', *, *, #7873, .T. ) ;
#5723 = FACE_OUTER_BOUND ( 'NONE', #7000, .T. ) ;
#5724 = VECTOR ( 'NONE', #4477, 1000.000000000000000 ) ;
#5725 = FACE_OUTER_BOUND ( 'NONE', #590, .T. ) ;
#5726 = CARTESIAN_POINT ( 'NONE',  ( 5.500000000000000000, 3.880000000000003002, 3.750000000000000000 ) ) ;
#5727 = EDGE_CURVE ( 'NONE', #1030, #4161, #1619, .T. ) ;
#5728 = VERTEX_POINT ( 'NONE', #2156 ) ;
#5729 = ADVANCED_FACE ( 'NONE', ( #368 ), #5308, .T. ) ;
#5730 = DIRECTION ( 'NONE',  ( -1.000000000000000000, 0.000000000000000000, 0.000000000000000000 ) ) ;
#5731 = ORIENTED_EDGE ( 'NONE', *, *, #3663, .F. ) ;
#5732 = AXIS2_PLACEMENT_3D ( 'NONE', #1996, #753, #3896 ) ;
#5733 = CARTESIAN_POINT ( 'NONE',  ( 3.299999999999999822, 0.1000000000000000056, -3.598121511156143537 ) ) ;
#5734 = CARTESIAN_POINT ( 'NONE',  ( -5.500000000000000000, 5.380000000000001670, 3.750000000000000000 ) ) ;
#5735 = DIRECTION ( 'NONE',  ( 0.000000000000000000, -0.000000000000000000, -1.000000000000000000 ) ) ;
#5736 = AXIS2_PLACEMENT_3D ( 'NONE', #1275, #5627, #765 ) ;
#5737 = VERTEX_POINT ( 'NONE', #7166 ) ;
#5738 = CARTESIAN_POINT ( 'NONE',  ( -2.049999999999999822, 3.979999999999998206, 2.600000000000000089 ) ) ;
#5739 = DIRECTION ( 'NONE',  ( 0.000000000000000000, 1.000000000000000000, 0.000000000000000000 ) ) ;
#5740 = DIRECTION ( 'NONE',  ( 0.000000000000000000, 1.000000000000000000, 1.363776317591828850E-16 ) ) ;
#5741 = AXIS2_PLACEMENT_3D ( 'NONE', #1965, #2574, #5082 ) ;
#5742 = EDGE_LOOP ( 'NONE', ( #1704, #7589, #2081, #5750, #6742, #743 ) ) ;
#5743 = LINE ( 'NONE', #5779, #1907 ) ;
#5744 = CARTESIAN_POINT ( 'NONE',  ( 0.000000000000000000, 0.3300000000000001266, -2.250000000000000000 ) ) ;
#5745 = CARTESIAN_POINT ( 'NONE',  ( 3.700000000000000178, -2.778268066994105112E-16, 3.651878488843856463 ) ) ;
#5746 = FACE_OUTER_BOUND ( 'NONE', #52, .T. ) ;
#5747 = CARTESIAN_POINT ( 'NONE',  ( 3.110000000000000320, 1.379999999999999671, 3.369999999999999662 ) ) ;
#5748 = VECTOR ( 'NONE', #4280, 1000.000000000000000 ) ;
#5749 = ORIENTED_EDGE ( 'NONE', *, *, #149, .T. ) ;
#5750 = ORIENTED_EDGE ( 'NONE', *, *, #4467, .T. ) ;
#5751 = EDGE_CURVE ( 'NONE', #1369, #4847, #6550, .T. ) ;
#5752 = VECTOR ( 'NONE', #6136, 1000.000000000000000 ) ;
#5753 = EDGE_CURVE ( 'NONE', #2397, #3850, #6591, .T. ) ;
#5754 = DIRECTION ( 'NONE',  ( -1.000000000000000000, 0.000000000000000000, 0.000000000000000000 ) ) ;
#5755 = CARTESIAN_POINT ( 'NONE',  ( 1.950000000000000178, 3.979999999999998206, 2.600000000000000089 ) ) ;
#5756 = CARTESIAN_POINT ( 'NONE',  ( 3.700000000000000178, 0.04999999999999956563, 3.651878488843856463 ) ) ;
#5757 = ORIENTED_EDGE ( 'NONE', *, *, #1557, .F. ) ;
#5758 = CARTESIAN_POINT ( 'NONE',  ( 5.500000000000000000, 5.380000000000001670, 3.750000000000000000 ) ) ;
#5759 = ORIENTED_EDGE ( 'NONE', *, *, #2341, .T. ) ;
#5760 = AXIS2_PLACEMENT_3D ( 'NONE', #7265, #7186, #937 ) ;
#5761 = ORIENTED_EDGE ( 'NONE', *, *, #5216, .T. ) ;
#5762 = ORIENTED_EDGE ( 'NONE', *, *, #1218, .F. ) ;
#5763 = CARTESIAN_POINT ( 'NONE',  ( 2.890000000000000124, 2.614371549809415551, 3.553360657221955154 ) ) ;
#5764 = DIRECTION ( 'NONE',  ( 0.000000000000000000, 0.000000000000000000, -1.000000000000000000 ) ) ;
#5765 = CARTESIAN_POINT ( 'NONE',  ( -2.850000000000000089, 1.835969349108944604, 2.600000000000000089 ) ) ;
#5766 = ORIENTED_EDGE ( 'NONE', *, *, #7873, .F. ) ;
#5767 = FACE_OUTER_BOUND ( 'NONE', #7485, .T. ) ;
#5768 = ORIENTED_EDGE ( 'NONE', *, *, #4488, .T. ) ;
#5769 = DIRECTION ( 'NONE',  ( 0.000000000000000000, 0.000000000000000000, -1.000000000000000000 ) ) ;
#5770 = VERTEX_POINT ( 'NONE', #7407 ) ;
#5771 = EDGE_CURVE ( 'NONE', #1952, #124, #958, .T. ) ;
#5772 = LINE ( 'NONE', #101, #3403 ) ;
#5773 = DIRECTION ( 'NONE',  ( -0.000000000000000000, -0.7071067811865474617, 0.7071067811865474617 ) ) ;
#5774 = ORIENTED_EDGE ( 'NONE', *, *, #6960, .F. ) ;
#5775 = DIRECTION ( 'NONE',  ( -1.000000000000000000, 0.000000000000000000, 2.990902544787598592E-16 ) ) ;
#5776 = DIRECTION ( 'NONE',  ( 1.000000000000000000, -0.000000000000000000, -0.000000000000000000 ) ) ;
#5777 = DIRECTION ( 'NONE',  ( 0.000000000000000000, 0.000000000000000000, 1.000000000000000000 ) ) ;
#5778 = ORIENTED_EDGE ( 'NONE', *, *, #6797, .F. ) ;
#5779 = CARTESIAN_POINT ( 'NONE',  ( -2.490000000000000657, 2.879999999999999893, 3.399999999999998579 ) ) ;
#5780 = EDGE_CURVE ( 'NONE', #7642, #237, #5501, .T. ) ;
#5781 = ORIENTED_EDGE ( 'NONE', *, *, #7923, .F. ) ;
#5782 = DIRECTION ( 'NONE',  ( -0.000000000000000000, 0.000000000000000000, -1.000000000000000000 ) ) ;
#5783 = CARTESIAN_POINT ( 'NONE',  ( -2.709999999999999964, 1.379999999999999671, 3.369999999999999662 ) ) ;
#5784 = CARTESIAN_POINT ( 'NONE',  ( 3.900000000000000355, 2.384618803272978926, 3.659299827525883231 ) ) ;
#5785 = EDGE_LOOP ( 'NONE', ( #7758, #7494, #5560, #7062 ) ) ;
#5786 = ORIENTED_EDGE ( 'NONE', *, *, #7458, .F. ) ;
#5787 = DIRECTION ( 'NONE',  ( -0.000000000000000000, 0.000000000000000000, 1.000000000000000000 ) ) ;
#5788 = EDGE_LOOP ( 'NONE', ( #659, #763, #3143, #4659 ) ) ;
#5789 = CARTESIAN_POINT ( 'NONE',  ( -0.3099999999999999423, 2.879999999999999893, 1.369999999999999662 ) ) ;
#5790 = CARTESIAN_POINT ( 'NONE',  ( -5.500000000000000000, 5.379999999999999893, 3.899999999999999911 ) ) ;
#5791 = ORIENTED_EDGE ( 'NONE', *, *, #3789, .F. ) ;
#5792 = ORIENTED_EDGE ( 'NONE', *, *, #2153, .F. ) ;
#5793 = EDGE_CURVE ( 'NONE', #1203, #2689, #7964, .T. ) ;
#5794 = EDGE_CURVE ( 'NONE', #3560, #3777, #3666, .T. ) ;
#5795 = EDGE_LOOP ( 'NONE', ( #7359, #4497, #1972, #459 ) ) ;
#5796 = EDGE_CURVE ( 'NONE', #1606, #2983, #8005, .T. ) ;
#5797 = CARTESIAN_POINT ( 'NONE',  ( -4.500000000000000000, 0.4300000000000000488, -2.150000000000000799 ) ) ;
#5798 = LINE ( 'NONE', #6400, #6083 ) ;
#5799 = VERTEX_POINT ( 'NONE', #8052 ) ;
#5800 = CARTESIAN_POINT ( 'NONE',  ( 3.299999999999999822, 0.1356428144323411078, -4.498121511156143448 ) ) ;
#5801 = ORIENTED_EDGE ( 'NONE', *, *, #7100, .T. ) ;
#5802 = EDGE_CURVE ( 'NONE', #606, #3560, #2471, .T. ) ;
#5803 = LINE ( 'NONE', #6944, #5069 ) ;
#5804 = ORIENTED_EDGE ( 'NONE', *, *, #5545, .F. ) ;
#5805 = CARTESIAN_POINT ( 'NONE',  ( 1.289999999999999813, 0.4300000000000000488, 0.000000000000000000 ) ) ;
#5806 = DIRECTION ( 'NONE',  ( 1.000000000000000000, -0.000000000000000000, -0.000000000000000000 ) ) ;
#5807 = ORIENTED_EDGE ( 'NONE', *, *, #945, .F. ) ;
#5808 = VECTOR ( 'NONE', #3544, 1000.000000000000227 ) ;
#5809 = CARTESIAN_POINT ( 'NONE',  ( -5.306217782649110148, 3.880000000000002558, 3.750000000000000000 ) ) ;
#5810 = CARTESIAN_POINT ( 'NONE',  ( 2.750000000000000444, 1.835969349108944604, 2.600000000000000089 ) ) ;
#5811 = EDGE_CURVE ( 'NONE', #4332, #1089, #6987, .T. ) ;
#5812 = ORIENTED_EDGE ( 'NONE', *, *, #1451, .F. ) ;
#5813 = DIRECTION ( 'NONE',  ( -1.000000000000000000, 0.000000000000000000, 0.000000000000000000 ) ) ;
#5814 = CARTESIAN_POINT ( 'NONE',  ( 2.089999999999999858, 2.879999999999999893, 1.369999999999999662 ) ) ;
#5815 = ORIENTED_EDGE ( 'NONE', *, *, #6292, .F. ) ;
#5816 = AXIS2_PLACEMENT_3D ( 'NONE', #1694, #2352, #7408 ) ;
#5817 = AXIS2_PLACEMENT_3D ( 'NONE', #5154, #672, #15 ) ;
#5818 = LINE ( 'NONE', #913, #7687 ) ;
#5819 = CARTESIAN_POINT ( 'NONE',  ( -4.700000000000000178, 3.979999999999999094, 3.199999999999998845 ) ) ;
#5820 = DIRECTION ( 'NONE',  ( 0.000000000000000000, -1.000000000000000000, 0.000000000000000000 ) ) ;
#5821 = LINE ( 'NONE', #953, #1521 ) ;
#5822 = EDGE_CURVE ( 'NONE', #4868, #8027, #5129, .T. ) ;
#5823 = EDGE_LOOP ( 'NONE', ( #6455, #3078, #5672, #7097 ) ) ;
#5824 = ORIENTED_EDGE ( 'NONE', *, *, #6166, .T. ) ;
#5825 = VECTOR ( 'NONE', #1880, 1000.000000000000000 ) ;
#5826 = CARTESIAN_POINT ( 'NONE',  ( -3.510000000000000675, 3.548505796534330958, 3.553360657221955154 ) ) ;
#5827 = VECTOR ( 'NONE', #7213, 1000.000000000000000 ) ;
#5828 = VECTOR ( 'NONE', #4778, 1000.000000000000000 ) ;
#5829 = VECTOR ( 'NONE', #5390, 1000.000000000000000 ) ;
#5830 = LINE ( 'NONE', #4651, #5374 ) ;
#5831 = CARTESIAN_POINT ( 'NONE',  ( -2.049999999999999822, 3.979999999999999094, -2.250000000000001332 ) ) ;
#5832 = LINE ( 'NONE', #197, #4040 ) ;
#5833 = EDGE_CURVE ( 'NONE', #7600, #5655, #610, .T. ) ;
#5834 = DIRECTION ( 'NONE',  ( -0.000000000000000000, 0.000000000000000000, -1.000000000000000000 ) ) ;
#5835 = VERTEX_POINT ( 'NONE', #1315 ) ;
#5836 = AXIS2_PLACEMENT_3D ( 'NONE', #7509, #3311, #2002 ) ;
#5837 = ORIENTED_EDGE ( 'NONE', *, *, #7599, .F. ) ;
#5838 = CARTESIAN_POINT ( 'NONE',  ( 1.510000000000000009, 2.879999999999999893, 1.369999999999999662 ) ) ;
#5839 = DIRECTION ( 'NONE',  ( -1.000000000000000000, 0.000000000000000000, 0.000000000000000000 ) ) ;
#5840 = DIRECTION ( 'NONE',  ( -0.000000000000000000, -1.000000000000000000, -0.000000000000000000 ) ) ;
#5841 = CIRCLE ( 'NONE', #2577, 0.09999999999999993616 ) ;
#5842 = EDGE_LOOP ( 'NONE', ( #3909, #1553, #4496, #1765 ) ) ;
#5843 = DIRECTION ( 'NONE',  ( -1.000000000000000000, 0.000000000000000000, 0.000000000000000000 ) ) ;
#5844 = ORIENTED_EDGE ( 'NONE', *, *, #4736, .T. ) ;
#5845 = EDGE_CURVE ( 'NONE', #737, #2198, #3833, .T. ) ;
#5846 = EDGE_CURVE ( 'NONE', #3762, #1069, #1893, .T. ) ;
#5847 = DIRECTION ( 'NONE',  ( 0.000000000000000000, -1.000000000000000000, 0.000000000000000000 ) ) ;
#5848 = VERTEX_POINT ( 'NONE', #3126 ) ;
#5849 = VECTOR ( 'NONE', #553, 1000.000000000000114 ) ;
#5850 = CARTESIAN_POINT ( 'NONE',  ( -4.700000000000000178, 2.879999999999999893, 3.399999999999998579 ) ) ;
#5851 = EDGE_CURVE ( 'NONE', #5929, #7972, #3753, .T. ) ;
#5852 = CARTESIAN_POINT ( 'NONE',  ( -0.08999999999999980238, 3.548505796534330958, 3.369999999999999662 ) ) ;
#5853 = ADVANCED_FACE ( 'NONE', ( #723 ), #2339, .T. ) ;
#5854 = CARTESIAN_POINT ( 'NONE',  ( 2.450000000000000178, 5.379999999999999893, 3.199999999999998845 ) ) ;
#5855 = EDGE_LOOP ( 'NONE', ( #7053, #4014, #4270, #7209 ) ) ;
#5856 = VECTOR ( 'NONE', #6437, 1000.000000000000114 ) ;
#5857 = CYLINDRICAL_SURFACE ( 'NONE', #2730, 0.1000000000000001582 ) ;
#5858 = CARTESIAN_POINT ( 'NONE',  ( -4.379416815450911216, -0.5200000000000042366, 0.1044096602287939435 ) ) ;
#5859 = FACE_OUTER_BOUND ( 'NONE', #5785, .T. ) ;
#5860 = ORIENTED_EDGE ( 'NONE', *, *, #7306, .F. ) ;
#5861 = FACE_OUTER_BOUND ( 'NONE', #9, .T. ) ;
#5862 = ORIENTED_EDGE ( 'NONE', *, *, #7449, .F. ) ;
#5863 = VECTOR ( 'NONE', #2510, 1000.000000000000000 ) ;
#5864 = CARTESIAN_POINT ( 'NONE',  ( -4.049999999999999822, 0.1300000000000000600, -2.250000000000000000 ) ) ;
#5865 = DIRECTION ( 'NONE',  ( -1.000000000000000000, 0.000000000000000000, 0.000000000000000000 ) ) ;
#5866 = CARTESIAN_POINT ( 'NONE',  ( -2.709999999999999964, 3.548505796534330958, 3.553360657221955154 ) ) ;
#5867 = VERTEX_POINT ( 'NONE', #3797 ) ;
#5868 = EDGE_LOOP ( 'NONE', ( #7070, #3036, #7737, #5557 ) ) ;
#5869 = VECTOR ( 'NONE', #5489, 1000.000000000000114 ) ;
#5870 = PLANE ( 'NONE',  #5205 ) ;
#5871 = EDGE_CURVE ( 'NONE', #6174, #7448, #565, .T. ) ;
#5872 = VECTOR ( 'NONE', #6545, 1000.000000000000000 ) ;
#5873 = VECTOR ( 'NONE', #2881, 1000.000000000000000 ) ;
#5874 = LINE ( 'NONE', #7814, #509 ) ;
#5875 = ORIENTED_EDGE ( 'NONE', *, *, #1268, .F. ) ;
#5876 = LINE ( 'NONE', #2079, #749 ) ;
#5877 = VERTEX_POINT ( 'NONE', #5738 ) ;
#5878 = VECTOR ( 'NONE', #3292, 1000.000000000000000 ) ;
#5879 = ORIENTED_EDGE ( 'NONE', *, *, #4192, .T. ) ;
#5880 = EDGE_CURVE ( 'NONE', #2689, #4139, #2582, .T. ) ;
#5881 = LINE ( 'NONE', #2646, #3787 ) ;
#5882 = DIRECTION ( 'NONE',  ( -0.000000000000000000, -0.000000000000000000, 1.000000000000000000 ) ) ;
#5883 = VECTOR ( 'NONE', #6816, 1000.000000000000000 ) ;
#5884 = CARTESIAN_POINT ( 'NONE',  ( 3.299999999999999822, 0.1000000000000000056, -4.498121511156143448 ) ) ;
#5885 = DIRECTION ( 'NONE',  ( -1.000000000000000000, -0.000000000000000000, -0.000000000000000000 ) ) ;
#5886 = ORIENTED_EDGE ( 'NONE', *, *, #3402, .T. ) ;
#5887 = LINE ( 'NONE', #163, #497 ) ;
#5888 = ORIENTED_EDGE ( 'NONE', *, *, #4413, .F. ) ;
#5889 = DIRECTION ( 'NONE',  ( 0.000000000000000000, 1.000000000000000000, 0.000000000000000000 ) ) ;
#5890 = ORIENTED_EDGE ( 'NONE', *, *, #5507, .T. ) ;
#5891 = VECTOR ( 'NONE', #8011, 1000.000000000000000 ) ;
#5892 = CARTESIAN_POINT ( 'NONE',  ( 4.700000000000000178, 2.879999999999999893, -2.250000000000001332 ) ) ;
#5893 =( REPRESENTATION_RELATIONSHIP ('NONE','NONE', #3360, #2520 ) REPRESENTATION_RELATIONSHIP_WITH_TRANSFORMATION ( #3193 )SHAPE_REPRESENTATION_RELATIONSHIP( ) );
#5894 = CARTESIAN_POINT ( 'NONE',  ( 4.799999999999999822, -0.5700000000000019496, -0.6999999999999997335 ) ) ;
#5895 = DIRECTION ( 'NONE',  ( 0.000000000000000000, 1.000000000000000000, 1.363776317591828850E-16 ) ) ;
#5896 = ADVANCED_FACE ( 'NONE', ( #7515 ), #684, .F. ) ;
#5897 = ORIENTED_EDGE ( 'NONE', *, *, #416, .T. ) ;
#5898 = DIRECTION ( 'NONE',  ( -1.000000000000000000, 0.000000000000000000, 0.000000000000000000 ) ) ;
#5899 = LINE ( 'NONE', #2705, #3994 ) ;
#5900 = FACE_OUTER_BOUND ( 'NONE', #5103, .T. ) ;
#5901 = DIRECTION ( 'NONE',  ( -0.000000000000000000, -0.7071067811865489050, -0.7071067811865460184 ) ) ;
#5902 = EDGE_CURVE ( 'NONE', #2988, #4240, #1860, .T. ) ;
#5903 = ORIENTED_EDGE ( 'NONE', *, *, #6832, .T. ) ;
#5904 = LINE ( 'NONE', #7275, #7768 ) ;
#5905 = ADVANCED_FACE ( 'NONE', ( #3199 ), #25, .F. ) ;
#5906 = DIRECTION ( 'NONE',  ( 0.000000000000000000, 1.363776317591828850E-16, -1.000000000000000000 ) ) ;
#5907 = PLANE ( 'NONE',  #4519 ) ;
#5908 = CARTESIAN_POINT ( 'NONE',  ( 1.149999999999999911, 4.380000000000001670, 3.600000000000000089 ) ) ;
#5909 = CARTESIAN_POINT ( 'NONE',  ( -2.930207390200319839, 3.523037859940548078, 3.028741918464202598 ) ) ;
#5910 = EDGE_CURVE ( 'NONE', #2652, #2983, #4436, .T. ) ;
#5911 = CARTESIAN_POINT ( 'NONE',  ( -2.490000000000000213, 2.879999999999999893, 3.369999999999999662 ) ) ;
#5912 = ORIENTED_EDGE ( 'NONE', *, *, #7081, .T. ) ;
#5913 = PLANE ( 'NONE',  #6894 ) ;
#5914 = ORIENTED_EDGE ( 'NONE', *, *, #583, .F. ) ;
#5915 = ORIENTED_EDGE ( 'NONE', *, *, #3768, .F. ) ;
#5916 = CARTESIAN_POINT ( 'NONE',  ( -1.250000000000000222, 3.979999999999999094, 3.199999999999998845 ) ) ;
#5917 = DIRECTION ( 'NONE',  ( 0.000000000000000000, 0.000000000000000000, -1.000000000000000000 ) ) ;
#5918 = CARTESIAN_POINT ( 'NONE',  ( 3.500000000000000000, 0.2945473795552883689, -3.886801189779353294 ) ) ;
#5919 = LINE ( 'NONE', #3469, #2310 ) ;
#5920 = CARTESIAN_POINT ( 'NONE',  ( 0.000000000000000000, 0.4300000000000000488, 3.369999999999999662 ) ) ;
#5921 = ORIENTED_EDGE ( 'NONE', *, *, #4360, .T. ) ;
#5922 = CARTESIAN_POINT ( 'NONE',  ( 4.799999999999999822, -0.7699999999999997957, 0.000000000000000000 ) ) ;
#5923 = EDGE_CURVE ( 'NONE', #2082, #5671, #5092, .T. ) ;
#5924 = ORIENTED_EDGE ( 'NONE', *, *, #5511, .T. ) ;
#5925 = PLANE ( 'NONE',  #2571 ) ;
#5926 = VERTEX_POINT ( 'NONE', #6947 ) ;
#5927 = CARTESIAN_POINT ( 'NONE',  ( 3.689999999999999947, 1.379999999999999671, 1.369999999999999662 ) ) ;
#5928 = DIRECTION ( 'NONE',  ( -0.000000000000000000, -0.8660254037844389297, 0.4999999999999993339 ) ) ;
#5929 = VERTEX_POINT ( 'NONE', #1349 ) ;
#5930 = CARTESIAN_POINT ( 'NONE',  ( 0.000000000000000000, 5.379999999999999893, 3.199999999999998845 ) ) ;
#5931 = DIRECTION ( 'NONE',  ( -1.000000000000000000, 0.000000000000000000, 0.000000000000000000 ) ) ;
#5932 = CARTESIAN_POINT ( 'NONE',  ( 3.299999999999999822, 0.1000000000000000056, -3.698121511156143626 ) ) ;
#5933 = CARTESIAN_POINT ( 'NONE',  ( -1.550000000000000266, 5.379999999999999893, 2.600000000000000089 ) ) ;
#5934 = VERTEX_POINT ( 'NONE', #7592 ) ;
#5935 = LINE ( 'NONE', #4190, #48 ) ;
#5936 = ORIENTED_EDGE ( 'NONE', *, *, #5780, .T. ) ;
#5937 = DIRECTION ( 'NONE',  ( -1.000000000000000000, 0.000000000000000000, 0.000000000000000000 ) ) ;
#5938 = CIRCLE ( 'NONE', #436, 0.2000000000000002054 ) ;
#5939 = SURFACE_STYLE_FILL_AREA ( #7157 ) ;
#5940 = EDGE_CURVE ( 'NONE', #4725, #7434, #3867, .T. ) ;
#5941 = CARTESIAN_POINT ( 'NONE',  ( -5.500000000000000000, 5.380000000000001670, 3.600000000000000089 ) ) ;
#5942 = CARTESIAN_POINT ( 'NONE',  ( -0.8900000000000001243, 3.548505796534330958, 3.553360657221955154 ) ) ;
#5943 = ORIENTED_EDGE ( 'NONE', *, *, #5196, .F. ) ;
#5944 = AXIS2_PLACEMENT_3D ( 'NONE', #6692, #2190, #1066 ) ;
#5945 = AXIS2_PLACEMENT_3D ( 'NONE', #4838, #7315, #4224 ) ;
#5946 = EDGE_CURVE ( 'NONE', #8031, #3158, #2625, .T. ) ;
#5947 = CIRCLE ( 'NONE', #2170, 0.04999999999999969746 ) ;
#5948 = VECTOR ( 'NONE', #5773, 1000.000000000000114 ) ;
#5949 = CARTESIAN_POINT ( 'NONE',  ( 5.500000000000000000, 5.379999999999999893, 3.100000000000000089 ) ) ;
#5950 = ORIENTED_EDGE ( 'NONE', *, *, #5162, .F. ) ;
#5951 = ORIENTED_EDGE ( 'NONE', *, *, #1453, .T. ) ;
#5952 = ORIENTED_EDGE ( 'NONE', *, *, #7569, .T. ) ;
#5953 = DIRECTION ( 'NONE',  ( -0.7660444431189781245, 0.000000000000000000, 0.6427876096865393629 ) ) ;
#5954 = AXIS2_PLACEMENT_3D ( 'NONE', #3498, #7043, #5224 ) ;
#5955 = VECTOR ( 'NONE', #5569, 1000.000000000000000 ) ;
#5956 = DIRECTION ( 'NONE',  ( -0.000000000000000000, 0.000000000000000000, -1.000000000000000000 ) ) ;
#5957 = FACE_OUTER_BOUND ( 'NONE', #7423, .T. ) ;
#5958 = CARTESIAN_POINT ( 'NONE',  ( -0.08999999999999980238, 3.548505796534330958, 3.369999999999999662 ) ) ;
#5959 = ORIENTED_EDGE ( 'NONE', *, *, #1404, .F. ) ;
#5960 = VECTOR ( 'NONE', #5248, 1000.000000000000000 ) ;
#5961 = DIRECTION ( 'NONE',  ( 0.000000000000000000, 0.000000000000000000, -1.000000000000000000 ) ) ;
#5962 = VERTEX_POINT ( 'NONE', #174 ) ;
#5963 = DIRECTION ( 'NONE',  ( 0.3868795754558335687, -0.7985882202808504138, 0.4610651239508122834 ) ) ;
#5964 = VERTEX_POINT ( 'NONE', #137 ) ;
#5965 = VECTOR ( 'NONE', #1110, 1000.000000000000000 ) ;
#5966 = EDGE_CURVE ( 'NONE', #3866, #7402, #2819, .T. ) ;
#5967 = CARTESIAN_POINT ( 'NONE',  ( 3.700000000000000178, 0.2499999999999996392, 3.851878488843856641 ) ) ;
#5968 = LINE ( 'NONE', #7188, #711 ) ;
#5969 = ORIENTED_EDGE ( 'NONE', *, *, #4059, .T. ) ;
#5970 = FACE_OUTER_BOUND ( 'NONE', #7778, .T. ) ;
#5971 = DIRECTION ( 'NONE',  ( -0.000000000000000000, 0.000000000000000000, -1.000000000000000000 ) ) ;
#5972 = LINE ( 'NONE', #6539, #5328 ) ;
#5973 = VECTOR ( 'NONE', #2380, 1000.000000000000000 ) ;
#5974 = EDGE_LOOP ( 'NONE', ( #378, #6801, #3983, #5644 ) ) ;
#5975 = CARTESIAN_POINT ( 'NONE',  ( 0.000000000000000000, 5.379999999999999893, 3.199999999999998845 ) ) ;
#5976 = ORIENTED_EDGE ( 'NONE', *, *, #3430, .T. ) ;
#5977 = EDGE_CURVE ( 'NONE', #6903, #3926, #4063, .T. ) ;
#5978 = DIRECTION ( 'NONE',  ( 0.000000000000000000, 0.000000000000000000, -1.000000000000000000 ) ) ;
#5979 = VECTOR ( 'NONE', #7570, 1000.000000000000000 ) ;
#5980 = DIRECTION ( 'NONE',  ( 0.000000000000000000, 0.000000000000000000, 1.000000000000000000 ) ) ;
#5981 = CARTESIAN_POINT ( 'NONE',  ( 4.799999999999999822, -0.7699999999999997957, 0.000000000000000000 ) ) ;
#5982 = DIRECTION ( 'NONE',  ( -0.000000000000000000, 0.000000000000000000, 1.000000000000000000 ) ) ;
#5983 = VECTOR ( 'NONE', #2487, 1000.000000000000000 ) ;
#5984 = PLANE ( 'NONE',  #5230 ) ;
#5985 = LINE ( 'NONE', #1740, #7163 ) ;
#5986 = AXIS2_PLACEMENT_3D ( 'NONE', #4008, #3273, #6404 ) ;
#5987 = ADVANCED_FACE ( 'NONE', ( #3979 ), #3906, .F. ) ;
#5988 = DIRECTION ( 'NONE',  ( -0.000000000000000000, 0.8660254037844389297, -0.4999999999999993339 ) ) ;
#5989 = VERTEX_POINT ( 'NONE', #3285 ) ;
#5990 = EDGE_LOOP ( 'NONE', ( #2573, #7609, #2623, #960 ) ) ;
#5991 = ADVANCED_FACE ( 'NONE', ( #6536 ), #7067, .F. ) ;
#5992 = DIRECTION ( 'NONE',  ( 0.000000000000000000, 0.000000000000000000, -1.000000000000000000 ) ) ;
#5993 = VECTOR ( 'NONE', #5592, 1000.000000000000114 ) ;
#5994 = CARTESIAN_POINT ( 'NONE',  ( -4.799999999999986500, -0.5199999999999980194, -0.7915531566348240622 ) ) ;
#5995 = LINE ( 'NONE', #2925, #5829 ) ;
#5996 = CARTESIAN_POINT ( 'NONE',  ( 3.500000000000000000, 0.3939045651229473033, -3.898121511156143359 ) ) ;
#5997 = DIRECTION ( 'NONE',  ( 1.000000000000000000, 0.000000000000000000, -0.000000000000000000 ) ) ;
#5998 = EDGE_CURVE ( 'NONE', #6553, #243, #6181, .T. ) ;
#5999 = ORIENTED_EDGE ( 'NONE', *, *, #2330, .F. ) ;
#6000 = VECTOR ( 'NONE', #7113, 1000.000000000000000 ) ;
#6001 = LINE ( 'NONE', #2929, #1423 ) ;
#6002 = ORIENTED_EDGE ( 'NONE', *, *, #6386, .F. ) ;
#6003 = ORIENTED_EDGE ( 'NONE', *, *, #3863, .T. ) ;
#6004 = EDGE_CURVE ( 'NONE', #7210, #330, #902, .T. ) ;
#6005 = VECTOR ( 'NONE', #4764, 1000.000000000000000 ) ;
#6006 = CARTESIAN_POINT ( 'NONE',  ( -4.700000000000000178, 3.979999999999999094, -2.250000000000001332 ) ) ;
#6007 = CARTESIAN_POINT ( 'NONE',  ( -3.578690349876293197, 2.472582456411178686, 3.635222628463580019 ) ) ;
#6008 = CARTESIAN_POINT ( 'NONE',  ( 3.900000000000000355, 0.2500000000000001110, 4.401878488843856019 ) ) ;
#6009 = ORIENTED_EDGE ( 'NONE', *, *, #4554, .T. ) ;
#6010 = CARTESIAN_POINT ( 'NONE',  ( -4.700000000000000178, 5.379999999999999893, 3.600000000000000089 ) ) ;
#6011 = PLANE ( 'NONE',  #2295 ) ;
#6012 = DIRECTION ( 'NONE',  ( 0.000000000000000000, 0.7071067811865461294, -0.7071067811865490160 ) ) ;
#6013 = AXIS2_PLACEMENT_3D ( 'NONE', #4201, #1083, #5466 ) ;
#6014 = ADVANCED_FACE ( 'NONE', ( #2704 ), #5857, .T. ) ;
#6015 = ORIENTED_EDGE ( 'NONE', *, *, #1563, .T. ) ;
#6016 = CARTESIAN_POINT ( 'NONE',  ( 2.750000000000000444, 5.379999999999999893, 3.199999999999998845 ) ) ;
#6017 = ORIENTED_EDGE ( 'NONE', *, *, #3142, .T. ) ;
#6018 = DIRECTION ( 'NONE',  ( 1.000000000000000000, 0.000000000000000000, -0.000000000000000000 ) ) ;
#6019 = DIRECTION ( 'NONE',  ( 0.000000000000000000, 1.363776317591828850E-16, -1.000000000000000000 ) ) ;
#6020 = PLANE ( 'NONE',  #7881 ) ;
#6021 = CARTESIAN_POINT ( 'NONE',  ( 3.900000000000000355, 0.1500000000000001332, 4.501878488843855664 ) ) ;
#6022 = EDGE_CURVE ( 'NONE', #811, #2884, #2056, .T. ) ;
#6023 = CARTESIAN_POINT ( 'NONE',  ( 2.089999999999999858, 2.879999999999999893, 1.369999999999999662 ) ) ;
#6024 = CARTESIAN_POINT ( 'NONE',  ( 1.924999999999999822, 0.4300000000000007150, 3.750000000000000000 ) ) ;
#6025 = DIRECTION ( 'NONE',  ( -0.000000000000000000, 1.000000000000000000, -0.000000000000000000 ) ) ;
#6026 = LINE ( 'NONE', #2882, #1969 ) ;
#6027 = FACE_OUTER_BOUND ( 'NONE', #7215, .T. ) ;
#6028 = MANIFOLD_SOLID_BREP ( 'LPattern3', #974 ) ;
#6029 = ORIENTED_EDGE ( 'NONE', *, *, #2083, .F. ) ;
#6030 = ORIENTED_EDGE ( 'NONE', *, *, #3658, .F. ) ;
#6031 = CARTESIAN_POINT ( 'NONE',  ( -5.500000000000000000, 4.380000000000001670, 3.600000000000000089 ) ) ;
#6032 = LINE ( 'NONE', #7295, #3083 ) ;
#6033 = DIRECTION ( 'NONE',  ( -0.000000000000000000, 0.7071067811865474617, -0.7071067811865474617 ) ) ;
#6034 = CARTESIAN_POINT ( 'NONE',  ( -1.275000000000000133, 5.380000000000002558, 3.750000000000000000 ) ) ;
#6035 = DIRECTION ( 'NONE',  ( -1.000000000000000000, 0.000000000000000000, 0.000000000000000000 ) ) ;
#6036 = EDGE_CURVE ( 'NONE', #3015, #3147, #2100, .T. ) ;
#6037 = ORIENTED_EDGE ( 'NONE', *, *, #716, .T. ) ;
#6038 = APPLICATION_CONTEXT ( 'automotive_design' ) ;
#6039 = DIRECTION ( 'NONE',  ( -1.000000000000000000, 0.000000000000000000, 0.000000000000000000 ) ) ;
#6040 = ORIENTED_EDGE ( 'NONE', *, *, #2504, .F. ) ;
#6041 = DIRECTION ( 'NONE',  ( -1.000000000000000000, 0.000000000000000000, -0.000000000000000000 ) ) ;
#6042 = VERTEX_POINT ( 'NONE', #1473 ) ;
#6043 = EDGE_CURVE ( 'NONE', #7226, #1104, #6371, .T. ) ;
#6044 = DIRECTION ( 'NONE',  ( 0.000000000000000000, 0.000000000000000000, 1.000000000000000000 ) ) ;
#6045 = LINE ( 'NONE', #2933, #7253 ) ;
#6046 = LINE ( 'NONE', #4876, #5849 ) ;
#6047 = LINE ( 'NONE', #423, #2803 ) ;
#6048 = ADVANCED_FACE ( 'NONE', ( #7753 ), #2180, .F. ) ;
#6049 = ORIENTED_EDGE ( 'NONE', *, *, #5545, .T. ) ;
#6050 = EDGE_CURVE ( 'NONE', #715, #5193, #7797, .T. ) ;
#6051 = LINE ( 'NONE', #1024, #1287 ) ;
#6052 = ORIENTED_EDGE ( 'NONE', *, *, #5173, .T. ) ;
#6053 = DIRECTION ( 'NONE',  ( 0.3868795754558335687, 0.7985882202808504138, -0.4610651239508122834 ) ) ;
#6054 = FACE_OUTER_BOUND ( 'NONE', #2121, .T. ) ;
#6055 = ORIENTED_EDGE ( 'NONE', *, *, #2547, .F. ) ;
#6056 = VERTEX_POINT ( 'NONE', #1724 ) ;
#6057 = LINE ( 'NONE', #1691, #6264 ) ;
#6058 = DIRECTION ( 'NONE',  ( 1.000000000000000000, 0.000000000000000000, 0.000000000000000000 ) ) ;
#6059 = CARTESIAN_POINT ( 'NONE',  ( -4.700000000000000178, 3.979999999999999094, 2.600000000000000089 ) ) ;
#6060 = EDGE_CURVE ( 'NONE', #2697, #3610, #3570, .T. ) ;
#6061 = DIRECTION ( 'NONE',  ( 0.000000000000000000, -0.000000000000000000, 1.000000000000000000 ) ) ;
#6062 = DIRECTION ( 'NONE',  ( -1.000000000000000000, 0.000000000000000000, 0.000000000000000000 ) ) ;
#6063 = ADVANCED_FACE ( 'NONE', ( #6128 ), #4836, .F. ) ;
#6064 = CARTESIAN_POINT ( 'NONE',  ( 1.650000000000000355, 4.380000000000001670, 3.600000000000000089 ) ) ;
#6065 = DIRECTION ( 'NONE',  ( 1.000000000000000000, 0.000000000000000000, -0.000000000000000000 ) ) ;
#6066 = VERTEX_POINT ( 'NONE', #4260 ) ;
#6067 = VERTEX_POINT ( 'NONE', #2905 ) ;
#6068 = DIRECTION ( 'NONE',  ( 0.000000000000000000, 2.710505431213760099E-16, -1.000000000000000000 ) ) ;
#6069 = VECTOR ( 'NONE', #1866, 1000.000000000000000 ) ;
#6070 = DIRECTION ( 'NONE',  ( 1.000000000000000000, 0.000000000000000000, 0.000000000000000000 ) ) ;
#6071 = VECTOR ( 'NONE', #6670, 1000.000000000000000 ) ;
#6072 = CARTESIAN_POINT ( 'NONE',  ( 3.550000000000000266, 5.379999999999999893, 2.600000000000000089 ) ) ;
#6073 = PLANE ( 'NONE',  #1820 ) ;
#6074 = ORIENTED_EDGE ( 'NONE', *, *, #6679, .F. ) ;
#6075 = DIRECTION ( 'NONE',  ( 1.000000000000000000, 0.000000000000000000, -0.000000000000000000 ) ) ;
#6076 = EDGE_LOOP ( 'NONE', ( #5936, #6535, #5626, #148, #153 ) ) ;
#6077 = VECTOR ( 'NONE', #5133, 1000.000000000000000 ) ;
#6078 = VECTOR ( 'NONE', #2335, 1000.000000000000114 ) ;
#6079 = ORIENTED_EDGE ( 'NONE', *, *, #7607, .T. ) ;
#6080 = CARTESIAN_POINT ( 'NONE',  ( 4.799999999999999822, -3.649898987322333088, -0.6999999999999997335 ) ) ;
#6081 = CARTESIAN_POINT ( 'NONE',  ( -4.700000000000000178, 3.979999999999999094, 2.600000000000000089 ) ) ;
#6082 = VECTOR ( 'NONE', #7194, 1000.000000000000000 ) ;
#6083 = VECTOR ( 'NONE', #7542, 1000.000000000000000 ) ;
#6084 = LINE ( 'NONE', #6008, #6351 ) ;
#6085 = DIRECTION ( 'NONE',  ( 0.000000000000000000, -1.000000000000000000, 0.000000000000000000 ) ) ;
#6086 = EDGE_CURVE ( 'NONE', #1730, #1348, #349, .T. ) ;
#6087 = ORIENTED_EDGE ( 'NONE', *, *, #1080, .F. ) ;
#6088 = ADVANCED_FACE ( 'NONE', ( #4755 ), #4222, .F. ) ;
#6089 = LINE ( 'NONE', #1068, #3390 ) ;
#6090 = VERTEX_POINT ( 'NONE', #1101 ) ;
#6091 = DIRECTION ( 'NONE',  ( 0.000000000000000000, -1.000000000000000000, 0.000000000000000000 ) ) ;
#6092 = ORIENTED_EDGE ( 'NONE', *, *, #7232, .F. ) ;
#6093 = ADVANCED_FACE ( 'NONE', ( #5970 ), #1639, .F. ) ;
#6094 = ORIENTED_EDGE ( 'NONE', *, *, #90, .F. ) ;
#6095 = LINE ( 'NONE', #356, #4327 ) ;
#6096 = CARTESIAN_POINT ( 'NONE',  ( -4.799999999999999822, 1.040834085586084888E-14, 0.000000000000000000 ) ) ;
#6097 = ORIENTED_EDGE ( 'NONE', *, *, #6721, .F. ) ;
#6098 = CARTESIAN_POINT ( 'NONE',  ( -5.220583184549084876, -0.7699999999999997957, -0.1044096602287941378 ) ) ;
#6099 = AXIS2_PLACEMENT_3D ( 'NONE', #3764, #6230, #4 ) ;
#6100 = LINE ( 'NONE', #7201, #839 ) ;
#6101 = EDGE_LOOP ( 'NONE', ( #6470, #6161, #7312, #7037 ) ) ;
#6102 = VECTOR ( 'NONE', #7099, 1000.000000000000000 ) ;
#6103 = DIRECTION ( 'NONE',  ( -0.6427876096865392519, 0.000000000000000000, -0.7660444431189780135 ) ) ;
#6104 = LINE ( 'NONE', #365, #5500 ) ;
#6105 = CARTESIAN_POINT ( 'NONE',  ( -2.349999999999999645, 5.379999999999999893, 3.199999999999998845 ) ) ;
#6106 = ORIENTED_EDGE ( 'NONE', *, *, #6666, .T. ) ;
#6107 = CIRCLE ( 'NONE', #1403, 0.1000000000000002554 ) ;
#6108 = ORIENTED_EDGE ( 'NONE', *, *, #7912, .F. ) ;
#6109 = EDGE_CURVE ( 'NONE', #3073, #2872, #6617, .T. ) ;
#6110 = DIRECTION ( 'NONE',  ( 1.000000000000000000, -0.000000000000000000, -0.000000000000000000 ) ) ;
#6111 = EDGE_CURVE ( 'NONE', #5083, #761, #6051, .T. ) ;
#6112 = AXIS2_PLACEMENT_3D ( 'NONE', #1874, #6157, #7345 ) ;
#6113 = LINE ( 'NONE', #5427, #5579 ) ;
#6114 = DIRECTION ( 'NONE',  ( -1.000000000000000000, 0.000000000000000000, 0.000000000000000000 ) ) ;
#6115 = EDGE_LOOP ( 'NONE', ( #164, #630, #2852, #5493, #5786, #2642 ) ) ;
#6116 = FACE_OUTER_BOUND ( 'NONE', #5259, .T. ) ;
#6117 = AXIS2_PLACEMENT_3D ( 'NONE', #6207, #3858, #7506 ) ;
#6118 = LINE ( 'NONE', #3023, #1660 ) ;
#6119 = ORIENTED_EDGE ( 'NONE', *, *, #3495, .F. ) ;
#6120 = CARTESIAN_POINT ( 'NONE',  ( 2.089999999999999858, 0.4300000000000000488, 0.000000000000000000 ) ) ;
#6121 = AXIS2_PLACEMENT_3D ( 'NONE', #396, #5980, #6578 ) ;
#6122 = DIRECTION ( 'NONE',  ( -0.6427876096865392519, 0.000000000000000000, -0.7660444431189780135 ) ) ;
#6123 = VECTOR ( 'NONE', #7708, 1000.000000000000000 ) ;
#6124 = DIRECTION ( 'NONE',  ( -1.000000000000000000, -0.000000000000000000, -0.000000000000000000 ) ) ;
#6125 = CARTESIAN_POINT ( 'NONE',  ( 0.7100000000000000755, 1.379999999999999671, 1.369999999999999662 ) ) ;
#6126 = DIRECTION ( 'NONE',  ( 0.000000000000000000, -0.1132032137678997130, -0.9935718556765882337 ) ) ;
#6127 = ORIENTED_EDGE ( 'NONE', *, *, #5796, .T. ) ;
#6128 = FACE_OUTER_BOUND ( 'NONE', #2240, .T. ) ;
#6129 = LINE ( 'NONE', #7075, #3873 ) ;
#6130 = CARTESIAN_POINT ( 'NONE',  ( 2.310000000000000497, 0.4300000000000000488, 0.000000000000000000 ) ) ;
#6131 = EDGE_CURVE ( 'NONE', #4213, #7575, #2294, .T. ) ;
#6132 = VERTEX_POINT ( 'NONE', #4184 ) ;
#6133 = PLANE ( 'NONE',  #7652 ) ;
#6134 = VERTEX_POINT ( 'NONE', #4098 ) ;
#6135 = ADVANCED_FACE ( 'NONE', ( #388 ), #3608, .F. ) ;
#6136 = DIRECTION ( 'NONE',  ( -0.000000000000000000, -0.000000000000000000, -1.000000000000000000 ) ) ;
#6137 = CARTESIAN_POINT ( 'NONE',  ( -1.110000000000000320, 1.379999999999999671, 1.369999999999999662 ) ) ;
#6138 = ORIENTED_EDGE ( 'NONE', *, *, #4054, .F. ) ;
#6139 = VECTOR ( 'NONE', #6492, 1000.000000000000000 ) ;
#6140 = DIRECTION ( 'NONE',  ( -0.6427876096865392519, 0.000000000000000000, -0.7660444431189780135 ) ) ;
#6141 = LINE ( 'NONE', #992, #7754 ) ;
#6142 = EDGE_CURVE ( 'NONE', #3101, #6209, #6089, .T. ) ;
#6143 = EDGE_CURVE ( 'NONE', #7790, #1952, #425, .T. ) ;
#6144 = CARTESIAN_POINT ( 'NONE',  ( 0.000000000000000000, 0.4300000000000000488, 3.750000000000000000 ) ) ;
#6145 = EDGE_CURVE ( 'NONE', #4007, #2974, #2340, .T. ) ;
#6146 = AXIS2_PLACEMENT_3D ( 'NONE', #6096, #1106, #4194 ) ;
#6147 = LINE ( 'NONE', #2392, #7813 ) ;
#6148 = DIRECTION ( 'NONE',  ( 1.000000000000000000, 0.000000000000000000, -0.000000000000000000 ) ) ;
#6149 = DIRECTION ( 'NONE',  ( 1.000000000000000000, 0.000000000000000000, -0.000000000000000000 ) ) ;
#6150 = EDGE_CURVE ( 'NONE', #5193, #4852, #5530, .T. ) ;
#6151 = EDGE_LOOP ( 'NONE', ( #7445, #3179, #1213, #517, #7189, #632 ) ) ;
#6152 = ORIENTED_EDGE ( 'NONE', *, *, #2330, .T. ) ;
#6153 = DIRECTION ( 'NONE',  ( -0.000000000000000000, 1.000000000000000000, -0.000000000000000000 ) ) ;
#6154 = DIRECTION ( 'NONE',  ( 0.000000000000000000, 1.000000000000000000, 0.000000000000000000 ) ) ;
#6155 = CARTESIAN_POINT ( 'NONE',  ( -5.500000000000000000, 2.273782217350889923, 3.749999999999999556 ) ) ;
#6156 = ORIENTED_EDGE ( 'NONE', *, *, #7997, .F. ) ;
#6157 = DIRECTION ( 'NONE',  ( 0.000000000000000000, -0.4999999999999993894, -0.8660254037844390407 ) ) ;
#6158 = ORIENTED_EDGE ( 'NONE', *, *, #7889, .F. ) ;
#6159 = ADVANCED_FACE ( 'NONE', ( #7953 ), #2383, .T. ) ;
#6160 = FACE_OUTER_BOUND ( 'NONE', #2752, .T. ) ;
#6161 = ORIENTED_EDGE ( 'NONE', *, *, #4806, .T. ) ;
#6162 = VERTEX_POINT ( 'NONE', #3655 ) ;
#6163 = DIRECTION ( 'NONE',  ( 0.000000000000000000, -1.000000000000000000, 0.000000000000000000 ) ) ;
#6164 = CARTESIAN_POINT ( 'NONE',  ( -5.500000000000000000, 2.273782217350889923, 3.749999999999999556 ) ) ;
#6165 = DIRECTION ( 'NONE',  ( 0.000000000000000000, 0.000000000000000000, -1.000000000000000000 ) ) ;
#6166 = EDGE_CURVE ( 'NONE', #2627, #3012, #515, .T. ) ;
#6168 = DIRECTION ( 'NONE',  ( 0.000000000000000000, 0.000000000000000000, 1.000000000000000000 ) ) ;
#6167 =( BOUNDED_CURVE ( )  B_SPLINE_CURVE ( 3, ( #3559, #414, #2973, #1014 ),
 .UNSPECIFIED., .F., .T. ) 
 B_SPLINE_CURVE_WITH_KNOTS ( ( 4, 4 ),
 ( 5.733934588995634130, 6.283185307179572021 ),
 .UNSPECIFIED. ) 
 CURVE ( )  GEOMETRIC_REPRESENTATION_ITEM ( )  RATIONAL_B_SPLINE_CURVE ( ( 1.000000000000000000, 0.9750179084506047644, 0.9750179084506047644, 1.000000000000000000 ) ) 
 REPRESENTATION_ITEM ( '' )  );
#6169 = CARTESIAN_POINT ( 'NONE',  ( 4.500000000000000000, 0.4300000000000000488, -2.150000000000000799 ) ) ;
#6170 = EDGE_LOOP ( 'NONE', ( #2663, #261, #507, #3763 ) ) ;
#6171 = DIRECTION ( 'NONE',  ( 0.000000000000000000, 0.000000000000000000, -1.000000000000000000 ) ) ;
#6172 = CARTESIAN_POINT ( 'NONE',  ( -4.799999999999998046, -0.7699999999999997957, -0.3126702650476513301 ) ) ;
#6173 = ORIENTED_EDGE ( 'NONE', *, *, #4800, .F. ) ;
#6174 = VERTEX_POINT ( 'NONE', #2416 ) ;
#6175 = CARTESIAN_POINT ( 'NONE',  ( 2.543643847608527686, 0.2480886607019259227, 4.919534720226967472 ) ) ;
#6176 = CARTESIAN_POINT ( 'NONE',  ( 2.310000000000000497, 3.548505796534330958, 3.369999999999999662 ) ) ;
#6177 = ORIENTED_EDGE ( 'NONE', *, *, #1372, .T. ) ;
#6178 = CARTESIAN_POINT ( 'NONE',  ( 4.799999999999999822, -0.7699999999999997957, 0.000000000000000000 ) ) ;
#6179 = ORIENTED_EDGE ( 'NONE', *, *, #1985, .T. ) ;
#6180 = DIRECTION ( 'NONE',  ( 0.000000000000000000, 1.000000000000000000, 0.000000000000000000 ) ) ;
#6181 = LINE ( 'NONE', #7636, #908 ) ;
#6182 = LINE ( 'NONE', #7637, #3750 ) ;
#6183 = ORIENTED_EDGE ( 'NONE', *, *, #2544, .T. ) ;
#6184 = EDGE_CURVE ( 'NONE', #2974, #5728, #979, .T. ) ;
#6185 = VERTEX_POINT ( 'NONE', #6253 ) ;
#6186 = DIRECTION ( 'NONE',  ( 0.000000000000000000, 0.000000000000000000, -1.000000000000000000 ) ) ;
#6187 = ORIENTED_EDGE ( 'NONE', *, *, #7011, .T. ) ;
#6188 = EDGE_CURVE ( 'NONE', #6483, #3528, #4967, .T. ) ;
#6189 = CARTESIAN_POINT ( 'NONE',  ( -5.500000000000000000, 4.380000000000001670, 3.600000000000000089 ) ) ;
#6190 = LINE ( 'NONE', #2403, #2954 ) ;
#6191 = ORIENTED_EDGE ( 'NONE', *, *, #7079, .F. ) ;
#6192 = VECTOR ( 'NONE', #6671, 1000.000000000000000 ) ;
#6193 = DIRECTION ( 'NONE',  ( -0.7608434386746102396, 0.6489354835619598472, -5.999065232961715896E-15 ) ) ;
#6194 = ORIENTED_EDGE ( 'NONE', *, *, #3260, .F. ) ;
#6195 = CARTESIAN_POINT ( 'NONE',  ( -4.700000000000000178, 3.979999999999999094, 2.600000000000000089 ) ) ;
#6196 = ORIENTED_EDGE ( 'NONE', *, *, #2513, .T. ) ;
#6197 = FACE_OUTER_BOUND ( 'NONE', #1332, .T. ) ;
#6198 = ORIENTED_EDGE ( 'NONE', *, *, #580, .T. ) ;
#6199 = AXIS2_PLACEMENT_3D ( 'NONE', #6380, #616, #5670 ) ;
#6200 = AXIS2_PLACEMENT_3D ( 'NONE', #5932, #518, #1147 ) ;
#6201 = CARTESIAN_POINT ( 'NONE',  ( 4.700000000000000178, 5.380000000000001670, 3.100000000000000089 ) ) ;
#6202 = FACE_OUTER_BOUND ( 'NONE', #6395, .T. ) ;
#6203 = CARTESIAN_POINT ( 'NONE',  ( 0.3500000000000000333, 3.979999999999998206, 2.600000000000000089 ) ) ;
#6204 = DIRECTION ( 'NONE',  ( 0.000000000000000000, -1.000000000000000000, 0.000000000000000000 ) ) ;
#6205 = ORIENTED_EDGE ( 'NONE', *, *, #939, .F. ) ;
#6206 = VECTOR ( 'NONE', #1589, 1000.000000000000000 ) ;
#6207 = CARTESIAN_POINT ( 'NONE',  ( 2.310000000000000497, 3.548505796534330958, 3.369999999999999662 ) ) ;
#6208 = AXIS2_PLACEMENT_3D ( 'NONE', #5318, #1545, #5956 ) ;
#6209 = VERTEX_POINT ( 'NONE', #6860 ) ;
#6210 = CARTESIAN_POINT ( 'NONE',  ( 1.149999999999999911, 1.835969349108944604, 3.600000000000000089 ) ) ;
#6211 = ORIENTED_EDGE ( 'NONE', *, *, #2647, .T. ) ;
#6212 = EDGE_CURVE ( 'NONE', #3850, #1641, #3117, .T. ) ;
#6213 = CARTESIAN_POINT ( 'NONE',  ( -4.700000000000000178, 3.979999999999999094, 3.199999999999998845 ) ) ;
#6214 = AXIS2_PLACEMENT_3D ( 'NONE', #6390, #6274, #1249 ) ;
#6215 = VECTOR ( 'NONE', #3392, 1000.000000000000000 ) ;
#6216 = CARTESIAN_POINT ( 'NONE',  ( 1.149999999999999911, 3.979999999999998206, 2.600000000000000089 ) ) ;
#6217 = CARTESIAN_POINT ( 'NONE',  ( -3.950000000000000178, 5.379999999999999893, 3.199999999999998845 ) ) ;
#6218 = ORIENTED_EDGE ( 'NONE', *, *, #2636, .F. ) ;
#6219 = DIRECTION ( 'NONE',  ( -1.000000000000000000, 0.000000000000000000, 0.000000000000000000 ) ) ;
#6220 = VECTOR ( 'NONE', #3788, 1000.000000000000000 ) ;
#6221 = ORIENTED_EDGE ( 'NONE', *, *, #7023, .F. ) ;
#6222 = EDGE_CURVE ( 'NONE', #6483, #488, #7436, .T. ) ;
#6223 = DIRECTION ( 'NONE',  ( -1.000000000000000000, 0.000000000000000000, 0.000000000000000000 ) ) ;
#6224 = CIRCLE ( 'NONE', #1394, 0.09999999999999982514 ) ;
#6225 = PRODUCT ( 'HC-SFP-20P', 'HC-SFP-20P', '', ( #1824 ) ) ;
#6226 = CARTESIAN_POINT ( 'NONE',  ( -4.700000000000000178, 3.979999999999999094, 3.199999999999998845 ) ) ;
#6227 = LINE ( 'NONE', #70, #6583 ) ;
#6228 = ORIENTED_EDGE ( 'NONE', *, *, #2269, .T. ) ;
#6229 = ORIENTED_EDGE ( 'NONE', *, *, #3957, .F. ) ;
#6230 = DIRECTION ( 'NONE',  ( 0.000000000000000000, 0.000000000000000000, -1.000000000000000000 ) ) ;
#6231 = VECTOR ( 'NONE', #1468, 1000.000000000000000 ) ;
#6232 = VERTEX_POINT ( 'NONE', #4387 ) ;
#6233 = ADVANCED_FACE ( 'NONE', ( #6942 ), #5618, .F. ) ;
#6234 = VECTOR ( 'NONE', #7176, 1000.000000000000000 ) ;
#6235 = VERTEX_POINT ( 'NONE', #3700 ) ;
#6236 = CARTESIAN_POINT ( 'NONE',  ( -4.203910513961407247, -1.441643194709814502, -6.071532165918824830E-15 ) ) ;
#6237 = ORIENTED_EDGE ( 'NONE', *, *, #2655, .F. ) ;
#6238 = DIRECTION ( 'NONE',  ( 0.3868795754558335687, 0.7985882202808504138, -0.4610651239508122834 ) ) ;
#6239 = VERTEX_POINT ( 'NONE', #1853 ) ;
#6240 = EDGE_CURVE ( 'NONE', #371, #4313, #603, .T. ) ;
#6241 = ADVANCED_FACE ( 'NONE', ( #6784 ), #5654, .T. ) ;
#6242 = ORIENTED_EDGE ( 'NONE', *, *, #6050, .F. ) ;
#6243 = CARTESIAN_POINT ( 'NONE',  ( -4.700000000000000178, 3.880000000000002558, 3.399999999999998579 ) ) ;
#6244 = VECTOR ( 'NONE', #7208, 1000.000000000000114 ) ;
#6245 = CARTESIAN_POINT ( 'NONE',  ( -5.500000000000000000, 5.380000000000001670, 3.750000000000000000 ) ) ;
#6246 = EDGE_CURVE ( 'NONE', #2433, #6957, #4471, .T. ) ;
#6247 = DIRECTION ( 'NONE',  ( -1.000000000000000000, 0.000000000000000000, 0.000000000000000000 ) ) ;
#6248 = CARTESIAN_POINT ( 'NONE',  ( 3.110000000000000764, 2.879999999999999893, 3.399999999999998579 ) ) ;
#6249 = LINE ( 'NONE', #6730, #4137 ) ;
#6250 = FACE_OUTER_BOUND ( 'NONE', #3109, .T. ) ;
#6251 = ORIENTED_EDGE ( 'NONE', *, *, #726, .F. ) ;
#6252 = VECTOR ( 'NONE', #2747, 1000.000000000000000 ) ;
#6253 = CARTESIAN_POINT ( 'NONE',  ( -1.110000000000000320, 1.379999999999999671, 3.369999999999999662 ) ) ;
#6254 = ORIENTED_EDGE ( 'NONE', *, *, #4075, .F. ) ;
#6255 = DIRECTION ( 'NONE',  ( 0.000000000000000000, 0.000000000000000000, 1.000000000000000000 ) ) ;
#6256 = ORIENTED_EDGE ( 'NONE', *, *, #7971, .F. ) ;
#6257 = DIRECTION ( 'NONE',  ( 0.000000000000000000, 0.000000000000000000, 1.000000000000000000 ) ) ;
#6258 = AXIS2_PLACEMENT_3D ( 'NONE', #5476, #5362, #339 ) ;
#6259 = DIRECTION ( 'NONE',  ( -0.000000000000000000, -1.000000000000000000, -0.000000000000000000 ) ) ;
#6260 = CARTESIAN_POINT ( 'NONE',  ( 3.500000000000000000, 0.2350000000000000977, -4.409441832532933425 ) ) ;
#6261 = EDGE_LOOP ( 'NONE', ( #2161, #5273, #8064, #6348 ) ) ;
#6262 = DIRECTION ( 'NONE',  ( -0.000000000000000000, 1.000000000000000000, -0.000000000000000000 ) ) ;
#6263 = CARTESIAN_POINT ( 'NONE',  ( -3.149999999999999911, 5.379999999999999893, 2.600000000000000089 ) ) ;
#6264 = VECTOR ( 'NONE', #6668, 1000.000000000000000 ) ;
#6265 = VERTEX_POINT ( 'NONE', #5040 ) ;
#6266 = CYLINDRICAL_SURFACE ( 'NONE', #4583, 0.2500000000000002220 ) ;
#6267 = AXIS2_PLACEMENT_3D ( 'NONE', #5756, #118, #7004 ) ;
#6268 = CARTESIAN_POINT ( 'NONE',  ( 3.700000000000000178, 1.016439536705160407E-16, 4.451878488843855841 ) ) ;
#6269 = CARTESIAN_POINT ( 'NONE',  ( 3.700000000000000178, 0.04999999999999956563, 3.601878488843856641 ) ) ;
#6270 = ADVANCED_FACE ( 'NONE', ( #7545 ), #4352, .T. ) ;
#6271 = ORIENTED_EDGE ( 'NONE', *, *, #6246, .T. ) ;
#6272 = DIRECTION ( 'NONE',  ( 1.000000000000000000, 0.000000000000000000, 0.000000000000000000 ) ) ;
#6273 = VERTEX_POINT ( 'NONE', #1339 ) ;
#6274 = DIRECTION ( 'NONE',  ( 1.000000000000000000, 0.000000000000000000, -0.000000000000000000 ) ) ;
#6275 = ORIENTED_EDGE ( 'NONE', *, *, #247, .F. ) ;
#6276 = PLANE ( 'NONE',  #3513 ) ;
#6277 = ADVANCED_FACE ( 'NONE', ( #6902 ), #5573, .T. ) ;
#6278 = VERTEX_POINT ( 'NONE', #6320 ) ;
#6279 = ORIENTED_EDGE ( 'NONE', *, *, #4202, .T. ) ;
#6280 = VERTEX_POINT ( 'NONE', #1924 ) ;
#6281 = FACE_OUTER_BOUND ( 'NONE', #890, .T. ) ;
#6282 = DIRECTION ( 'NONE',  ( -0.000000000000000000, -0.000000000000000000, 1.000000000000000000 ) ) ;
#6283 = LINE ( 'NONE', #4589, #5440 ) ;
#6284 = FACE_OUTER_BOUND ( 'NONE', #7399, .T. ) ;
#6285 = ORIENTED_EDGE ( 'NONE', *, *, #6427, .F. ) ;
#6286 = DIRECTION ( 'NONE',  ( 0.000000000000000000, 0.000000000000000000, -1.000000000000000000 ) ) ;
#6287 = VERTEX_POINT ( 'NONE', #3826 ) ;
#6288 = EDGE_CURVE ( 'NONE', #2728, #7217, #1228, .T. ) ;
#6289 = DIRECTION ( 'NONE',  ( 0.000000000000000000, -0.7071067811865475727, -0.7071067811865475727 ) ) ;
#6290 = ITEM_DEFINED_TRANSFORMATION ( 'NONE', 'NONE', #7184,  #1711 ) ;
#6291 = ORIENTED_EDGE ( 'NONE', *, *, #4761, .T. ) ;
#6292 = EDGE_CURVE ( 'NONE', #1104, #557, #7398, .T. ) ;
#6293 = DIRECTION ( 'NONE',  ( 1.000000000000000000, 0.000000000000000000, 0.000000000000000000 ) ) ;
#6294 = ORIENTED_EDGE ( 'NONE', *, *, #6709, .T. ) ;
#6295 = DIRECTION ( 'NONE',  ( -0.000000000000000000, 0.000000000000000000, 1.000000000000000000 ) ) ;
#6296 = CARTESIAN_POINT ( 'NONE',  ( 0.000000000000000000, 0.3300000000000001266, 2.250000000000000000 ) ) ;
#6297 =( REPRESENTATION_RELATIONSHIP ('NONE','NONE', #3360, #2520 ) REPRESENTATION_RELATIONSHIP_WITH_TRANSFORMATION ( #6864 )SHAPE_REPRESENTATION_RELATIONSHIP( ) );
#6298 = VERTEX_POINT ( 'NONE', #5006 ) ;
#6299 = CARTESIAN_POINT ( 'NONE',  ( 4.799999999999999822, -0.7699999999999997957, 0.5000000000000004441 ) ) ;
#6300 = LINE ( 'NONE', #6835, #5361 ) ;
#6301 = DIRECTION ( 'NONE',  ( 0.6427876096865392519, 0.000000000000000000, 0.7660444431189780135 ) ) ;
#6302 = DIRECTION ( 'NONE',  ( 0.5000000000000002220, 1.181064936114118320E-16, -0.8660254037844385966 ) ) ;
#6303 = EDGE_LOOP ( 'NONE', ( #4053, #5762, #1180, #4376 ) ) ;
#6304 = ORIENTED_EDGE ( 'NONE', *, *, #7709, .T. ) ;
#6305 = LINE ( 'NONE', #2518, #5720 ) ;
#6306 = VERTEX_POINT ( 'NONE', #7471 ) ;
#6307 = EDGE_CURVE ( 'NONE', #7402, #124, #5688, .T. ) ;
#6308 = EDGE_CURVE ( 'NONE', #5867, #6367, #1417, .T. ) ;
#6309 = CARTESIAN_POINT ( 'NONE',  ( 3.110000000000000320, 2.879999999999999893, 3.399999999999998579 ) ) ;
#6310 = VERTEX_POINT ( 'NONE', #710 ) ;
#6311 = DIRECTION ( 'NONE',  ( 0.000000000000000000, 0.000000000000000000, 1.000000000000000000 ) ) ;
#6312 = ORIENTED_EDGE ( 'NONE', *, *, #1576, .T. ) ;
#6313 = ORIENTED_EDGE ( 'NONE', *, *, #1062, .F. ) ;
#6314 = ORIENTED_EDGE ( 'NONE', *, *, #3839, .T. ) ;
#6315 = EDGE_CURVE ( 'NONE', #5717, #7405, #4309, .T. ) ;
#6316 = CARTESIAN_POINT ( 'NONE',  ( 4.500000000000000000, 0.1300000000000000600, 3.899999999999999911 ) ) ;
#6317 = DIRECTION ( 'NONE',  ( 1.000000000000000000, -0.000000000000000000, -0.000000000000000000 ) ) ;
#6318 = DIRECTION ( 'NONE',  ( -1.000000000000000000, 0.000000000000000000, 0.000000000000000000 ) ) ;
#6319 = ORIENTED_EDGE ( 'NONE', *, *, #5552, .T. ) ;
#6320 = CARTESIAN_POINT ( 'NONE',  ( -3.290000000000000480, 1.379999999999999671, 1.369999999999999662 ) ) ;
#6321 = ORIENTED_EDGE ( 'NONE', *, *, #6746, .F. ) ;
#6322 = AXIS2_PLACEMENT_3D ( 'NONE', #1238, #4403, #2589 ) ;
#6323 = LINE ( 'NONE', #1926, #6474 ) ;
#6324 = ORIENTED_EDGE ( 'NONE', *, *, #6086, .F. ) ;
#6325 = CONTEXT_DEPENDENT_SHAPE_REPRESENTATION ( #4115, #1073 ) ;
#6326 = EDGE_CURVE ( 'NONE', #7601, #3926, #7615, .T. ) ;
#6327 = ADVANCED_FACE ( 'NONE', ( #7583 ), #6485, .T. ) ;
#6328 = VECTOR ( 'NONE', #3967, 1000.000000000000000 ) ;
#6329 = VECTOR ( 'NONE', #6282, 1000.000000000000000 ) ;
#6330 = ORIENTED_EDGE ( 'NONE', *, *, #2869, .F. ) ;
#6331 = DIRECTION ( 'NONE',  ( -0.000000000000000000, 1.000000000000000000, -0.000000000000000000 ) ) ;
#6332 = FACE_OUTER_BOUND ( 'NONE', #1644, .T. ) ;
#6333 = VECTOR ( 'NONE', #5143, 1000.000000000000114 ) ;
#6334 = AXIS2_PLACEMENT_3D ( 'NONE', #1021, #7863, #2290 ) ;
#6335 = ORIENTED_EDGE ( 'NONE', *, *, #4864, .F. ) ;
#6336 = PLANE ( 'NONE',  #4399 ) ;
#6337 = FACE_OUTER_BOUND ( 'NONE', #6515, .T. ) ;
#6338 = DIRECTION ( 'NONE',  ( 0.000000000000000000, 0.8660254037844384856, -0.5000000000000002220 ) ) ;
#6339 = LINE ( 'NONE', #733, #4393 ) ;
#6340 = VECTOR ( 'NONE', #7143, 1000.000000000000000 ) ;
#6341 = VECTOR ( 'NONE', #511, 1000.000000000000000 ) ;
#6342 = EDGE_LOOP ( 'NONE', ( #5047, #7689, #4250, #7304 ) ) ;
#6343 = FACE_OUTER_BOUND ( 'NONE', #6883, .T. ) ;
#6344 = EDGE_CURVE ( 'NONE', #606, #5704, #3309, .T. ) ;
#6345 = CARTESIAN_POINT ( 'NONE',  ( 3.500000000000000000, 0.1000000000000000056, -4.498121511156143448 ) ) ;
#6346 = VECTOR ( 'NONE', #4481, 1000.000000000000000 ) ;
#6347 = DIRECTION ( 'NONE',  ( 1.000000000000000000, 0.000000000000000000, 0.000000000000000000 ) ) ;
#6348 = ORIENTED_EDGE ( 'NONE', *, *, #4482, .F. ) ;
#6349 = FACE_OUTER_BOUND ( 'NONE', #2557, .T. ) ;
#6350 = ORIENTED_EDGE ( 'NONE', *, *, #8082, .F. ) ;
#6351 = VECTOR ( 'NONE', #7905, 1000.000000000000000 ) ;
#6352 = ADVANCED_FACE ( 'NONE', ( #4502 ), #3898, .T. ) ;
#6353 = ORIENTED_EDGE ( 'NONE', *, *, #7733, .T. ) ;
#6354 = EDGE_CURVE ( 'NONE', #5122, #2302, #2861, .T. ) ;
#6355 = ORIENTED_EDGE ( 'NONE', *, *, #26, .T. ) ;
#6356 = CARTESIAN_POINT ( 'NONE',  ( -1.550000000000000266, 4.980000000000000426, 3.600000000000000089 ) ) ;
#6357 = FACE_OUTER_BOUND ( 'NONE', #4010, .T. ) ;
#6358 = VECTOR ( 'NONE', #1801, 1000.000000000000000 ) ;
#6359 = DIRECTION ( 'NONE',  ( 0.000000000000000000, 0.000000000000000000, 1.000000000000000000 ) ) ;
#6360 = FACE_OUTER_BOUND ( 'NONE', #6827, .T. ) ;
#6361 = ORIENTED_EDGE ( 'NONE', *, *, #4976, .T. ) ;
#6362 = DIRECTION ( 'NONE',  ( 0.000000000000000000, 0.000000000000000000, 1.000000000000000000 ) ) ;
#6363 = ADVANCED_FACE ( 'NONE', ( #4671 ), #802, .F. ) ;
#6364 = ORIENTED_EDGE ( 'NONE', *, *, #3319, .T. ) ;
#6365 = VECTOR ( 'NONE', #5109, 1000.000000000000000 ) ;
#6366 = PLANE ( 'NONE',  #61 ) ;
#6367 = VERTEX_POINT ( 'NONE', #5800 ) ;
#6368 = CARTESIAN_POINT ( 'NONE',  ( -4.885291592274542793, -0.7699999999999997957, -0.6522048301143499316 ) ) ;
#6369 = AXIS2_PLACEMENT_3D ( 'NONE', #6178, #4978, #5584 ) ;
#6370 = ORIENTED_EDGE ( 'NONE', *, *, #4337, .T. ) ;
#6371 = LINE ( 'NONE', #5290, #355 ) ;
#6372 = DIRECTION ( 'NONE',  ( -0.000000000000000000, -0.000000000000000000, 1.000000000000000000 ) ) ;
#6373 = DIRECTION ( 'NONE',  ( 1.000000000000000000, 0.000000000000000000, 0.000000000000000000 ) ) ;
#6374 = AXIS2_PLACEMENT_3D ( 'NONE', #2257, #5371, #7225 ) ;
#6375 = ORIENTED_EDGE ( 'NONE', *, *, #5675, .T. ) ;
#6376 = PLANE ( 'NONE',  #6859 ) ;
#6377 = ORIENTED_EDGE ( 'NONE', *, *, #679, .F. ) ;
#6378 = DIRECTION ( 'NONE',  ( -0.000000000000000000, 0.7071067811865489050, 0.7071067811865460184 ) ) ;
#6379 = EDGE_CURVE ( 'NONE', #1240, #4459, #5887, .T. ) ;
#6380 = CARTESIAN_POINT ( 'NONE',  ( -5.049999999999998046, -0.7699999999999997957, -5.421010862427522170E-17 ) ) ;
#6381 = DIRECTION ( 'NONE',  ( 0.000000000000000000, 1.363776317591828850E-16, -1.000000000000000000 ) ) ;
#6382 = AXIS2_PLACEMENT_3D ( 'NONE', #3595, #6075, #461 ) ;
#6383 = ADVANCED_FACE ( 'NONE', ( #5767 ), #3525, .T. ) ;
#6384 = VERTEX_POINT ( 'NONE', #2691 ) ;
#6385 = EDGE_LOOP ( 'NONE', ( #7933, #1764, #6932, #1714, #973, #5209 ) ) ;
#6386 = EDGE_CURVE ( 'NONE', #6042, #2464, #2653, .T. ) ;
#6387 = VECTOR ( 'NONE', #3323, 1000.000000000000000 ) ;
#6388 = PLANE ( 'NONE',  #2750 ) ;
#6389 = EDGE_CURVE ( 'NONE', #2541, #2115, #6439, .T. ) ;
#6390 = CARTESIAN_POINT ( 'NONE',  ( 1.950000000000000178, 1.835969349108944604, 2.600000000000000089 ) ) ;
#6391 = EDGE_LOOP ( 'NONE', ( #970, #7102, #1878, #2454 ) ) ;
#6392 = CARTESIAN_POINT ( 'NONE',  ( -1.550000000000000266, 1.835969349108944604, 2.600000000000000089 ) ) ;
#6393 = VERTEX_POINT ( 'NONE', #5158 ) ;
#6394 = VECTOR ( 'NONE', #5419, 1000.000000000000114 ) ;
#6395 = EDGE_LOOP ( 'NONE', ( #1680, #4367, #6589, #6924 ) ) ;
#6396 = EDGE_LOOP ( 'NONE', ( #4175, #6804, #5533, #1367, #2326 ) ) ;
#6397 = ORIENTED_EDGE ( 'NONE', *, *, #6841, .T. ) ;
#6398 = LINE ( 'NONE', #6434, #203 ) ;
#6399 = CARTESIAN_POINT ( 'NONE',  ( 4.499999999999999112, 0.1300000000000000600, 2.250000000000000000 ) ) ;
#6400 = CARTESIAN_POINT ( 'NONE',  ( -5.500000000000000000, 4.380000000000001670, 3.600000000000000089 ) ) ;
#6401 = EDGE_CURVE ( 'NONE', #2094, #5934, #7018, .T. ) ;
#6402 = DIRECTION ( 'NONE',  ( -1.000000000000000000, -0.000000000000000000, -0.000000000000000000 ) ) ;
#6403 = EDGE_LOOP ( 'NONE', ( #11, #7346, #1862, #5386 ) ) ;
#6404 = DIRECTION ( 'NONE',  ( 1.000000000000000000, 0.000000000000000000, -0.000000000000000000 ) ) ;
#6405 = CARTESIAN_POINT ( 'NONE',  ( -1.689999999999999725, 2.879999999999999893, 1.369999999999999662 ) ) ;
#6406 = EDGE_LOOP ( 'NONE', ( #4127, #1194, #4312, #3869 ) ) ;
#6407 = ORIENTED_EDGE ( 'NONE', *, *, #5216, .F. ) ;
#6408 = LINE ( 'NONE', #808, #3781 ) ;
#6409 = ADVANCED_FACE ( 'NONE', ( #4592 ), #7059, .F. ) ;
#6410 = CARTESIAN_POINT ( 'NONE',  ( 0.000000000000000000, 0.4300000000000000488, 3.750000000000000000 ) ) ;
#6411 = ORIENTED_EDGE ( 'NONE', *, *, #2669, .T. ) ;
#6412 = DIRECTION ( 'NONE',  ( 0.000000000000000000, -1.000000000000000000, 0.000000000000000000 ) ) ;
#6413 = DIRECTION ( 'NONE',  ( 0.6427876096865392519, 0.000000000000000000, 0.7660444431189780135 ) ) ;
#6414 = VERTEX_POINT ( 'NONE', #210 ) ;
#6415 = CARTESIAN_POINT ( 'NONE',  ( -5.500000000000000000, 5.380000000000001670, 3.750000000000000000 ) ) ;
#6416 = ORIENTED_EDGE ( 'NONE', *, *, #5751, .F. ) ;
#6417 = EDGE_CURVE ( 'NONE', #7829, #5191, #2738, .T. ) ;
#6418 = LINE ( 'NONE', #5744, #1436 ) ;
#6419 = CARTESIAN_POINT ( 'NONE',  ( -1.689999999999999725, 3.548505796534330958, 3.553360657221955154 ) ) ;
#6420 = CARTESIAN_POINT ( 'NONE',  ( -3.352614145428077563, -0.7699999999999997957, 2.052050468677098838 ) ) ;
#6421 = DIRECTION ( 'NONE',  ( -0.000000000000000000, 0.000000000000000000, 1.000000000000000000 ) ) ;
#6422 = SHAPE_REPRESENTATION ( 'HC-SFP-20P', ( #1711 ), #3684 ) ;
#6423 = CARTESIAN_POINT ( 'NONE',  ( -5.500000000000000000, 3.880000000000002558, 3.100000000000000089 ) ) ;
#6424 = ORIENTED_EDGE ( 'NONE', *, *, #2763, .T. ) ;
#6425 = LINE ( 'NONE', #5826, #5464 ) ;
#6426 = CARTESIAN_POINT ( 'NONE',  ( 1.950000000000000178, 4.980000000000000426, 3.600000000000000089 ) ) ;
#6427 = EDGE_CURVE ( 'NONE', #4278, #5353, #5246, .T. ) ;
#6428 = VERTEX_POINT ( 'NONE', #891 ) ;
#6429 = DIRECTION ( 'NONE',  ( -1.000000000000000000, 0.000000000000000000, 0.000000000000000000 ) ) ;
#6430 = ORIENTED_EDGE ( 'NONE', *, *, #1051, .F. ) ;
#6431 = VERTEX_POINT ( 'NONE', #2775 ) ;
#6432 = EDGE_CURVE ( 'NONE', #677, #7728, #5281, .T. ) ;
#6433 = CARTESIAN_POINT ( 'NONE',  ( -3.149999999999999911, 4.380000000000001670, 3.600000000000000089 ) ) ;
#6434 = CARTESIAN_POINT ( 'NONE',  ( 4.500000000000000000, 0.4300000000000000488, 3.899999999999999911 ) ) ;
#6435 = LINE ( 'NONE', #6521, #8021 ) ;
#6436 = CARTESIAN_POINT ( 'NONE',  ( 0.000000000000000000, 0.1300000000000000600, 0.000000000000000000 ) ) ;
#6437 = DIRECTION ( 'NONE',  ( -0.000000000000000000, 0.7071067811865489050, 0.7071067811865460184 ) ) ;
#6438 = ORIENTED_EDGE ( 'NONE', *, *, #3173, .F. ) ;
#6439 = LINE ( 'NONE', #5121, #2478 ) ;
#6440 = ORIENTED_EDGE ( 'NONE', *, *, #1395, .F. ) ;
#6441 = LINE ( 'NONE', #7303, #2823 ) ;
#6442 = ORIENTED_EDGE ( 'NONE', *, *, #7396, .T. ) ;
#6443 = LINE ( 'NONE', #5850, #5077 ) ;
#6444 = FACE_OUTER_BOUND ( 'NONE', #1210, .T. ) ;
#6445 = PLANE ( 'NONE',  #2065 ) ;
#6446 = VERTEX_POINT ( 'NONE', #1552 ) ;
#6447 = DIRECTION ( 'NONE',  ( 0.000000000000000000, 0.7071067811865461294, -0.7071067811865490160 ) ) ;
#6448 = AXIS2_PLACEMENT_3D ( 'NONE', #4110, #1614, #1157 ) ;
#6449 = CARTESIAN_POINT ( 'NONE',  ( 0.7099999999999988542, 2.879999999999999893, 3.399999999999998579 ) ) ;
#6450 = CARTESIAN_POINT ( 'NONE',  ( 2.475000000000000533, 2.273782217350890367, 3.750000000000000000 ) ) ;
#6451 = CARTESIAN_POINT ( 'NONE',  ( 0.000000000000000000, 0.4300000000000000488, 3.750000000000000000 ) ) ;
#6452 = EDGE_CURVE ( 'NONE', #6462, #2774, #932, .T. ) ;
#6453 = EDGE_LOOP ( 'NONE', ( #5178, #4081, #4549, #602, #947, #6652, #2415 ) ) ;
#6454 = LINE ( 'NONE', #6299, #5432 ) ;
#6455 = ORIENTED_EDGE ( 'NONE', *, *, #2321, .F. ) ;
#6456 = VECTOR ( 'NONE', #6085, 1000.000000000000000 ) ;
#6457 = VECTOR ( 'NONE', #5036, 1000.000000000000000 ) ;
#6458 = FACE_OUTER_BOUND ( 'NONE', #3962, .T. ) ;
#6459 = DIRECTION ( 'NONE',  ( -1.000000000000000000, 0.000000000000000000, -0.000000000000000000 ) ) ;
#6460 = DIRECTION ( 'NONE',  ( -1.000000000000000000, 0.000000000000000000, 0.000000000000000000 ) ) ;
#6461 = EDGE_LOOP ( 'NONE', ( #4912, #3081, #7940, #1235, #2567, #1402, #5073 ) ) ;
#6462 = VERTEX_POINT ( 'NONE', #7858 ) ;
#6463 = VECTOR ( 'NONE', #2222, 1000.000000000000000 ) ;
#6464 = DIRECTION ( 'NONE',  ( 0.000000000000000000, -0.000000000000000000, 1.000000000000000000 ) ) ;
#6465 = VECTOR ( 'NONE', #3306, 1000.000000000000000 ) ;
#6466 = EDGE_CURVE ( 'NONE', #4306, #5237, #4710, .T. ) ;
#6467 = VECTOR ( 'NONE', #1127, 1000.000000000000000 ) ;
#6468 = VECTOR ( 'NONE', #1374, 1000.000000000000227 ) ;
#6469 = DIRECTION ( 'NONE',  ( 1.000000000000000000, 0.000000000000000000, 0.000000000000000000 ) ) ;
#6470 = ORIENTED_EDGE ( 'NONE', *, *, #3523, .F. ) ;
#6471 = LINE ( 'NONE', #3886, #5611 ) ;
#6472 = ORIENTED_EDGE ( 'NONE', *, *, #3523, .T. ) ;
#6473 = EDGE_CURVE ( 'NONE', #2091, #5513, #5430, .T. ) ;
#6474 = VECTOR ( 'NONE', #1310, 1000.000000000000000 ) ;
#6475 = ORIENTED_EDGE ( 'NONE', *, *, #1241, .F. ) ;
#6476 = LINE ( 'NONE', #1542, #4130 ) ;
#6477 = EDGE_CURVE ( 'NONE', #3721, #7475, #4090, .T. ) ;
#6478 = FACE_OUTER_BOUND ( 'NONE', #6115, .T. ) ;
#6479 = VECTOR ( 'NONE', #191, 1000.000000000000000 ) ;
#6480 = CARTESIAN_POINT ( 'NONE',  ( -5.500000000000000000, 3.880000000000003002, 3.750000000000000000 ) ) ;
#6481 = CARTESIAN_POINT ( 'NONE',  ( 0.4899999999999999911, 2.879999999999999893, 3.399999999999998579 ) ) ;
#6482 = ADVANCED_FACE ( 'NONE', ( #4825 ), #2211, .T. ) ;
#6483 = VERTEX_POINT ( 'NONE', #4128 ) ;
#6484 = EDGE_CURVE ( 'NONE', #3379, #3762, #4246, .T. ) ;
#6485 = PLANE ( 'NONE',  #756 ) ;
#6486 = ORIENTED_EDGE ( 'NONE', *, *, #3013, .T. ) ;
#6487 = LINE ( 'NONE', #4784, #6872 ) ;
#6488 = ORIENTED_EDGE ( 'NONE', *, *, #1225, .F. ) ;
#6489 = EDGE_CURVE ( 'NONE', #7614, #3072, #4781, .T. ) ;
#6490 = CIRCLE ( 'NONE', #4688, 0.09999999999999939493 ) ;
#6491 = DIRECTION ( 'NONE',  ( 0.000000000000000000, 0.000000000000000000, 1.000000000000000000 ) ) ;
#6492 = DIRECTION ( 'NONE',  ( 0.000000000000000000, -1.000000000000000000, 0.000000000000000000 ) ) ;
#6493 = CARTESIAN_POINT ( 'NONE',  ( -0.4499999999999999001, 5.379999999999999893, 2.600000000000000089 ) ) ;
#6494 = ORIENTED_EDGE ( 'NONE', *, *, #5555, .T. ) ;
#6495 = AXIS2_PLACEMENT_3D ( 'NONE', #5958, #4745, #337 ) ;
#6496 = SURFACE_STYLE_FILL_AREA ( #7150 ) ;
#6497 = CARTESIAN_POINT ( 'NONE',  ( -4.700000000000000178, 3.979999999999999094, 3.199999999999998845 ) ) ;
#6498 = DIRECTION ( 'NONE',  ( 0.6427876096865392519, 0.000000000000000000, 0.7660444431189780135 ) ) ;
#6499 = PRODUCT_DEFINITION_SHAPE ( 'NONE', 'NONE',  #8098 ) ;
#6500 = ORIENTED_EDGE ( 'NONE', *, *, #3554, .T. ) ;
#6501 = LINE ( 'NONE', #2150, #454 ) ;
#6502 = VERTEX_POINT ( 'NONE', #7178 ) ;
#6503 = VECTOR ( 'NONE', #3460, 1000.000000000000000 ) ;
#6504 = CARTESIAN_POINT ( 'NONE',  ( -3.650000000000000355, 3.979999999999999094, -2.250000000000001332 ) ) ;
#6505 =( NAMED_UNIT ( * ) SI_UNIT ( $, .STERADIAN. ) SOLID_ANGLE_UNIT ( ) );
#6506 = DIRECTION ( 'NONE',  ( -0.000000000000000000, -0.000000000000000000, 1.000000000000000000 ) ) ;
#6507 = LINE ( 'NONE', #3954, #5426 ) ;
#6508 = EDGE_CURVE ( 'NONE', #6306, #6903, #6684, .T. ) ;
#6509 = CARTESIAN_POINT ( 'NONE',  ( 4.700000000000000178, 5.380000000000001670, 3.199999999999998845 ) ) ;
#6510 = LINE ( 'NONE', #6423, #3991 ) ;
#6511 = AXIS2_PLACEMENT_3D ( 'NONE', #676, #556, #3739 ) ;
#6512 = VECTOR ( 'NONE', #3690, 1000.000000000000000 ) ;
#6513 = EDGE_CURVE ( 'NONE', #1192, #791, #6561, .T. ) ;
#6514 = CARTESIAN_POINT ( 'NONE',  ( 3.700000000000000178, 2.879999999999999893, 1.405037386032898405 ) ) ;
#6515 = EDGE_LOOP ( 'NONE', ( #4524, #2092, #7533, #2921, #6661, #7368, #7952, #2828, #7537, #686, #7734, #6567, #116, #2356, #3923, #1562, #3724, #6667, #1472, #6291, #6785, #211, #628, #4203, #3439, #1150, #7795, #5108, #4082, #755, #1351, #6177, #4563, #1954, #4785, #2639, #3135, #2523, #128, #6002, #5951, #1342, #3172, #4971, #3706, #1935 ) ) ;
#6516 = LINE ( 'NONE', #4117, #1944 ) ;
#6517 = ORIENTED_EDGE ( 'NONE', *, *, #8028, .T. ) ;
#6518 = VECTOR ( 'NONE', #7322, 1000.000000000000114 ) ;
#6519 = EDGE_LOOP ( 'NONE', ( #2634, #3861, #5214, #3051, #7648, #2660 ) ) ;
#6520 = DIRECTION ( 'NONE',  ( 0.000000000000000000, -1.000000000000000000, 0.000000000000000000 ) ) ;
#6521 = CARTESIAN_POINT ( 'NONE',  ( 3.910000000000000142, 3.548505796534330958, 3.553360657221955154 ) ) ;
#6522 = VECTOR ( 'NONE', #2959, 1000.000000000000000 ) ;
#6523 = CARTESIAN_POINT ( 'NONE',  ( -0.09000000000000066280, 2.879999999999999893, 3.399999999999998579 ) ) ;
#6524 = CARTESIAN_POINT ( 'NONE',  ( -2.709999999999999964, 3.548505796534330958, 3.553360657221955154 ) ) ;
#6525 = CARTESIAN_POINT ( 'NONE',  ( 3.299999999999999822, 0.000000000000000000, -4.398121511156142915 ) ) ;
#6526 = ORIENTED_EDGE ( 'NONE', *, *, #6638, .T. ) ;
#6527 = CARTESIAN_POINT ( 'NONE',  ( 3.910000000000000142, 3.548505796534330958, 3.369999999999999662 ) ) ;
#6528 = ORIENTED_EDGE ( 'NONE', *, *, #140, .F. ) ;
#6529 = LINE ( 'NONE', #6563, #7896 ) ;
#6530 = ORIENTED_EDGE ( 'NONE', *, *, #6308, .F. ) ;
#6531 = AXIS2_PLACEMENT_3D ( 'NONE', #8003, #5414, #3620 ) ;
#6532 = FACE_OUTER_BOUND ( 'NONE', #6406, .T. ) ;
#6533 = LINE ( 'NONE', #7832, #1783 ) ;
#6534 = EDGE_CURVE ( 'NONE', #5164, #5671, #5394, .T. ) ;
#6535 = ORIENTED_EDGE ( 'NONE', *, *, #569, .T. ) ;
#6536 = FACE_OUTER_BOUND ( 'NONE', #5271, .T. ) ;
#6537 = DIRECTION ( 'NONE',  ( -1.000000000000000000, 0.000000000000000000, 0.000000000000000000 ) ) ;
#6538 = CYLINDRICAL_SURFACE ( 'NONE', #7235, 0.09999999999999993616 ) ;
#6539 = CARTESIAN_POINT ( 'NONE',  ( 0.7100000000000000755, 2.879999999999999893, 1.369999999999999662 ) ) ;
#6540 = ORIENTED_EDGE ( 'NONE', *, *, #2420, .F. ) ;
#6541 = LINE ( 'NONE', #911, #5314 ) ;
#6542 = EDGE_CURVE ( 'NONE', #4828, #7973, #1671, .T. ) ;
#6543 = EDGE_LOOP ( 'NONE', ( #574, #3413, #2338, #3222 ) ) ;
#6544 = LINE ( 'NONE', #2755, #7440 ) ;
#6545 = DIRECTION ( 'NONE',  ( 1.000000000000000000, -0.000000000000000000, -0.000000000000000000 ) ) ;
#6546 = CARTESIAN_POINT ( 'NONE',  ( -4.700000000000000178, 5.379999999999999893, 3.100000000000000089 ) ) ;
#6547 = CARTESIAN_POINT ( 'NONE',  ( 3.700000000000000178, 1.844405641844211852, 3.851878488843856641 ) ) ;
#6548 = LINE ( 'NONE', #1449, #2164 ) ;
#6549 = CARTESIAN_POINT ( 'NONE',  ( 1.149999999999999911, 5.379999999999999893, 2.600000000000000089 ) ) ;
#6550 = LINE ( 'NONE', #4738, #6244 ) ;
#6551 = CARTESIAN_POINT ( 'NONE',  ( 2.750000000000000444, 5.379999999999999893, 0.000000000000000000 ) ) ;
#6552 = ORIENTED_EDGE ( 'NONE', *, *, #1772, .T. ) ;
#6553 = VERTEX_POINT ( 'NONE', #6719 ) ;
#6554 = VERTEX_POINT ( 'NONE', #379 ) ;
#6555 = ADVANCED_FACE ( 'NONE', ( #6116 ), #1628, .F. ) ;
#6556 = CARTESIAN_POINT ( 'NONE',  ( 3.299999999999999822, 0.2945473795552883689, -3.886801189779353294 ) ) ;
#6557 = DIRECTION ( 'NONE',  ( -0.000000000000000000, 1.000000000000000000, -0.000000000000000000 ) ) ;
#6558 = LINE ( 'NONE', #4006, #7891 ) ;
#6559 = LINE ( 'NONE', #6525, #7796 ) ;
#6560 = ORIENTED_EDGE ( 'NONE', *, *, #1295, .T. ) ;
#6561 = LINE ( 'NONE', #2248, #4830 ) ;
#6562 = ORIENTED_EDGE ( 'NONE', *, *, #4699, .T. ) ;
#6563 = CARTESIAN_POINT ( 'NONE',  ( 3.689999999999999947, 3.548505796534330958, 3.369999999999999662 ) ) ;
#6564 = ORIENTED_EDGE ( 'NONE', *, *, #4461, .F. ) ;
#6565 = FACE_OUTER_BOUND ( 'NONE', #3641, .T. ) ;
#6566 = DIRECTION ( 'NONE',  ( -0.000000000000000000, 0.000000000000000000, -1.000000000000000000 ) ) ;
#6567 = ORIENTED_EDGE ( 'NONE', *, *, #4370, .T. ) ;
#6568 = DIRECTION ( 'NONE',  ( 0.000000000000000000, 1.363776317591828850E-16, -1.000000000000000000 ) ) ;
#6569 = LINE ( 'NONE', #3531, #7112 ) ;
#6570 = CARTESIAN_POINT ( 'NONE',  ( 2.089999999999999858, 0.4300000000000007150, 3.553360657221955154 ) ) ;
#6571 = EDGE_LOOP ( 'NONE', ( #6848, #5421, #6562, #1815, #7859, #1175 ) ) ;
#6572 = CARTESIAN_POINT ( 'NONE',  ( -4.700000000000000178, 3.979999999999999094, 3.199999999999998845 ) ) ;
#6573 = EDGE_CURVE ( 'NONE', #5591, #2387, #6167, .T. ) ;
#6574 = ORIENTED_EDGE ( 'NONE', *, *, #4407, .T. ) ;
#6575 = EDGE_CURVE ( 'NONE', #6553, #3796, #3518, .T. ) ;
#6576 = CARTESIAN_POINT ( 'NONE',  ( -4.500000000000000000, 0.1300000000000000600, -4.000000000000000888 ) ) ;
#6577 = VECTOR ( 'NONE', #3366, 1000.000000000000000 ) ;
#6578 = DIRECTION ( 'NONE',  ( 1.000000000000000000, 0.000000000000000000, 0.000000000000000000 ) ) ;
#6579 = CARTESIAN_POINT ( 'NONE',  ( 1.289999999999999813, 1.379999999999999671, 3.369999999999999662 ) ) ;
#6580 = FACE_OUTER_BOUND ( 'NONE', #2128, .T. ) ;
#6581 = FACE_OUTER_BOUND ( 'NONE', #3964, .T. ) ;
#6582 = EDGE_CURVE ( 'NONE', #4885, #2598, #6001, .T. ) ;
#6583 = VECTOR ( 'NONE', #5634, 1000.000000000000000 ) ;
#6584 = AXIS2_PLACEMENT_3D ( 'NONE', #5941, #6019, #5415 ) ;
#6585 = FACE_OUTER_BOUND ( 'NONE', #3846, .T. ) ;
#6586 = PLANE ( 'NONE',  #7552 ) ;
#6587 = LINE ( 'NONE', #6514, #7052 ) ;
#6588 = VECTOR ( 'NONE', #1665, 1000.000000000000000 ) ;
#6589 = ORIENTED_EDGE ( 'NONE', *, *, #633, .F. ) ;
#6590 = VECTOR ( 'NONE', #5917, 1000.000000000000000 ) ;
#6591 = LINE ( 'NONE', #7363, #2724 ) ;
#6592 = VERTEX_POINT ( 'NONE', #2327 ) ;
#6593 = ADVANCED_FACE ( 'NONE', ( #1715 ), #1090, .T. ) ;
#6594 = ORIENTED_EDGE ( 'NONE', *, *, #4407, .F. ) ;
#6595 = ORIENTED_EDGE ( 'NONE', *, *, #4111, .T. ) ;
#6596 = CARTESIAN_POINT ( 'NONE',  ( 4.700000000000000178, 5.379999999999999893, 3.199999999999998845 ) ) ;
#6597 = VECTOR ( 'NONE', #3811, 1000.000000000000000 ) ;
#6598 = AXIS2_PLACEMENT_3D ( 'NONE', #7612, #3969, #2610 ) ;
#6599 = CARTESIAN_POINT ( 'NONE',  ( 3.110000000000000320, 1.379999999999999671, 1.369999999999999662 ) ) ;
#6600 = LINE ( 'NONE', #6523, #178 ) ;
#6601 = LINE ( 'NONE', #6524, #6991 ) ;
#6603 = EDGE_CURVE ( 'NONE', #8031, #4885, #5323, .T. ) ;
#6602 = FACE_OUTER_BOUND ( 'NONE', #4325, .T. ) ;
#6604 = ORIENTED_EDGE ( 'NONE', *, *, #5288, .F. ) ;
#6605 = VECTOR ( 'NONE', #4311, 1000.000000000000000 ) ;
#6606 = CARTESIAN_POINT ( 'NONE',  ( -1.250000000000000222, 5.379999999999999893, 2.600000000000000089 ) ) ;
#6607 = AXIS2_PLACEMENT_3D ( 'NONE', #3759, #6997, #6878 ) ;
#6608 = VERTEX_POINT ( 'NONE', #7347 ) ;
#6609 = LINE ( 'NONE', #1466, #4275 ) ;
#6610 = ORIENTED_EDGE ( 'NONE', *, *, #1999, .F. ) ;
#6611 = VECTOR ( 'NONE', #351, 1000.000000000000000 ) ;
#6612 = CARTESIAN_POINT ( 'NONE',  ( -5.500000000000000000, 5.380000000000001670, 3.600000000000000089 ) ) ;
#6613 = FACE_OUTER_BOUND ( 'NONE', #3407, .T. ) ;
#6614 = ADVANCED_FACE ( 'NONE', ( #4295 ), #629, .T. ) ;
#6615 = CARTESIAN_POINT ( 'NONE',  ( -1.250000000000000222, 3.979999999999999094, 3.199999999999998845 ) ) ;
#6616 = VERTEX_POINT ( 'NONE', #3105 ) ;
#6617 = LINE ( 'NONE', #6010, #4827 ) ;
#6618 = VERTEX_POINT ( 'NONE', #10 ) ;
#6619 = CARTESIAN_POINT ( 'NONE',  ( 1.149999999999999911, 3.979999999999999094, -2.250000000000001332 ) ) ;
#6620 = CARTESIAN_POINT ( 'NONE',  ( -4.733304317620381063, -0.5199999999999995737, 0.6825865928986816211 ) ) ;
#6621 = VECTOR ( 'NONE', #1721, 1000.000000000000000 ) ;
#6622 = CONTEXT_DEPENDENT_SHAPE_REPRESENTATION ( #1447, #2720 ) ;
#6623 = ORIENTED_EDGE ( 'NONE', *, *, #1425, .T. ) ;
#6624 = DIRECTION ( 'NONE',  ( 1.000000000000000000, 0.000000000000000000, -0.000000000000000000 ) ) ;
#6625 = ORIENTED_EDGE ( 'NONE', *, *, #2499, .F. ) ;
#6626 = DIRECTION ( 'NONE',  ( 0.000000000000000000, 0.000000000000000000, 1.000000000000000000 ) ) ;
#6627 = VECTOR ( 'NONE', #4546, 1000.000000000000000 ) ;
#6628 = ADVANCED_FACE ( 'NONE', ( #1796 ), #4909, .F. ) ;
#6629 = DIRECTION ( 'NONE',  ( 0.6427876096865392519, 0.000000000000000000, 0.7660444431189780135 ) ) ;
#6630 = DIRECTION ( 'NONE',  ( 0.000000000000000000, 0.000000000000000000, 1.000000000000000000 ) ) ;
#6631 = VECTOR ( 'NONE', #3727, 1000.000000000000000 ) ;
#6632 = DIRECTION ( 'NONE',  ( 0.000000000000000000, -0.000000000000000000, -1.000000000000000000 ) ) ;
#6633 = EDGE_CURVE ( 'NONE', #7170, #6066, #1219, .T. ) ;
#6634 = LINE ( 'NONE', #4812, #3669 ) ;
#6635 = CARTESIAN_POINT ( 'NONE',  ( -2.709999999999999964, 1.379999999999999671, 1.369999999999999662 ) ) ;
#6636 = DIRECTION ( 'NONE',  ( 0.000000000000000000, 0.000000000000000000, 1.000000000000000000 ) ) ;
#6637 = AXIS2_PLACEMENT_3D ( 'NONE', #1682, #5405, #2864 ) ;
#6638 = EDGE_CURVE ( 'NONE', #6592, #6616, #7463, .T. ) ;
#6639 = ORIENTED_EDGE ( 'NONE', *, *, #1460, .F. ) ;
#6640 = ORIENTED_EDGE ( 'NONE', *, *, #1985, .F. ) ;
#6641 = DIRECTION ( 'NONE',  ( 1.144344205099612874E-16, -1.000000000000000000, -1.363776317591828850E-16 ) ) ;
#6642 = VECTOR ( 'NONE', #7812, 1000.000000000000000 ) ;
#6643 = ADVANCED_FACE ( 'NONE', ( #5520 ), #8026, .T. ) ;
#6644 = EDGE_CURVE ( 'NONE', #3316, #1313, #7424, .T. ) ;
#6645 = LINE ( 'NONE', #6921, #3618 ) ;
#6646 = CARTESIAN_POINT ( 'NONE',  ( 0.3500000000000000333, 1.835969349108944604, 2.600000000000000089 ) ) ;
#6647 = CARTESIAN_POINT ( 'NONE',  ( 1.950000000000000178, 1.835969349108944604, 2.600000000000000089 ) ) ;
#6648 = VERTEX_POINT ( 'NONE', #589 ) ;
#6649 = VECTOR ( 'NONE', #2188, 1000.000000000000000 ) ;
#6650 = CARTESIAN_POINT ( 'NONE',  ( 3.900000000000000355, 2.879999999999999893, 1.405037386032898405 ) ) ;
#6651 = EDGE_LOOP ( 'NONE', ( #1733, #7049, #4215, #4622 ) ) ;
#6652 = ORIENTED_EDGE ( 'NONE', *, *, #1301, .T. ) ;
#6653 = AXIS2_PLACEMENT_3D ( 'NONE', #6854, #4301, #6778 ) ;
#6654 = ADVANCED_FACE ( 'NONE', ( #6160 ), #6771, .F. ) ;
#6655 = FACE_OUTER_BOUND ( 'NONE', #7619, .T. ) ;
#6656 = DIRECTION ( 'NONE',  ( 0.000000000000000000, -1.000000000000000000, -1.363776317591828850E-16 ) ) ;
#6657 = LINE ( 'NONE', #5486, #3902 ) ;
#6658 = LINE ( 'NONE', #4645, #2554 ) ;
#6659 = ORIENTED_EDGE ( 'NONE', *, *, #3799, .T. ) ;
#6660 = CARTESIAN_POINT ( 'NONE',  ( -5.500000000000000000, 5.380000000000001670, 3.750000000000000000 ) ) ;
#6661 = ORIENTED_EDGE ( 'NONE', *, *, #456, .T. ) ;
#6662 = CARTESIAN_POINT ( 'NONE',  ( -0.1773935734958372867, 1.236752569906038657, 4.348729346109906579 ) ) ;
#6663 = CARTESIAN_POINT ( 'NONE',  ( -1.110000000000000320, 0.4300000000000007150, 3.553360657221955154 ) ) ;
#6664 = ORIENTED_EDGE ( 'NONE', *, *, #5923, .F. ) ;
#6665 = LINE ( 'NONE', #6016, #2565 ) ;
#6666 = EDGE_CURVE ( 'NONE', #2561, #831, #4998, .T. ) ;
#6667 = ORIENTED_EDGE ( 'NONE', *, *, #893, .T. ) ;
#6668 = DIRECTION ( 'NONE',  ( 0.000000000000000000, -1.000000000000000000, 0.000000000000000000 ) ) ;
#6669 = DIRECTION ( 'NONE',  ( 1.000000000000000000, 0.000000000000000000, 0.000000000000000000 ) ) ;
#6670 = DIRECTION ( 'NONE',  ( -0.000000000000000000, -0.000000000000000000, 1.000000000000000000 ) ) ;
#6671 = DIRECTION ( 'NONE',  ( 0.000000000000000000, 0.7071067811865465735, -0.7071067811865484609 ) ) ;
#6672 = LINE ( 'NONE', #445, #5748 ) ;
#6673 = LINE ( 'NONE', #2316, #3940 ) ;
#6674 = PLANE ( 'NONE',  #5063 ) ;
#6675 = ORIENTED_EDGE ( 'NONE', *, *, #5250, .F. ) ;
#6676 = VERTEX_POINT ( 'NONE', #1252 ) ;
#6677 = CARTESIAN_POINT ( 'NONE',  ( -3.290000000000000480, 0.4300000000000007150, 3.369999999999999662 ) ) ;
#6678 = EDGE_CURVE ( 'NONE', #6553, #2433, #5645, .T. ) ;
#6679 = EDGE_CURVE ( 'NONE', #1396, #3266, #3145, .T. ) ;
#6680 = DIRECTION ( 'NONE',  ( -0.5220483011439810417, 0.000000000000000000, 0.8529159227454270464 ) ) ;
#6681 =( NAMED_UNIT ( * ) PLANE_ANGLE_UNIT ( ) SI_UNIT ( $, .RADIAN. ) );
#6682 = CARTESIAN_POINT ( 'NONE',  ( 1.289999999999999813, 3.548505796534330958, 3.369999999999999662 ) ) ;
#6683 = ORIENTED_EDGE ( 'NONE', *, *, #3593, .T. ) ;
#6684 = LINE ( 'NONE', #6650, #5102 ) ;
#6685 = ORIENTED_EDGE ( 'NONE', *, *, #6874, .T. ) ;
#6686 = EDGE_CURVE ( 'NONE', #967, #5164, #544, .T. ) ;
#6687 = FACE_OUTER_BOUND ( 'NONE', #3712, .T. ) ;
#6688 = ORIENTED_EDGE ( 'NONE', *, *, #5616, .T. ) ;
#6689 = DIRECTION ( 'NONE',  ( 1.000000000000000000, 0.000000000000000000, -0.000000000000000000 ) ) ;
#6690 = LINE ( 'NONE', #3736, #8030 ) ;
#6691 = DIRECTION ( 'NONE',  ( -0.000000000000000000, -0.7071067811865489050, -0.7071067811865460184 ) ) ;
#6692 = CARTESIAN_POINT ( 'NONE',  ( 0.000000000000000000, 0.000000000000000000, 3.100000000000000089 ) ) ;
#6693 = VERTEX_POINT ( 'NONE', #7928 ) ;
#6694 = CARTESIAN_POINT ( 'NONE',  ( 3.689999999999999947, 0.4300000000000000488, 0.000000000000000000 ) ) ;
#6695 = CARTESIAN_POINT ( 'NONE',  ( -2.850000000000000089, 3.979999999999999094, 3.199999999999998845 ) ) ;
#6696 = LINE ( 'NONE', #5447, #2315 ) ;
#6697 = ORIENTED_EDGE ( 'NONE', *, *, #4509, .F. ) ;
#6698 = ORIENTED_EDGE ( 'NONE', *, *, #2157, .F. ) ;
#6699 = CARTESIAN_POINT ( 'NONE',  ( 1.950000000000000178, 5.379999999999999893, 2.600000000000000089 ) ) ;
#6700 = DIRECTION ( 'NONE',  ( 1.000000000000000000, 0.000000000000000000, 0.000000000000000000 ) ) ;
#6701 = EDGE_LOOP ( 'NONE', ( #6205, #6685, #3709, #3295, #4675, #2003 ) ) ;
#6702 = DIRECTION ( 'NONE',  ( 1.144344205099612874E-16, 1.000000000000000000, 1.363776317591828850E-16 ) ) ;
#6703 = EDGE_CURVE ( 'NONE', #7338, #4418, #6634, .T. ) ;
#6704 = CARTESIAN_POINT ( 'NONE',  ( 0.4899999999999999911, 2.879999999999999893, 1.369999999999999662 ) ) ;
#6705 = LINE ( 'NONE', #4274, #7643 ) ;
#6706 = LINE ( 'NONE', #491, #1169 ) ;
#6707 = CARTESIAN_POINT ( 'NONE',  ( 1.510000000000000009, 3.548505796534330958, 3.369999999999999662 ) ) ;
#6708 = DIRECTION ( 'NONE',  ( 0.000000000000000000, -1.000000000000000000, 0.000000000000000000 ) ) ;
#6709 = EDGE_CURVE ( 'NONE', #4686, #6428, #1040, .T. ) ;
#6710 = ORIENTED_EDGE ( 'NONE', *, *, #5793, .T. ) ;
#6711 = ORIENTED_EDGE ( 'NONE', *, *, #2938, .T. ) ;
#6712 = DIRECTION ( 'NONE',  ( -0.000000000000000000, 0.8660254037844389297, -0.4999999999999993339 ) ) ;
#6713 = AXIS2_PLACEMENT_3D ( 'NONE', #3552, #7853, #3054 ) ;
#6714 = AXIS2_PLACEMENT_3D ( 'NONE', #6546, #7808, #3455 ) ;
#6715 = CARTESIAN_POINT ( 'NONE',  ( 4.700000000000000178, 5.380000000000001670, 3.100000000000000089 ) ) ;
#6716 = DIRECTION ( 'NONE',  ( -0.000000000000000000, 1.000000000000000000, -0.000000000000000000 ) ) ;
#6717 = ADVANCED_FACE ( 'NONE', ( #3048 ), #3503, .F. ) ;
#6718 = ORIENTED_EDGE ( 'NONE', *, *, #4684, .F. ) ;
#6719 = CARTESIAN_POINT ( 'NONE',  ( 2.725000000000000089, 2.273782217350889923, 3.749999999999999556 ) ) ;
#6720 = ORIENTED_EDGE ( 'NONE', *, *, #5400, .T. ) ;
#6721 = EDGE_CURVE ( 'NONE', #2884, #3264, #3584, .T. ) ;
#6722 = AXIS2_PLACEMENT_3D ( 'NONE', #3414, #5452, #2346 ) ;
#6723 = CARTESIAN_POINT ( 'NONE',  ( 3.900000000000000355, 1.016439536705160407E-16, 4.451878488843855841 ) ) ;
#6724 = VECTOR ( 'NONE', #1676, 1000.000000000000000 ) ;
#6725 = ORIENTED_EDGE ( 'NONE', *, *, #2395, .F. ) ;
#6726 = CARTESIAN_POINT ( 'NONE',  ( -1.689999999999999725, 2.614371549809415551, 3.553360657221955154 ) ) ;
#6727 = EDGE_CURVE ( 'NONE', #6239, #5282, #1739, .T. ) ;
#6728 = LINE ( 'NONE', #3649, #7173 ) ;
#6729 = ADVANCED_FACE ( 'NONE', ( #2361 ), #1699, .F. ) ;
#6730 = CARTESIAN_POINT ( 'NONE',  ( 0.8500000000000000888, 5.379999999999999893, 2.600000000000000089 ) ) ;
#6731 = AXIS2_PLACEMENT_3D ( 'NONE', #3192, #6289, #760 ) ;
#6732 = CIRCLE ( 'NONE', #7771, 0.1000000000000002554 ) ;
#6733 = DIRECTION ( 'NONE',  ( -0.000000000000000000, 0.000000000000000000, -1.000000000000000000 ) ) ;
#6734 = DIRECTION ( 'NONE',  ( 1.000000000000000000, 0.000000000000000000, -0.000000000000000000 ) ) ;
#6735 = ORIENTED_EDGE ( 'NONE', *, *, #1493, .F. ) ;
#6736 = DIRECTION ( 'NONE',  ( -0.5220483011439810417, -0.000000000000000000, 0.8529159227454270464 ) ) ;
#6737 = ORIENTED_EDGE ( 'NONE', *, *, #149, .F. ) ;
#6738 = LINE ( 'NONE', #7400, #3881 ) ;
#6739 = ADVANCED_FACE ( 'NONE', ( #4114 ), #5984, .T. ) ;
#6740 = DIRECTION ( 'NONE',  ( 0.000000000000000000, -1.000000000000000000, -0.000000000000000000 ) ) ;
#6741 = VECTOR ( 'NONE', #5963, 1000.000000000000114 ) ;
#6742 = ORIENTED_EDGE ( 'NONE', *, *, #1144, .T. ) ;
#6743 = ORIENTED_EDGE ( 'NONE', *, *, #6344, .F. ) ;
#6744 = ADVANCED_FACE ( 'NONE', ( #1160 ), #6586, .F. ) ;
#6745 = FACE_OUTER_BOUND ( 'NONE', #3290, .T. ) ;
#6746 = EDGE_CURVE ( 'NONE', #1069, #1463, #4767, .T. ) ;
#6747 = DIRECTION ( 'NONE',  ( 0.000000000000000000, 0.000000000000000000, 1.000000000000000000 ) ) ;
#6748 = VERTEX_POINT ( 'NONE', #4157 ) ;
#6749 = CARTESIAN_POINT ( 'NONE',  ( -4.500000000000000000, 0.3300000000000001266, 0.000000000000000000 ) ) ;
#6750 = AXIS2_PLACEMENT_3D ( 'NONE', #2511, #1276, #6831 ) ;
#6751 = DIRECTION ( 'NONE',  ( 0.000000000000000000, -1.000000000000000000, 0.000000000000000000 ) ) ;
#6752 = CARTESIAN_POINT ( 'NONE',  ( -3.510000000000000675, 2.879999999999999893, 1.369999999999999662 ) ) ;
#6753 = CARTESIAN_POINT ( 'NONE',  ( 3.299999999999999822, 0.1356428144323411078, -4.498121511156143448 ) ) ;
#6754 = ORIENTED_EDGE ( 'NONE', *, *, #1460, .T. ) ;
#6755 = DIRECTION ( 'NONE',  ( -0.000000000000000000, 0.000000000000000000, -1.000000000000000000 ) ) ;
#6756 = AXIS2_PLACEMENT_3D ( 'NONE', #3358, #1429, #3941 ) ;
#6757 = DIRECTION ( 'NONE',  ( 1.000000000000000000, 0.000000000000000000, 0.000000000000000000 ) ) ;
#6758 = EDGE_CURVE ( 'NONE', #254, #2405, #3547, .T. ) ;
#6759 = DIRECTION ( 'NONE',  ( -1.000000000000000000, 0.000000000000000000, 0.000000000000000000 ) ) ;
#6760 = DIRECTION ( 'NONE',  ( -1.000000000000000000, 0.000000000000000000, 0.000000000000000000 ) ) ;
#6761 = ORIENTED_EDGE ( 'NONE', *, *, #3005, .F. ) ;
#6762 = AXIS2_PLACEMENT_3D ( 'NONE', #6201, #7498, #596 ) ;
#6763 = ORIENTED_EDGE ( 'NONE', *, *, #2194, .F. ) ;
#6764 = CARTESIAN_POINT ( 'NONE',  ( -1.909999999999999698, 1.379999999999999671, 3.369999999999999662 ) ) ;
#6765 = EDGE_CURVE ( 'NONE', #7448, #6056, #402, .T. ) ;
#6766 = VECTOR ( 'NONE', #6751, 1000.000000000000000 ) ;
#6767 = CARTESIAN_POINT ( 'NONE',  ( 3.299999999999999822, 0.3939045651229473033, -3.798121511156143715 ) ) ;
#6768 = DIRECTION ( 'NONE',  ( -0.6546536707079765316, 0.6546536707079777528, -0.3779644730092270311 ) ) ;
#6769 = CARTESIAN_POINT ( 'NONE',  ( -0.4499999999999999001, 4.980000000000000426, 3.600000000000000089 ) ) ;
#6770 = VERTEX_POINT ( 'NONE', #7882 ) ;
#6771 = PLANE ( 'NONE',  #3396 ) ;
#6772 = EDGE_LOOP ( 'NONE', ( #220, #6488, #922, #878 ) ) ;
#6773 = AXIS2_PLACEMENT_3D ( 'NONE', #5256, #5898, #7628 ) ;
#6774 = PLANE ( 'NONE',  #2051 ) ;
#6775 = ORIENTED_EDGE ( 'NONE', *, *, #4810, .T. ) ;
#6776 = EDGE_CURVE ( 'NONE', #1363, #5122, #2314, .T. ) ;
#6777 = FACE_OUTER_BOUND ( 'NONE', #367, .T. ) ;
#6778 = DIRECTION ( 'NONE',  ( 0.000000000000000000, 0.000000000000000000, 1.000000000000000000 ) ) ;
#6779 = VECTOR ( 'NONE', #7968, 1000.000000000000000 ) ;
#6780 = CARTESIAN_POINT ( 'NONE',  ( 4.700000000000000178, 2.879999999999999893, -2.250000000000001332 ) ) ;
#6781 = FACE_OUTER_BOUND ( 'NONE', #3450, .T. ) ;
#6782 = CARTESIAN_POINT ( 'NONE',  ( 3.910000000000000142, 1.379999999999999671, 1.369999999999999662 ) ) ;
#6783 = ORIENTED_EDGE ( 'NONE', *, *, #4615, .T. ) ;
#6784 = FACE_OUTER_BOUND ( 'NONE', #4380, .T. ) ;
#6785 = ORIENTED_EDGE ( 'NONE', *, *, #4511, .T. ) ;
#6786 = LINE ( 'NONE', #6210, #2183 ) ;
#6787 = APPLICATION_PROTOCOL_DEFINITION ( 'draft international standard', 'automotive_design', 1998, #2853 ) ;
#6788 = AXIS2_PLACEMENT_3D ( 'NONE', #1441, #3913, #5782 ) ;
#6789 = ORIENTED_EDGE ( 'NONE', *, *, #2579, .F. ) ;
#6790 = EDGE_CURVE ( 'NONE', #6428, #155, #6706, .T. ) ;
#6791 = DIRECTION ( 'NONE',  ( -0.000000000000000000, -1.000000000000000000, -0.000000000000000000 ) ) ;
#6792 = ORIENTED_EDGE ( 'NONE', *, *, #4108, .T. ) ;
#6793 = VECTOR ( 'NONE', #2334, 1000.000000000000114 ) ;
#6794 = CARTESIAN_POINT ( 'NONE',  ( 3.910000000000000142, 3.548505796534330958, 3.369999999999999662 ) ) ;
#6795 = CARTESIAN_POINT ( 'NONE',  ( -1.689999999999999725, 2.879999999999999893, 3.399999999999998579 ) ) ;
#6796 = EDGE_CURVE ( 'NONE', #1631, #3264, #6672, .T. ) ;
#6797 = EDGE_CURVE ( 'NONE', #6676, #1089, #1116, .T. ) ;
#6798 = CARTESIAN_POINT ( 'NONE',  ( -5.220583184549083988, 0.3300000000000001266, 0.1044096602287944014 ) ) ;
#6799 = DIRECTION ( 'NONE',  ( 1.000000000000000000, 0.000000000000000000, 0.000000000000000000 ) ) ;
#6800 = DIRECTION ( 'NONE',  ( -1.000000000000000000, 0.000000000000000000, 0.000000000000000000 ) ) ;
#6801 = ORIENTED_EDGE ( 'NONE', *, *, #1211, .F. ) ;
#6802 = ORIENTED_EDGE ( 'NONE', *, *, #2965, .T. ) ;
#6803 = DIRECTION ( 'NONE',  ( 0.000000000000000000, -1.000000000000000000, 0.000000000000000000 ) ) ;
#6804 = ORIENTED_EDGE ( 'NONE', *, *, #7478, .T. ) ;
#6805 = DIRECTION ( 'NONE',  ( 0.3868795754558335687, -0.7985882202808504138, 0.4610651239508122834 ) ) ;
#6806 = DIRECTION ( 'NONE',  ( 0.000000000000000000, 0.000000000000000000, 1.000000000000000000 ) ) ;
#6807 = ORIENTED_EDGE ( 'NONE', *, *, #6315, .T. ) ;
#6808 = DIRECTION ( 'NONE',  ( -1.000000000000000000, 0.000000000000000000, 0.000000000000000000 ) ) ;
#6809 = ORIENTED_EDGE ( 'NONE', *, *, #328, .F. ) ;
#6810 = CARTESIAN_POINT ( 'NONE',  ( -1.110000000000000320, 1.379999999999999671, 1.369999999999999662 ) ) ;
#6811 = EDGE_CURVE ( 'NONE', #2797, #2541, #3007, .T. ) ;
#6812 = ORIENTED_EDGE ( 'NONE', *, *, #6638, .F. ) ;
#6813 = DIRECTION ( 'NONE',  ( -1.000000000000000000, 0.000000000000000000, 0.000000000000000000 ) ) ;
#6814 = ORIENTED_EDGE ( 'NONE', *, *, #2162, .F. ) ;
#6815 = CARTESIAN_POINT ( 'NONE',  ( -4.500000000000000000, 5.380000000000001670, 3.750000000000000000 ) ) ;
#6816 = DIRECTION ( 'NONE',  ( -1.000000000000000000, 0.000000000000000000, 0.000000000000000000 ) ) ;
#6817 = LINE ( 'NONE', #16, #5955 ) ;
#6818 = PLANE ( 'NONE',  #5045 ) ;
#6819 = ORIENTED_EDGE ( 'NONE', *, *, #7971, .T. ) ;
#6820 = DIRECTION ( 'NONE',  ( -0.6031026327552700961, -0.7071067811865467956, -0.3691438938458319052 ) ) ;
#6821 = EDGE_CURVE ( 'NONE', #1629, #1989, #6147, .T. ) ;
#6822 = ORIENTED_EDGE ( 'NONE', *, *, #4368, .F. ) ;
#6823 = CONTEXT_DEPENDENT_SHAPE_REPRESENTATION ( #1871, #7334 ) ;
#6824 = VERTEX_POINT ( 'NONE', #2437 ) ;
#6825 = CARTESIAN_POINT ( 'NONE',  ( -0.3099999999999999423, 1.379999999999999671, 3.369999999999999662 ) ) ;
#6826 = DIRECTION ( 'NONE',  ( 1.144344205099612874E-16, -1.000000000000000000, -1.363776317591828850E-16 ) ) ;
#6827 = EDGE_LOOP ( 'NONE', ( #7078, #5680, #2158, #5601 ) ) ;
#6828 = DIRECTION ( 'NONE',  ( -0.000000000000000000, 1.000000000000000000, -0.000000000000000000 ) ) ;
#6829 = CARTESIAN_POINT ( 'NONE',  ( 2.089999999999999858, 3.548505796534330958, 3.553360657221955154 ) ) ;
#6830 = CARTESIAN_POINT ( 'NONE',  ( 0.4899999999999999911, 1.379999999999999671, 1.369999999999999662 ) ) ;
#6831 = DIRECTION ( 'NONE',  ( 1.000000000000000000, 0.000000000000000000, -0.000000000000000000 ) ) ;
#6832 = EDGE_CURVE ( 'NONE', #8027, #3218, #3874, .T. ) ;
#6833 = ADVANCED_FACE ( 'NONE', ( #7412 ), #5098, .T. ) ;
#6834 = ORIENTED_EDGE ( 'NONE', *, *, #6473, .T. ) ;
#6835 = CARTESIAN_POINT ( 'NONE',  ( -4.800000000000028244, -1.740110052704490595, 1.545606163740003147 ) ) ;
#6836 = CARTESIAN_POINT ( 'NONE',  ( 3.550000000000000266, 1.835969349108944604, 2.600000000000000089 ) ) ;
#6837 = EDGE_CURVE ( 'NONE', #557, #4972, #1896, .T. ) ;
#6838 = DIRECTION ( 'NONE',  ( -1.000000000000000000, 0.000000000000000000, 0.000000000000000000 ) ) ;
#6839 = ORIENTED_EDGE ( 'NONE', *, *, #1976, .T. ) ;
#6840 = DIRECTION ( 'NONE',  ( 1.000000000000000000, 0.000000000000000000, 0.000000000000000000 ) ) ;
#6841 = EDGE_CURVE ( 'NONE', #547, #3730, #6300, .T. ) ;
#6842 = ORIENTED_EDGE ( 'NONE', *, *, #456, .F. ) ;
#6843 = EDGE_CURVE ( 'NONE', #6090, #6431, #5021, .T. ) ;
#6844 = CARTESIAN_POINT ( 'NONE',  ( -4.714708407725457739, -0.5199999999999987965, 0.6522048301143482663 ) ) ;
#6845 = FACE_OUTER_BOUND ( 'NONE', #864, .T. ) ;
#6846 = VERTEX_POINT ( 'NONE', #3086 ) ;
#6847 = DIRECTION ( 'NONE',  ( 0.000000000000000000, -1.000000000000000000, 0.000000000000000000 ) ) ;
#6848 = ORIENTED_EDGE ( 'NONE', *, *, #5340, .F. ) ;
#6849 = EDGE_LOOP ( 'NONE', ( #4954, #6610, #6330, #666 ) ) ;
#6850 = LINE ( 'NONE', #1416, #7625 ) ;
#6851 = VECTOR ( 'NONE', #7921, 1000.000000000000114 ) ;
#6852 = PRESENTATION_LAYER_ASSIGNMENT (  '', '', ( #7762 ) ) ;
#6853 = CARTESIAN_POINT ( 'NONE',  ( -5.220583184549083988, -0.7699999999999997957, 0.1044096602287949982 ) ) ;
#6854 = CARTESIAN_POINT ( 'NONE',  ( 5.500000000000000000, 5.379999999999999893, 3.899999999999999911 ) ) ;
#6855 = DIRECTION ( 'NONE',  ( 0.000000000000000000, 1.000000000000000000, -6.691560283308973665E-16 ) ) ;
#6856 = EDGE_CURVE ( 'NONE', #3274, #4091, #1280, .T. ) ;
#6857 = FACE_OUTER_BOUND ( 'NONE', #7871, .T. ) ;
#6858 = ORIENTED_EDGE ( 'NONE', *, *, #2702, .F. ) ;
#6859 = AXIS2_PLACEMENT_3D ( 'NONE', #2012, #7559, #3370 ) ;
#6860 = CARTESIAN_POINT ( 'NONE',  ( -4.714708407725457739, 0.3300000000000001266, 0.6522048301143482663 ) ) ;
#6861 = AXIS2_PLACEMENT_3D ( 'NONE', #1347, #3236, #102 ) ;
#6862 = ORIENTED_EDGE ( 'NONE', *, *, #71, .F. ) ;
#6863 = ORIENTED_EDGE ( 'NONE', *, *, #2904, .F. ) ;
#6864 = ITEM_DEFINED_TRANSFORMATION ( 'NONE', 'NONE', #1697,  #1711 ) ;
#6865 = AXIS2_PLACEMENT_3D ( 'NONE', #1029, #4798, #3536 ) ;
#6866 = AXIS2_PLACEMENT_3D ( 'NONE', #1865, #1162, #7415 ) ;
#6867 = EDGE_CURVE ( 'NONE', #2872, #904, #5546, .T. ) ;
#6868 = LINE ( 'NONE', #1270, #4058 ) ;
#6869 = DIRECTION ( 'NONE',  ( 1.000000000000000000, 0.000000000000000000, -0.000000000000000000 ) ) ;
#6870 = VERTEX_POINT ( 'NONE', #4326 ) ;
#6871 = DIRECTION ( 'NONE',  ( -1.000000000000000000, 0.000000000000000000, 0.000000000000000000 ) ) ;
#6872 = VECTOR ( 'NONE', #382, 1000.000000000000000 ) ;
#6873 = VERTEX_POINT ( 'NONE', #6919 ) ;
#6874 = EDGE_CURVE ( 'NONE', #7990, #5591, #2261, .T. ) ;
#6875 = DIRECTION ( 'NONE',  ( -0.5220483011439734922, 0.000000000000000000, -0.8529159227454317094 ) ) ;
#6876 = VECTOR ( 'NONE', #3210, 1000.000000000000000 ) ;
#6877 = CARTESIAN_POINT ( 'NONE',  ( -5.220583184549082212, -0.5200000000000105649, -0.1044096602287979542 ) ) ;
#6878 = DIRECTION ( 'NONE',  ( 0.000000000000000000, 0.000000000000000000, 1.000000000000000000 ) ) ;
#6879 = EDGE_LOOP ( 'NONE', ( #2450, #5124, #783, #5617, #4872, #228, #5781 ) ) ;
#6880 = ORIENTED_EDGE ( 'NONE', *, *, #5851, .F. ) ;
#6881 = LINE ( 'NONE', #4946, #4683 ) ;
#6882 = AXIS2_PLACEMENT_3D ( 'NONE', #386, #1140, #6733 ) ;
#6883 = EDGE_LOOP ( 'NONE', ( #6430, #4025, #5959, #6540 ) ) ;
#6884 = EDGE_CURVE ( 'NONE', #2387, #3101, #8010, .T. ) ;
#6885 = ADVANCED_FACE ( 'NONE', ( #6337 ), #5630, .F. ) ;
#6886 = VECTOR ( 'NONE', #5885, 1000.000000000000000 ) ;
#6887 = EDGE_CURVE ( 'NONE', #5531, #2185, #7450, .T. ) ;
#6888 = CARTESIAN_POINT ( 'NONE',  ( -5.500000000000000000, 2.273782217350889923, 3.749999999999999556 ) ) ;
#6889 = PLANE ( 'NONE',  #7020 ) ;
#6890 = EDGE_LOOP ( 'NONE', ( #5325, #2376 ) ) ;
#6891 = VERTEX_POINT ( 'NONE', #2548 ) ;
#6892 = EDGE_LOOP ( 'NONE', ( #3426, #4727, #5312, #815 ) ) ;
#6893 = ADVANCED_FACE ( 'NONE', ( #1863 ), #4401, .F. ) ;
#6894 = AXIS2_PLACEMENT_3D ( 'NONE', #4697, #3427, #1584 ) ;
#6895 = ADVANCED_FACE ( 'NONE', ( #3802 ), #6266, .F. ) ;
#6896 = PLANE ( 'NONE',  #8058 ) ;
#6897 = CARTESIAN_POINT ( 'NONE',  ( 3.700000000000000178, 1.016439536705160407E-16, 4.451878488843855841 ) ) ;
#6898 = DIRECTION ( 'NONE',  ( 0.000000000000000000, -0.000000000000000000, -1.000000000000000000 ) ) ;
#6899 = DIRECTION ( 'NONE',  ( -0.000000000000000000, 0.8660254037844389297, -0.4999999999999993339 ) ) ;
#6900 = ORIENTED_EDGE ( 'NONE', *, *, #4094, .T. ) ;
#6901 = VECTOR ( 'NONE', #3785, 1000.000000000000227 ) ;
#6902 = FACE_OUTER_BOUND ( 'NONE', #5321, .T. ) ;
#6903 = VERTEX_POINT ( 'NONE', #1939 ) ;
#6904 = DIRECTION ( 'NONE',  ( 0.000000000000000000, 0.000000000000000000, 1.000000000000000000 ) ) ;
#6905 = ITEM_DEFINED_TRANSFORMATION ( 'NONE', 'NONE', #6531,  #1711 ) ;
#6906 = EDGE_CURVE ( 'NONE', #795, #6941, #1320, .T. ) ;
#6907 = VECTOR ( 'NONE', #3717, 1000.000000000000000 ) ;
#6908 = AXIS2_PLACEMENT_3D ( 'NONE', #7216, #7788, #1058 ) ;
#6909 = CARTESIAN_POINT ( 'NONE',  ( -5.500000000000000000, 5.379999999999999893, 3.899999999999999911 ) ) ;
#6910 = LINE ( 'NONE', #3794, #3755 ) ;
#6911 = ORIENTED_EDGE ( 'NONE', *, *, #1433, .F. ) ;
#6912 = CARTESIAN_POINT ( 'NONE',  ( -2.709999999999999964, 3.548505796534330958, 3.369999999999999662 ) ) ;
#6913 = CYLINDRICAL_SURFACE ( 'NONE', #1902, 0.1000000000000002554 ) ;
#6914 = FACE_OUTER_BOUND ( 'NONE', #6461, .T. ) ;
#6915 = VECTOR ( 'NONE', #3282, 1000.000000000000000 ) ;
#6916 = EDGE_CURVE ( 'NONE', #5132, #7642, #5707, .T. ) ;
#6917 = ORIENTED_EDGE ( 'NONE', *, *, #6633, .F. ) ;
#6918 = DIRECTION ( 'NONE',  ( 0.000000000000000000, -0.4999999999999993894, -0.8660254037844390407 ) ) ;
#6919 = CARTESIAN_POINT ( 'NONE',  ( 3.299999999999999822, 0.1000000000000000056, -4.498121511156143448 ) ) ;
#6920 = AXIS2_PLACEMENT_3D ( 'NONE', #3425, #2154, #5787 ) ;
#6921 = CARTESIAN_POINT ( 'NONE',  ( 2.511867452008409884, 5.500365678348773102, 1.887131170230080368 ) ) ;
#6922 = CARTESIAN_POINT ( 'NONE',  ( 3.550000000000000266, 3.979999999999999094, -2.250000000000001332 ) ) ;
#6923 = CARTESIAN_POINT ( 'NONE',  ( -0.08999999999999980238, 0.4300000000000007150, 3.369999999999999662 ) ) ;
#6924 = ORIENTED_EDGE ( 'NONE', *, *, #3217, .F. ) ;
#6925 = CARTESIAN_POINT ( 'NONE',  ( -4.800000000000000711, 0.3300000000000001266, 0.5999999999999513500 ) ) ;
#6926 = ADVANCED_FACE ( 'NONE', ( #1979 ), #4485, .F. ) ;
#6927 = ORIENTED_EDGE ( 'NONE', *, *, #784, .F. ) ;
#6928 = CARTESIAN_POINT ( 'NONE',  ( -1.250000000000000222, 4.380000000000001670, 3.600000000000000089 ) ) ;
#6929 = ORIENTED_EDGE ( 'NONE', *, *, #6354, .F. ) ;
#6930 = FACE_OUTER_BOUND ( 'NONE', #2322, .T. ) ;
#6931 = EDGE_LOOP ( 'NONE', ( #6313, #1664, #7046, #5815 ) ) ;
#6932 = ORIENTED_EDGE ( 'NONE', *, *, #4653, .T. ) ;
#6933 = ORIENTED_EDGE ( 'NONE', *, *, #7003, .T. ) ;
#6934 = EDGE_CURVE ( 'NONE', #2777, #1396, #6996, .T. ) ;
#6935 = DIRECTION ( 'NONE',  ( -1.000000000000000000, 0.000000000000000000, 0.000000000000000000 ) ) ;
#6936 = EDGE_CURVE ( 'NONE', #3158, #4725, #5172, .T. ) ;
#6937 = CARTESIAN_POINT ( 'NONE',  ( -5.599999999999999645, 0.000000000000000000, 1.369999999999999662 ) ) ;
#6938 = DIRECTION ( 'NONE',  ( -0.000000000000000000, 1.000000000000000000, 0.000000000000000000 ) ) ;
#6939 = LINE ( 'NONE', #1420, #7511 ) ;
#6940 = EDGE_CURVE ( 'NONE', #568, #5431, #778, .T. ) ;
#6941 = VERTEX_POINT ( 'NONE', #182 ) ;
#6942 = FACE_OUTER_BOUND ( 'NONE', #6403, .T. ) ;
#6943 = ORIENTED_EDGE ( 'NONE', *, *, #5632, .F. ) ;
#6944 = CARTESIAN_POINT ( 'NONE',  ( 4.799999999999999822, -3.649898987322333088, 0.6999999999999997335 ) ) ;
#6945 = CARTESIAN_POINT ( 'NONE',  ( -5.220583184549083988, -3.649898987322333088, 0.1044096602287944014 ) ) ;
#6946 = EDGE_LOOP ( 'NONE', ( #452, #1135, #2296, #6761 ) ) ;
#6947 = CARTESIAN_POINT ( 'NONE',  ( 3.500000000000000000, 9.486769009248163798E-17, -3.698121511156143626 ) ) ;
#6948 = PLANE ( 'NONE',  #7779 ) ;
#6949 = ORIENTED_EDGE ( 'NONE', *, *, #6222, .T. ) ;
#6950 = DIRECTION ( 'NONE',  ( 0.000000000000000000, 0.000000000000000000, 1.000000000000000000 ) ) ;
#6951 = CARTESIAN_POINT ( 'NONE',  ( 2.750000000000000444, 1.835969349108944604, 2.600000000000000089 ) ) ;
#6952 = EDGE_CURVE ( 'NONE', #4860, #505, #7682, .T. ) ;
#6953 = DIRECTION ( 'NONE',  ( 0.000000000000000000, -1.000000000000000000, 0.000000000000000000 ) ) ;
#6954 = FACE_OUTER_BOUND ( 'NONE', #72, .T. ) ;
#6955 = EDGE_CURVE ( 'NONE', #540, #4223, #6544, .T. ) ;
#6956 = EDGE_LOOP ( 'NONE', ( #4711, #1306, #4227, #2135, #63, #6737 ) ) ;
#6957 = VERTEX_POINT ( 'NONE', #4687 ) ;
#6958 = CARTESIAN_POINT ( 'NONE',  ( 3.299999999999999822, 0.1000000000000000056, -4.398121511156142915 ) ) ;
#6959 = DIRECTION ( 'NONE',  ( 1.000000000000000000, 0.000000000000000000, 0.000000000000000000 ) ) ;
#6960 = EDGE_CURVE ( 'NONE', #2198, #7600, #7156, .T. ) ;
#6961 = ORIENTED_EDGE ( 'NONE', *, *, #2867, .T. ) ;
#6962 = CARTESIAN_POINT ( 'NONE',  ( 4.299999999999998046, 0.4300000000000000488, -4.000000000000000888 ) ) ;
#6963 = VERTEX_POINT ( 'NONE', #5134 ) ;
#6964 = VERTEX_POINT ( 'NONE', #270 ) ;
#6965 = EDGE_LOOP ( 'NONE', ( #7462, #5467, #4606, #4354 ) ) ;
#6966 = DIRECTION ( 'NONE',  ( -0.8529159227454394809, 0.000000000000000000, 0.5220483011439607246 ) ) ;
#6967 = LINE ( 'NONE', #5685, #7121 ) ;
#6968 = VECTOR ( 'NONE', #2953, 1000.000000000000000 ) ;
#6969 = FACE_OUTER_BOUND ( 'NONE', #2770, .T. ) ;
#6970 = ORIENTED_EDGE ( 'NONE', *, *, #5662, .F. ) ;
#6971 = EDGE_CURVE ( 'NONE', #299, #5265, #7723, .T. ) ;
#6972 = CARTESIAN_POINT ( 'NONE',  ( -7.200000000000001066, 0.000000000000000000, 1.369999999999999662 ) ) ;
#6973 = EDGE_LOOP ( 'NONE', ( #2963, #130, #2863, #1006, #7700, #4594 ) ) ;
#6974 = VERTEX_POINT ( 'NONE', #4069 ) ;
#6975 = VECTOR ( 'NONE', #5038, 1000.000000000000000 ) ;
#6976 = CARTESIAN_POINT ( 'NONE',  ( -2.850000000000000089, 1.835969349108944604, 3.600000000000000089 ) ) ;
#6977 = AXIS2_PLACEMENT_3D ( 'NONE', #5866, #3421, #7726 ) ;
#6978 = EDGE_LOOP ( 'NONE', ( #6052, #5064, #4585, #3995 ) ) ;
#6979 = ADVANCED_FACE ( 'NONE', ( #1398 ), #2665, .F. ) ;
#6980 = ADVANCED_FACE ( 'NONE', ( #6458 ), #111, .F. ) ;
#6981 = CYLINDRICAL_SURFACE ( 'NONE', #7169, 0.09999999999999982514 ) ;
#6982 = AXIS2_PLACEMENT_3D ( 'NONE', #6497, #4681, #6537 ) ;
#6983 = VECTOR ( 'NONE', #976, 1000.000000000000000 ) ;
#6984 = ADVANCED_FACE ( 'NONE', ( #229 ), #2064, .T. ) ;
#6985 = ORIENTED_EDGE ( 'NONE', *, *, #6246, .F. ) ;
#6986 = EDGE_CURVE ( 'NONE', #3170, #1067, #3247, .T. ) ;
#6987 = LINE ( 'NONE', #4358, #2984 ) ;
#6988 = CARTESIAN_POINT ( 'NONE',  ( 3.110000000000000320, 3.548505796534330958, 3.369999999999999662 ) ) ;
#6989 = LINE ( 'NONE', #4560, #697 ) ;
#6990 = DIRECTION ( 'NONE',  ( -0.7660444431189781245, 0.000000000000000000, 0.6427876096865393629 ) ) ;
#6991 = VECTOR ( 'NONE', #2890, 1000.000000000000000 ) ;
#6992 = VECTOR ( 'NONE', #3010, 1000.000000000000114 ) ;
#6993 = ORIENTED_EDGE ( 'NONE', *, *, #1094, .T. ) ;
#6994 = CARTESIAN_POINT ( 'NONE',  ( 0.000000000000000000, 5.379999999999999893, 3.199999999999998845 ) ) ;
#6995 = EDGE_CURVE ( 'NONE', #6502, #4139, #1482, .T. ) ;
#6996 = LINE ( 'NONE', #7764, #1843 ) ;
#6997 = DIRECTION ( 'NONE',  ( -1.000000000000000000, 0.000000000000000000, 0.000000000000000000 ) ) ;
#6998 = VECTOR ( 'NONE', #6126, 1000.000000000000114 ) ;
#6999 =( BOUNDED_CURVE ( )  B_SPLINE_CURVE ( 3, ( #5537, #3927, #4317, #1767 ),
 .UNSPECIFIED., .F., .T. ) 
 B_SPLINE_CURVE_WITH_KNOTS ( ( 4, 4 ),
 ( 5.261639698568656875, 6.283185307179586232 ),
 .UNSPECIFIED. ) 
 CURVE ( )  GEOMETRIC_REPRESENTATION_ITEM ( )  RATIONAL_B_SPLINE_CURVE ( ( 1.000000000000000000, 0.9149113210613493141, 0.9149113210613493141, 1.000000000000000000 ) ) 
 REPRESENTATION_ITEM ( '' )  );
#7000 = EDGE_LOOP ( 'NONE', ( #871, #3302, #3596, #2843, #3939, #6198 ) ) ;
#7001 = EDGE_LOOP ( 'NONE', ( #4621, #6783, #5283, #3429, #3551, #1530 ) ) ;
#7002 = VECTOR ( 'NONE', #223, 1000.000000000000000 ) ;
#7003 = EDGE_CURVE ( 'NONE', #8079, #823, #6418, .T. ) ;
#7004 = DIRECTION ( 'NONE',  ( 0.000000000000000000, 0.000000000000000000, -1.000000000000000000 ) ) ;
#7005 = DIRECTION ( 'NONE',  ( 1.000000000000000000, 0.000000000000000000, -0.000000000000000000 ) ) ;
#7006 = ORIENTED_EDGE ( 'NONE', *, *, #5185, .F. ) ;
#7007 = DIRECTION ( 'NONE',  ( -0.000000000000000000, -0.000000000000000000, 1.000000000000000000 ) ) ;
#7008 = UNCERTAINTY_MEASURE_WITH_UNIT (LENGTH_MEASURE( 1.000000000000000082E-05 ), #916, 'distance_accuracy_value', 'NONE');
#7009 = ORIENTED_EDGE ( 'NONE', *, *, #2432, .T. ) ;
#7010 = VECTOR ( 'NONE', #3545, 1000.000000000000000 ) ;
#7011 = EDGE_CURVE ( 'NONE', #5934, #5068, #819, .T. ) ;
#7012 = DIRECTION ( 'NONE',  ( -0.000000000000000000, 0.8660254037844389297, -0.4999999999999993339 ) ) ;
#7013 = VECTOR ( 'NONE', #1580, 1000.000000000000000 ) ;
#7014 = DIRECTION ( 'NONE',  ( 0.000000000000000000, -1.000000000000000000, 0.000000000000000000 ) ) ;
#7015 = LINE ( 'NONE', #2688, #4009 ) ;
#7016 = LINE ( 'NONE', #7092, #343 ) ;
#7017 = EDGE_LOOP ( 'NONE', ( #7250, #3827, #3461, #1760 ) ) ;
#7018 = LINE ( 'NONE', #2090, #6123 ) ;
#7019 = ORIENTED_EDGE ( 'NONE', *, *, #4011, .T. ) ;
#7020 = AXIS2_PLACEMENT_3D ( 'NONE', #1128, #5559, #6114 ) ;
#7021 = DIRECTION ( 'NONE',  ( 1.000000000000000000, 0.000000000000000000, -0.000000000000000000 ) ) ;
#7022 = ORIENTED_EDGE ( 'NONE', *, *, #2547, .T. ) ;
#7023 = EDGE_CURVE ( 'NONE', #8057, #3137, #5818, .T. ) ;
#7024 = ORIENTED_EDGE ( 'NONE', *, *, #3911, .F. ) ;
#7025 = DIRECTION ( 'NONE',  ( -1.000000000000000000, 0.000000000000000000, 0.000000000000000000 ) ) ;
#7026 = CARTESIAN_POINT ( 'NONE',  ( -5.500000000000000000, 5.380000000000001670, 3.750000000000000000 ) ) ;
#7027 = AXIS2_PLACEMENT_3D ( 'NONE', #4680, #1564, #941 ) ;
#7028 = ORIENTED_EDGE ( 'NONE', *, *, #1446, .F. ) ;
#7029 = LINE ( 'NONE', #3365, #7885 ) ;
#7030 = CARTESIAN_POINT ( 'NONE',  ( -1.689999999999999725, 1.379999999999999671, 3.369999999999999662 ) ) ;
#7031 = DIRECTION ( 'NONE',  ( -0.000000000000000000, 0.7071067811865489050, 0.7071067811865460184 ) ) ;
#7032 = EDGE_CURVE ( 'NONE', #6235, #7437, #5219, .T. ) ;
#7033 = VECTOR ( 'NONE', #2129, 1000.000000000000000 ) ;
#7034 = ORIENTED_EDGE ( 'NONE', *, *, #4102, .T. ) ;
#7035 = DIRECTION ( 'NONE',  ( -0.000000000000000000, 0.000000000000000000, 1.000000000000000000 ) ) ;
#7036 = PRODUCT_RELATED_PRODUCT_CATEGORY ( 'part', '', ( #6225 ) ) ;
#7037 = ORIENTED_EDGE ( 'NONE', *, *, #5413, .F. ) ;
#7038 = CARTESIAN_POINT ( 'NONE',  ( -4.700000000000000178, 2.879999999999999893, 3.399999999999998579 ) ) ;
#7039 =( LENGTH_UNIT ( ) NAMED_UNIT ( * ) SI_UNIT ( .MILLI., .METRE. ) );
#7040 = LINE ( 'NONE', #5221, #600 ) ;
#7041 = DIRECTION ( 'NONE',  ( -1.000000000000000000, 0.000000000000000000, 0.000000000000000000 ) ) ;
#7042 = VECTOR ( 'NONE', #6259, 1000.000000000000000 ) ;
#7043 = DIRECTION ( 'NONE',  ( 1.000000000000000000, 0.000000000000000000, 0.000000000000000000 ) ) ;
#7044 = ORIENTED_EDGE ( 'NONE', *, *, #4075, .T. ) ;
#7045 = EDGE_CURVE ( 'NONE', #3671, #1730, #1526, .T. ) ;
#7046 = ORIENTED_EDGE ( 'NONE', *, *, #1900, .F. ) ;
#7047 = AXIS2_PLACEMENT_3D ( 'NONE', #921, #3993, #6469 ) ;
#7048 = DIRECTION ( 'NONE',  ( 1.000000000000000000, 0.000000000000000000, -0.000000000000000000 ) ) ;
#7049 = ORIENTED_EDGE ( 'NONE', *, *, #939, .T. ) ;
#7050 = DIRECTION ( 'NONE',  ( -0.000000000000000000, 0.000000000000000000, 1.000000000000000000 ) ) ;
#7051 = ORIENTED_EDGE ( 'NONE', *, *, #7413, .F. ) ;
#7052 = VECTOR ( 'NONE', #2196, 1000.000000000000000 ) ;
#7053 = ORIENTED_EDGE ( 'NONE', *, *, #6389, .F. ) ;
#7054 = CARTESIAN_POINT ( 'NONE',  ( 5.500000000000000000, 0.1300000000000000600, -2.250000000000000000 ) ) ;
#7055 = DIRECTION ( 'NONE',  ( -0.000000000000000000, 1.000000000000000000, -0.000000000000000000 ) ) ;
#7057 = EDGE_CURVE ( 'NONE', #1376, #6042, #4193, .T. ) ;
#7056 = CARTESIAN_POINT ( 'NONE',  ( 0.3500000000000004774, 3.979999999999999094, 3.199999999999998845 ) ) ;
#7058 = EDGE_LOOP ( 'NONE', ( #2931, #3153, #4843, #2611 ) ) ;
#7059 = PLANE ( 'NONE',  #4178 ) ;
#7060 = ORIENTED_EDGE ( 'NONE', *, *, #6721, .T. ) ;
#7061 = CARTESIAN_POINT ( 'NONE',  ( -3.290000000000000480, 0.4300000000000000488, 0.000000000000000000 ) ) ;
#7062 = ORIENTED_EDGE ( 'NONE', *, *, #7560, .F. ) ;
#7063 = CARTESIAN_POINT ( 'NONE',  ( 2.449999999999999734, 4.380000000000001670, 3.600000000000000089 ) ) ;
#7064 = CARTESIAN_POINT ( 'NONE',  ( -4.700000000000000178, 2.879999999999999893, 3.399999999999998579 ) ) ;
#7065 = ADVANCED_FACE ( 'NONE', ( #2306 ), #1076, .F. ) ;
#7066 = VERTEX_POINT ( 'NONE', #3577 ) ;
#7067 = PLANE ( 'NONE',  #2989 ) ;
#7068 = DIRECTION ( 'NONE',  ( -0.000000000000000000, 1.000000000000000000, -0.000000000000000000 ) ) ;
#7069 = DIRECTION ( 'NONE',  ( -1.000000000000000000, 0.000000000000000000, 0.000000000000000000 ) ) ;
#7070 = ORIENTED_EDGE ( 'NONE', *, *, #5977, .T. ) ;
#7071 = CARTESIAN_POINT ( 'NONE',  ( 3.250000000000000444, 3.979999999999999094, 3.199999999999998845 ) ) ;
#7072 = DIRECTION ( 'NONE',  ( 0.000000000000000000, 0.000000000000000000, 1.000000000000000000 ) ) ;
#7073 = LINE ( 'NONE', #2666, #5872 ) ;
#7074 = CARTESIAN_POINT ( 'NONE',  ( 2.450000000000000178, 5.379999999999999893, 2.600000000000000089 ) ) ;
#7075 = CARTESIAN_POINT ( 'NONE',  ( -5.500000000000000000, 4.979999999999999538, 3.600000000000000089 ) ) ;
#7076 = LINE ( 'NONE', #7117, #2043 ) ;
#7077 = DIRECTION ( 'NONE',  ( 1.000000000000000000, 0.000000000000000000, 0.000000000000000000 ) ) ;
#7078 = ORIENTED_EDGE ( 'NONE', *, *, #1301, .F. ) ;
#7079 = EDGE_CURVE ( 'NONE', #2703, #6174, #6095, .T. ) ;
#7080 = EDGE_CURVE ( 'NONE', #8057, #692, #2950, .T. ) ;
#7081 = EDGE_CURVE ( 'NONE', #155, #3369, #5378, .T. ) ;
#7082 = LINE ( 'NONE', #2238, #2880 ) ;
#7083 = VERTEX_POINT ( 'NONE', #7196 ) ;
#7084 = PLANE ( 'NONE',  #4565 ) ;
#7085 = DIRECTION ( 'NONE',  ( 1.000000000000000000, -0.000000000000000000, 0.000000000000000000 ) ) ;
#7086 = ORIENTED_EDGE ( 'NONE', *, *, #6709, .F. ) ;
#7087 = ORIENTED_EDGE ( 'NONE', *, *, #969, .F. ) ;
#7088 = EDGE_LOOP ( 'NONE', ( #7470, #7441, #2252, #4799 ) ) ;
#7089 = DIRECTION ( 'NONE',  ( 0.6427876096865392519, 0.000000000000000000, -0.7660444431189780135 ) ) ;
#7090 = ADVANCED_FACE ( 'NONE', ( #1651 ), #4107, .F. ) ;
#7091 = DIRECTION ( 'NONE',  ( -0.000000000000000000, 0.000000000000000000, -1.000000000000000000 ) ) ;
#7092 = CARTESIAN_POINT ( 'NONE',  ( -2.049999999999999822, 5.379999999999999893, 0.000000000000000000 ) ) ;
#7093 = ORIENTED_EDGE ( 'NONE', *, *, #1698, .F. ) ;
#7094 = DIRECTION ( 'NONE',  ( 0.000000000000000000, 0.000000000000000000, 1.000000000000000000 ) ) ;
#7095 = VERTEX_POINT ( 'NONE', #1766 ) ;
#7096 = DIRECTION ( 'NONE',  ( 0.6031026327552726496, -0.7071067811865480168, 0.3691438938458257435 ) ) ;
#7097 = ORIENTED_EDGE ( 'NONE', *, *, #420, .F. ) ;
#7098 = LINE ( 'NONE', #1960, #5825 ) ;
#7099 = DIRECTION ( 'NONE',  ( -0.000000000000000000, -0.000000000000000000, -1.000000000000000000 ) ) ;
#7100 = EDGE_CURVE ( 'NONE', #4351, #3730, #7841, .T. ) ;
#7101 = LINE ( 'NONE', #1512, #1183 ) ;
#7102 = ORIENTED_EDGE ( 'NONE', *, *, #6940, .T. ) ;
#7103 = CARTESIAN_POINT ( 'NONE',  ( -4.700000000000000178, 3.979999999999999094, 3.199999999999998845 ) ) ;
#7104 = VECTOR ( 'NONE', #7281, 1000.000000000000000 ) ;
#7105 = FACE_OUTER_BOUND ( 'NONE', #3288, .T. ) ;
#7106 = DIRECTION ( 'NONE',  ( 0.000000000000000000, -0.7071067811865475727, -0.7071067811865475727 ) ) ;
#7107 = LINE ( 'NONE', #2182, #4941 ) ;
#7108 = ORIENTED_EDGE ( 'NONE', *, *, #7100, .F. ) ;
#7109 = DIRECTION ( 'NONE',  ( 0.000000000000000000, 1.363776317591828850E-16, -1.000000000000000000 ) ) ;
#7110 = ADVANCED_FACE ( 'NONE', ( #4268 ), #4149, .F. ) ;
#7111 = VECTOR ( 'NONE', #2792, 1000.000000000000000 ) ;
#7112 = VECTOR ( 'NONE', #4186, 1000.000000000000000 ) ;
#7113 = DIRECTION ( 'NONE',  ( 0.000000000000000000, -8.870745047608683668E-16, -1.000000000000000000 ) ) ;
#7114 = CARTESIAN_POINT ( 'NONE',  ( 0.000000000000000000, 0.000000000000000000, 0.000000000000000000 ) ) ;
#7115 = CARTESIAN_POINT ( 'NONE',  ( -0.4749999999999997558, 2.273782217350889923, 3.749999999999999556 ) ) ;
#7116 = CARTESIAN_POINT ( 'NONE',  ( -2.850000000000000089, 5.379999999999999893, 2.600000000000000089 ) ) ;
#7117 = CARTESIAN_POINT ( 'NONE',  ( -5.500000000000000000, 4.979999999999999538, 3.600000000000000089 ) ) ;
#7118 = ORIENTED_EDGE ( 'NONE', *, *, #4154, .T. ) ;
#7119 = AXIS2_PLACEMENT_3D ( 'NONE', #6994, #1397, #5705 ) ;
#7120 = DIRECTION ( 'NONE',  ( -0.000000000000000000, -1.000000000000000000, -0.000000000000000000 ) ) ;
#7121 = VECTOR ( 'NONE', #45, 1000.000000000000000 ) ;
#7122 = VECTOR ( 'NONE', #5319, 1000.000000000000227 ) ;
#7123 = VECTOR ( 'NONE', #6033, 1000.000000000000114 ) ;
#7124 = PLANE ( 'NONE',  #239 ) ;
#7125 = ORIENTED_EDGE ( 'NONE', *, *, #1117, .F. ) ;
#7126 = DIRECTION ( 'NONE',  ( 1.000000000000000000, 0.000000000000000000, 0.000000000000000000 ) ) ;
#7127 = ORIENTED_EDGE ( 'NONE', *, *, #946, .F. ) ;
#7128 = EDGE_LOOP ( 'NONE', ( #4264, #5576, #2580, #7403, #1488 ) ) ;
#7129 = EDGE_CURVE ( 'NONE', #3218, #196, #7807, .T. ) ;
#7130 = VECTOR ( 'NONE', #7586, 1000.000000000000000 ) ;
#7131 = VERTEX_POINT ( 'NONE', #6576 ) ;
#7132 = ORIENTED_EDGE ( 'NONE', *, *, #5131, .F. ) ;
#7133 = LINE ( 'NONE', #4045, #5695 ) ;
#7134 = ADVANCED_FACE ( 'NONE', ( #3454 ), #3539, .T. ) ;
#7135 = CARTESIAN_POINT ( 'NONE',  ( -4.800000000000000711, 0.3300000000000001266, -0.5999999999999510170 ) ) ;
#7136 = CARTESIAN_POINT ( 'NONE',  ( -3.149999999999999911, 5.379999999999999893, 2.600000000000000089 ) ) ;
#7137 = VECTOR ( 'NONE', #6255, 1000.000000000000000 ) ;
#7138 = CARTESIAN_POINT ( 'NONE',  ( -1.689999999999999725, 2.879999999999999893, 1.369999999999999662 ) ) ;
#7139 = ORIENTED_EDGE ( 'NONE', *, *, #5564, .T. ) ;
#7140 = DIRECTION ( 'NONE',  ( -0.000000000000000000, -0.000000000000000000, 1.000000000000000000 ) ) ;
#7141 = ORIENTED_EDGE ( 'NONE', *, *, #950, .F. ) ;
#7142 = ADVANCED_FACE ( 'NONE', ( #951 ), #395, .T. ) ;
#7143 = DIRECTION ( 'NONE',  ( 0.000000000000000000, 0.000000000000000000, 1.000000000000000000 ) ) ;
#7144 = ORIENTED_EDGE ( 'NONE', *, *, #7160, .T. ) ;
#7145 = AXIS2_PLACEMENT_3D ( 'NONE', #5734, #97, #3417 ) ;
#7146 = CARTESIAN_POINT ( 'NONE',  ( 0.3500000000000000333, 5.379999999999999893, 3.199999999999998845 ) ) ;
#7147 = FACE_OUTER_BOUND ( 'NONE', #3388, .T. ) ;
#7148 = VERTEX_POINT ( 'NONE', #1731 ) ;
#7149 = VECTOR ( 'NONE', #6035, 1000.000000000000000 ) ;
#7150 = FILL_AREA_STYLE ('',( #2221 ) ) ;
#7151 = DIRECTION ( 'NONE',  ( 1.000000000000000000, 0.000000000000000000, 0.000000000000000000 ) ) ;
#7152 = LINE ( 'NONE', #4100, #6611 ) ;
#7153 = ORIENTED_EDGE ( 'NONE', *, *, #3691, .T. ) ;
#7154 = ORIENTED_EDGE ( 'NONE', *, *, #6150, .T. ) ;
#7155 = VECTOR ( 'NONE', #3687, 1000.000000000000000 ) ;
#7156 = LINE ( 'NONE', #5261, #3138 ) ;
#7157 = FILL_AREA_STYLE ('',( #4071 ) ) ;
#7158 = CARTESIAN_POINT ( 'NONE',  ( 3.910000000000000142, 2.879999999999999893, 3.399999999999998579 ) ) ;
#7159 = DIRECTION ( 'NONE',  ( -0.000000000000000000, 0.000000000000000000, -1.000000000000000000 ) ) ;
#7160 = EDGE_CURVE ( 'NONE', #8023, #7996, #7876, .T. ) ;
#7161 = CARTESIAN_POINT ( 'NONE',  ( -3.950000000000000178, 3.979999999999999094, -2.250000000000001332 ) ) ;
#7162 = VECTOR ( 'NONE', #5730, 1000.000000000000000 ) ;
#7163 = VECTOR ( 'NONE', #4237, 1000.000000000000227 ) ;
#7164 = VECTOR ( 'NONE', #1844, 1000.000000000000000 ) ;
#7165 = PLANE ( 'NONE',  #7047 ) ;
#7166 = CARTESIAN_POINT ( 'NONE',  ( 4.500000000000000000, 0.4300000000000000488, 2.049999999999999822 ) ) ;
#7167 = EDGE_CURVE ( 'NONE', #2004, #1023, #6057, .T. ) ;
#7168 = ORIENTED_EDGE ( 'NONE', *, *, #1947, .T. ) ;
#7169 = AXIS2_PLACEMENT_3D ( 'NONE', #3903, #5806, #5163 ) ;
#7170 = VERTEX_POINT ( 'NONE', #6699 ) ;
#7171 = LINE ( 'NONE', #3340, #6206 ) ;
#7172 = CARTESIAN_POINT ( 'NONE',  ( 0.7100000000000000755, 3.548505796534330958, 3.369999999999999662 ) ) ;
#7173 = VECTOR ( 'NONE', #6122, 1000.000000000000227 ) ;
#7174 = CARTESIAN_POINT ( 'NONE',  ( 1.289999999999999813, 0.4300000000000007150, 3.553360657221955154 ) ) ;
#7175 = FACE_OUTER_BOUND ( 'NONE', #7314, .T. ) ;
#7176 = DIRECTION ( 'NONE',  ( 0.000000000000000000, 1.000000000000000000, 0.000000000000000000 ) ) ;
#7177 = ORIENTED_EDGE ( 'NONE', *, *, #3824, .T. ) ;
#7178 = CARTESIAN_POINT ( 'NONE',  ( -3.510000000000000675, 1.379999999999999671, 3.369999999999999662 ) ) ;
#7179 = ORIENTED_EDGE ( 'NONE', *, *, #3383, .F. ) ;
#7180 = EDGE_CURVE ( 'NONE', #5646, #5964, #7959, .T. ) ;
#7181 = EDGE_CURVE ( 'NONE', #977, #342, #2348, .T. ) ;
#7182 = DIRECTION ( 'NONE',  ( 0.000000000000000000, 0.000000000000000000, 1.000000000000000000 ) ) ;
#7183 = ORIENTED_EDGE ( 'NONE', *, *, #6582, .F. ) ;
#7184 = AXIS2_PLACEMENT_3D ( 'NONE', #7878, #6747, #2349 ) ;
#7185 = EDGE_CURVE ( 'NONE', #95, #6870, #4228, .T. ) ;
#7186 = DIRECTION ( 'NONE',  ( 0.000000000000000000, -1.000000000000000000, 0.000000000000000000 ) ) ;
#7187 = ADVANCED_FACE ( 'NONE', ( #6745 ), #1819, .T. ) ;
#7188 = CARTESIAN_POINT ( 'NONE',  ( 5.306217782649109260, 5.380000000000001670, 3.750000000000000000 ) ) ;
#7189 = ORIENTED_EDGE ( 'NONE', *, *, #5288, .T. ) ;
#7190 = CARTESIAN_POINT ( 'NONE',  ( -2.349999999999999645, 4.980000000000000426, 3.600000000000000089 ) ) ;
#7191 = DIRECTION ( 'NONE',  ( 0.000000000000000000, -1.000000000000000000, 0.000000000000000000 ) ) ;
#7192 = DIRECTION ( 'NONE',  ( 0.000000000000000000, 0.000000000000000000, 1.000000000000000000 ) ) ;
#7193 = ORIENTED_EDGE ( 'NONE', *, *, #5238, .F. ) ;
#7194 = DIRECTION ( 'NONE',  ( -0.000000000000000000, -0.000000000000000000, 1.000000000000000000 ) ) ;
#7195 = EDGE_LOOP ( 'NONE', ( #6350, #3254, #3031, #7427, #7776, #5375, #3491 ) ) ;
#7196 = CARTESIAN_POINT ( 'NONE',  ( 3.689999999999999947, 1.379999999999999671, 3.369999999999999662 ) ) ;
#7197 = EDGE_CURVE ( 'NONE', #5065, #7448, #3831, .T. ) ;
#7198 = DIRECTION ( 'NONE',  ( 0.000000000000000000, 0.000000000000000000, 1.000000000000000000 ) ) ;
#7199 = FACE_OUTER_BOUND ( 'NONE', #6571, .T. ) ;
#7200 = PLANE ( 'NONE',  #4670 ) ;
#7201 = CARTESIAN_POINT ( 'NONE',  ( -5.500000000000000000, 4.380000000000001670, 3.600000000000000089 ) ) ;
#7202 = LINE ( 'NONE', #4894, #4287 ) ;
#7203 = EDGE_CURVE ( 'NONE', #501, #3379, #2467, .T. ) ;
#7204 = CARTESIAN_POINT ( 'NONE',  ( 0.000000000000000000, -0.7699999999999997957, 0.000000000000000000 ) ) ;
#7205 = CARTESIAN_POINT ( 'NONE',  ( 3.299999999999999822, 0.2945473795552883689, -3.886801189779353294 ) ) ;
#7206 = EDGE_CURVE ( 'NONE', #4278, #5770, #5088, .T. ) ;
#7207 = LINE ( 'NONE', #3459, #5111 ) ;
#7208 = DIRECTION ( 'NONE',  ( -0.000000000000000000, -0.7071067811865474617, 0.7071067811865474617 ) ) ;
#7209 = ORIENTED_EDGE ( 'NONE', *, *, #1049, .F. ) ;
#7210 = VERTEX_POINT ( 'NONE', #4316 ) ;
#7211 = FACE_OUTER_BOUND ( 'NONE', #6973, .T. ) ;
#7212 = EDGE_CURVE ( 'NONE', #5770, #1629, #3708, .T. ) ;
#7213 = DIRECTION ( 'NONE',  ( 1.000000000000000000, -0.000000000000000000, -0.000000000000000000 ) ) ;
#7214 = LINE ( 'NONE', #7786, #3381 ) ;
#7215 = EDGE_LOOP ( 'NONE', ( #415, #2501, #2220, #4506, #6228, #5275 ) ) ;
#7216 = CARTESIAN_POINT ( 'NONE',  ( 3.550000000000000266, 1.835969349108944604, 2.600000000000000089 ) ) ;
#7217 = VERTEX_POINT ( 'NONE', #4452 ) ;
#7218 = CARTESIAN_POINT ( 'NONE',  ( 3.700000000000000178, 2.879999999999999893, 3.373291360244058179 ) ) ;
#7219 = VERTEX_POINT ( 'NONE', #4355 ) ;
#7220 = EDGE_CURVE ( 'NONE', #880, #3610, #5581, .T. ) ;
#7221 = DIRECTION ( 'NONE',  ( 0.000000000000000000, 1.363776317591828850E-16, -1.000000000000000000 ) ) ;
#7222 = PLANE ( 'NONE',  #5315 ) ;
#7223 = LINE ( 'NONE', #7950, #739 ) ;
#7224 = VERTEX_POINT ( 'NONE', #4392 ) ;
#7225 = DIRECTION ( 'NONE',  ( 0.000000000000000000, 1.000000000000000000, 1.363776317591828850E-16 ) ) ;
#7226 = VERTEX_POINT ( 'NONE', #5694 ) ;
#7227 = CYLINDRICAL_SURFACE ( 'NONE', #7379, 0.2500000000000002220 ) ;
#7228 = LINE ( 'NONE', #7837, #3497 ) ;
#7229 = ADVANCED_FACE ( 'NONE', ( #2539 ), #7512, .F. ) ;
#7230 = ORIENTED_EDGE ( 'NONE', *, *, #4863, .T. ) ;
#7231 = DIRECTION ( 'NONE',  ( -0.000000000000000000, 0.7071067811865474617, -0.7071067811865474617 ) ) ;
#7232 = EDGE_CURVE ( 'NONE', #1588, #103, #7553, .T. ) ;
#7233 = CARTESIAN_POINT ( 'NONE',  ( 0.000000000000000000, 5.379999999999999893, 3.199999999999998845 ) ) ;
#7234 = EDGE_CURVE ( 'NONE', #7826, #7728, #7443, .T. ) ;
#7235 = AXIS2_PLACEMENT_3D ( 'NONE', #3241, #5739, #390 ) ;
#7236 = CARTESIAN_POINT ( 'NONE',  ( -7.200000000000000178, 1.561251128379127332E-14, 0.000000000000000000 ) ) ;
#7237 = PLANE ( 'NONE',  #7497 ) ;
#7238 = CARTESIAN_POINT ( 'NONE',  ( 0.05000000000000056483, 3.979999999999999094, 3.199999999999998845 ) ) ;
#7239 = ADVANCED_FACE ( 'NONE', ( #3195 ), #1857, .F. ) ;
#7240 = EDGE_CURVE ( 'NONE', #7330, #961, #3748, .T. ) ;
#7241 = VECTOR ( 'NONE', #3698, 1000.000000000000000 ) ;
#7242 = VECTOR ( 'NONE', #7879, 1000.000000000000000 ) ;
#7243 = CARTESIAN_POINT ( 'NONE',  ( 5.500000000000000000, 3.880000000000002558, 3.750000000000000000 ) ) ;
#7244 = LINE ( 'NONE', #7414, #6394 ) ;
#7245 = AXIS2_PLACEMENT_3D ( 'NONE', #4441, #6918, #7341 ) ;
#7246 = ORIENTED_EDGE ( 'NONE', *, *, #5173, .F. ) ;
#7247 = AXIS2_PLACEMENT_3D ( 'NONE', #284, #3433, #4625 ) ;
#7248 = VERTEX_POINT ( 'NONE', #522 ) ;
#7249 = EDGE_CURVE ( 'NONE', #7614, #3218, #7474, .T. ) ;
#7250 = ORIENTED_EDGE ( 'NONE', *, *, #6354, .T. ) ;
#7251 = LINE ( 'NONE', #4862, #4654 ) ;
#7252 = VECTOR ( 'NONE', #2233, 1000.000000000000000 ) ;
#7253 = VECTOR ( 'NONE', #5438, 1000.000000000000114 ) ;
#7254 = DIRECTION ( 'NONE',  ( -1.000000000000000000, 0.000000000000000000, 0.000000000000000000 ) ) ;
#7255 = CARTESIAN_POINT ( 'NONE',  ( -4.500000000000000000, 0.1300000000000000600, 3.899999999999999911 ) ) ;
#7256 = FACE_OUTER_BOUND ( 'NONE', #4673, .T. ) ;
#7257 = FACE_OUTER_BOUND ( 'NONE', #4229, .T. ) ;
#7258 = VERTEX_POINT ( 'NONE', #6216 ) ;
#7259 = VECTOR ( 'NONE', #96, 1000.000000000000000 ) ;
#7260 = DIRECTION ( 'NONE',  ( -0.000000000000000000, -0.000000000000000000, -1.000000000000000000 ) ) ;
#7261 = EDGE_CURVE ( 'NONE', #6273, #501, #6868, .T. ) ;
#7262 = EDGE_LOOP ( 'NONE', ( #3299, #4923, #2600, #2011 ) ) ;
#7263 = ORIENTED_EDGE ( 'NONE', *, *, #62, .T. ) ;
#7264 = VECTOR ( 'NONE', #3982, 1000.000000000000000 ) ;
#7265 = CARTESIAN_POINT ( 'NONE',  ( 2.089999999999999858, 1.379999999999999671, 1.369999999999999662 ) ) ;
#7266 = PLANE ( 'NONE',  #5711 ) ;
#7267 = DIRECTION ( 'NONE',  ( -1.000000000000000000, 0.000000000000000000, 0.000000000000000000 ) ) ;
#7268 = CARTESIAN_POINT ( 'NONE',  ( -0.8900000000000001243, 2.879999999999999893, 1.369999999999999662 ) ) ;
#7269 = ORIENTED_EDGE ( 'NONE', *, *, #2054, .T. ) ;
#7270 = DIRECTION ( 'NONE',  ( -0.000000000000000000, 1.000000000000000000, 1.363776317591828850E-16 ) ) ;
#7271 = EDGE_LOOP ( 'NONE', ( #758, #181, #2508, #4419, #6711, #1277, #3564 ) ) ;
#7272 = CARTESIAN_POINT ( 'NONE',  ( -2.710000000000000409, 2.614371549809415551, 3.553360657221955154 ) ) ;
#7273 = CARTESIAN_POINT ( 'NONE',  ( 3.110000000000000320, 3.548505796534330958, 3.369999999999999662 ) ) ;
#7274 = ORIENTED_EDGE ( 'NONE', *, *, #1551, .T. ) ;
#7275 = CARTESIAN_POINT ( 'NONE',  ( -5.500000000000000000, 4.380000000000001670, 3.600000000000000089 ) ) ;
#7276 = ORIENTED_EDGE ( 'NONE', *, *, #4615, .F. ) ;
#7277 = CARTESIAN_POINT ( 'NONE',  ( -4.700000000000000178, 5.379999999999999893, 3.100000000000000089 ) ) ;
#7278 = AXIS2_PLACEMENT_3D ( 'NONE', #6937, #1961, #1334 ) ;
#7279 = CARTESIAN_POINT ( 'NONE',  ( -6.399999999999999467, 1.387778780781446622E-14, 0.000000000000000000 ) ) ;
#7280 = FACE_OUTER_BOUND ( 'NONE', #7721, .T. ) ;
#7281 = DIRECTION ( 'NONE',  ( 0.000000000000000000, 1.000000000000000000, 1.363776317591828850E-16 ) ) ;
#7282 = ADVANCED_FACE ( 'NONE', ( #4599 ), #3235, .T. ) ;
#7283 = VECTOR ( 'NONE', #6140, 1000.000000000000227 ) ;
#7284 = ADVANCED_FACE ( 'NONE', ( #1345 ), #2658, .F. ) ;
#7285 = DIRECTION ( 'NONE',  ( 0.000000000000000000, 0.000000000000000000, -1.000000000000000000 ) ) ;
#7286 = CARTESIAN_POINT ( 'NONE',  ( 4.799999999999999822, -0.7699999999999997957, 0.5000000000000004441 ) ) ;
#7287 = EDGE_CURVE ( 'NONE', #5008, #5065, #767, .T. ) ;
#7288 = DIRECTION ( 'NONE',  ( 0.000000000000000000, 0.000000000000000000, 1.000000000000000000 ) ) ;
#7289 =( GEOMETRIC_REPRESENTATION_CONTEXT ( 3 ) GLOBAL_UNCERTAINTY_ASSIGNED_CONTEXT ( ( #4996 ) ) GLOBAL_UNIT_ASSIGNED_CONTEXT ( ( #812, #4020, #2136 ) ) REPRESENTATION_CONTEXT ( 'NONE', 'WORKASPACE' ) );
#7290 = ORIENTED_EDGE ( 'NONE', *, *, #3383, .T. ) ;
#7291 = PLANE ( 'NONE',  #1137 ) ;
#7292 = ORIENTED_EDGE ( 'NONE', *, *, #2680, .T. ) ;
#7293 = CARTESIAN_POINT ( 'NONE',  ( 1.650000000000000133, 3.979999999999998206, 2.600000000000000089 ) ) ;
#7294 = VECTOR ( 'NONE', #4171, 1000.000000000000000 ) ;
#7295 = CARTESIAN_POINT ( 'NONE',  ( -5.500000000000000000, 4.380000000000001670, 3.600000000000000089 ) ) ;
#7296 = CARTESIAN_POINT ( 'NONE',  ( -4.528739279337810508, -0.7699999999999997957, 0.1305120752859910971 ) ) ;
#7297 = CARTESIAN_POINT ( 'NONE',  ( 0.07500000000000041356, 2.273782217350890367, 3.750000000000000000 ) ) ;
#7298 = ADVANCED_BREP_SHAPE_REPRESENTATION ( '', ( #426, #3424, #1711 ), #1587 ) ;
#7299 = ORIENTED_EDGE ( 'NONE', *, *, #6379, .F. ) ;
#7300 = VECTOR ( 'NONE', #5660, 1000.000000000000000 ) ;
#7301 = DIRECTION ( 'NONE',  ( 1.144344205099612874E-16, -1.000000000000000000, -1.363776317591828850E-16 ) ) ;
#7302 = EDGE_LOOP ( 'NONE', ( #4782, #6361, #1784, #7125 ) ) ;
#7303 = CARTESIAN_POINT ( 'NONE',  ( -1.110000000000000320, 1.379999999999999671, 3.369999999999999662 ) ) ;
#7304 = ORIENTED_EDGE ( 'NONE', *, *, #6326, .T. ) ;
#7305 = AXIS2_PLACEMENT_3D ( 'NONE', #1491, #7048, #2838 ) ;
#7306 = EDGE_CURVE ( 'NONE', #1906, #2488, #5772, .T. ) ;
#7307 = CARTESIAN_POINT ( 'NONE',  ( -1.689999999999999725, 0.4300000000000000488, 0.000000000000000000 ) ) ;
#7308 = DIRECTION ( 'NONE',  ( 0.000000000000000000, 1.000000000000000000, 0.000000000000000000 ) ) ;
#7309 = EDGE_CURVE ( 'NONE', #5028, #5799, #7590, .T. ) ;
#7310 = CARTESIAN_POINT ( 'NONE',  ( -2.709999999999999964, 2.879999999999999893, 1.369999999999999662 ) ) ;
#7311 = CARTESIAN_POINT ( 'NONE',  ( 1.289999999999999813, 3.548505796534330958, 3.369999999999999662 ) ) ;
#7312 = ORIENTED_EDGE ( 'NONE', *, *, #7220, .F. ) ;
#7313 = DIRECTION ( 'NONE',  ( 0.000000000000000000, 1.000000000000000000, 1.363776317591828850E-16 ) ) ;
#7314 = EDGE_LOOP ( 'NONE', ( #424, #282, #5824, #5355, #3558, #949, #2391, #2482, #1123, #2249, #7421, #6294, #147, #1777, #6364, #417, #5090, #4361, #3645, #5549, #8087, #5943, #7230, #7489, #7514, #2526, #2329, #7457, #6834, #5233, #6319, #1164, #5535, #6664, #5620, #2385, #4630, #2421, #2031, #8081, #4483, #6718, #6304, #24 ) ) ;
#7315 = DIRECTION ( 'NONE',  ( 0.000000000000000000, -1.000000000000000000, 0.000000000000000000 ) ) ;
#7316 = DIRECTION ( 'NONE',  ( 1.000000000000000000, -0.000000000000000000, -0.000000000000000000 ) ) ;
#7317 = VECTOR ( 'NONE', #6799, 1000.000000000000000 ) ;
#7318 = CARTESIAN_POINT ( 'NONE',  ( -4.500000000000000000, 0.4300000000000000488, -2.150000000000000799 ) ) ;
#7319 = ORIENTED_EDGE ( 'NONE', *, *, #1947, .F. ) ;
#7320 = CARTESIAN_POINT ( 'NONE',  ( -4.315510298651441978, -0.5199999999999981304, 5.095750210681870840E-15 ) ) ;
#7321 = ORIENTED_EDGE ( 'NONE', *, *, #5162, .T. ) ;
#7322 = DIRECTION ( 'NONE',  ( -0.000000000000000000, 0.7071067811865489050, 0.7071067811865460184 ) ) ;
#7323 =( NAMED_UNIT ( * ) SI_UNIT ( $, .STERADIAN. ) SOLID_ANGLE_UNIT ( ) );
#7324 = ORIENTED_EDGE ( 'NONE', *, *, #1558, .T. ) ;
#7325 = DIRECTION ( 'NONE',  ( 1.000000000000000000, 0.000000000000000000, 0.000000000000000000 ) ) ;
#7326 = FACE_OUTER_BOUND ( 'NONE', #912, .T. ) ;
#7327 = PLANE ( 'NONE',  #4514 ) ;
#7328 = LINE ( 'NONE', #1737, #5965 ) ;
#7329 = APPLICATION_PROTOCOL_DEFINITION ( 'draft international standard', 'automotive_design', 1998, #1027 ) ;
#7330 = VERTEX_POINT ( 'NONE', #2621 ) ;
#7331 = DIRECTION ( 'NONE',  ( -0.000000000000000000, 0.7071067811865474617, -0.7071067811865474617 ) ) ;
#7332 = EDGE_CURVE ( 'NONE', #3812, #677, #3361, .T. ) ;
#7333 = CARTESIAN_POINT ( 'NONE',  ( 3.700000000000000178, 1.844405641844211852, 3.851878488843856641 ) ) ;
#7334 = PRODUCT_DEFINITION_SHAPE ( 'NONE', 'NONE',  #8094 ) ;
#7335 = DIRECTION ( 'NONE',  ( 0.000000000000000000, 1.000000000000000000, 1.363776317591828850E-16 ) ) ;
#7336 = DIRECTION ( 'NONE',  ( -1.000000000000000000, 0.000000000000000000, 0.000000000000000000 ) ) ;
#7337 = ADVANCED_FACE ( 'NONE', ( #6444 ), #3314, .F. ) ;
#7338 = VERTEX_POINT ( 'NONE', #7750 ) ;
#7339 = ORIENTED_EDGE ( 'NONE', *, *, #6837, .T. ) ;
#7340 = ADVANCED_FACE ( 'NONE', ( #2053 ), #6981, .T. ) ;
#7341 = DIRECTION ( 'NONE',  ( 1.000000000000000000, 0.000000000000000000, 0.000000000000000000 ) ) ;
#7342 = EDGE_CURVE ( 'NONE', #5661, #7095, #2098, .T. ) ;
#7343 = ADVANCED_FACE ( 'NONE', ( #4555 ), #1470, .F. ) ;
#7344 = CARTESIAN_POINT ( 'NONE',  ( 3.900000000000000355, 2.169580722449310439, 3.881343414416258852 ) ) ;
#7345 = DIRECTION ( 'NONE',  ( 1.000000000000000000, 0.000000000000000000, 0.000000000000000000 ) ) ;
#7346 = ORIENTED_EDGE ( 'NONE', *, *, #5316, .F. ) ;
#7347 = CARTESIAN_POINT ( 'NONE',  ( -4.714708407725456851, 0.3300000000000001266, -0.6522048301143478222 ) ) ;
#7348 = EDGE_LOOP ( 'NONE', ( #5245, #7727, #2942, #5890 ) ) ;
#7349 = ORIENTED_EDGE ( 'NONE', *, *, #4460, .T. ) ;
#7350 = DIRECTION ( 'NONE',  ( -0.000000000000000000, 1.000000000000000000, -0.000000000000000000 ) ) ;
#7351 = CARTESIAN_POINT ( 'NONE',  ( 3.700000000000000178, 1.844405641844211852, 3.851878488843856641 ) ) ;
#7352 = LINE ( 'NONE', #4256, #2201 ) ;
#7353 = DIRECTION ( 'NONE',  ( -0.000000000000000000, 0.000000000000000000, -1.000000000000000000 ) ) ;
#7354 = ORIENTED_EDGE ( 'NONE', *, *, #1170, .F. ) ;
#7355 = DIRECTION ( 'NONE',  ( 0.000000000000000000, 0.000000000000000000, -1.000000000000000000 ) ) ;
#7356 = ORIENTED_EDGE ( 'NONE', *, *, #1211, .T. ) ;
#7357 = CARTESIAN_POINT ( 'NONE',  ( -0.3099999999999999423, 0.4300000000000007150, 3.369999999999999662 ) ) ;
#7358 = ORIENTED_EDGE ( 'NONE', *, *, #3257, .T. ) ;
#7359 = ORIENTED_EDGE ( 'NONE', *, *, #4495, .F. ) ;
#7360 = CARTESIAN_POINT ( 'NONE',  ( 3.250000000000000444, 1.835969349108944604, 2.600000000000000089 ) ) ;
#7361 = EDGE_LOOP ( 'NONE', ( #2801, #8004, #1220, #931, #835, #7667, #6138, #6933, #2080, #8040, #7483, #2292, #848, #748, #4791, #6254 ) ) ;
#7362 = LINE ( 'NONE', #6059, #1776 ) ;
#7363 = CARTESIAN_POINT ( 'NONE',  ( -1.910000000000000142, 2.879999999999999893, 3.399999999999998579 ) ) ;
#7364 = LINE ( 'NONE', #4152, #4649 ) ;
#7365 = CARTESIAN_POINT ( 'NONE',  ( 3.900000000000000355, 1.412288678607070969, 1.405037386032898850 ) ) ;
#7366 = EDGE_CURVE ( 'NONE', #3116, #1943, #170, .T. ) ;
#7367 = ORIENTED_EDGE ( 'NONE', *, *, #7197, .F. ) ;
#7368 = ORIENTED_EDGE ( 'NONE', *, *, #6603, .T. ) ;
#7369 = CARTESIAN_POINT ( 'NONE',  ( 1.510000000000000009, 3.548505796534330958, 3.369999999999999662 ) ) ;
#7370 = PLANE ( 'NONE',  #1294 ) ;
#7371 = CARTESIAN_POINT ( 'NONE',  ( -0.7499999999999996669, 5.379999999999999893, 3.199999999999998845 ) ) ;
#7372 = ORIENTED_EDGE ( 'NONE', *, *, #1492, .T. ) ;
#7373 = AXIS2_PLACEMENT_3D ( 'NONE', #2414, #4350, #4304 ) ;
#7374 = EDGE_CURVE ( 'NONE', #2703, #2845, #5207, .T. ) ;
#7375 = ORIENTED_EDGE ( 'NONE', *, *, #6, .T. ) ;
#7376 = CARTESIAN_POINT ( 'NONE',  ( 3.500000000000000000, 0.4300000000000000488, -3.598121511156143537 ) ) ;
#7377 = VECTOR ( 'NONE', #4701, 1000.000000000000000 ) ;
#7378 = CARTESIAN_POINT ( 'NONE',  ( 1.289999999999999813, 1.379999999999999671, 1.369999999999999662 ) ) ;
#7379 = AXIS2_PLACEMENT_3D ( 'NONE', #1642, #943, #4722 ) ;
#7380 = SURFACE_STYLE_USAGE ( .BOTH. , #5473 ) ;
#7381 = CARTESIAN_POINT ( 'NONE',  ( 2.890000000000000124, 2.879999999999999893, 3.399999999999998579 ) ) ;
#7382 = ORIENTED_EDGE ( 'NONE', *, *, #5206, .F. ) ;
#7383 = DIRECTION ( 'NONE',  ( 0.6427876096865392519, 0.000000000000000000, -0.7660444431189780135 ) ) ;
#7384 = ORIENTED_EDGE ( 'NONE', *, *, #837, .T. ) ;
#7385 = VECTOR ( 'NONE', #1910, 1000.000000000000000 ) ;
#7386 = VECTOR ( 'NONE', #7976, 1000.000000000000000 ) ;
#7387 = EDGE_LOOP ( 'NONE', ( #5721, #5801, #3084, #369 ) ) ;
#7388 = EDGE_CURVE ( 'NONE', #7728, #1901, #850, .T. ) ;
#7389 = DIRECTION ( 'NONE',  ( 0.000000000000000000, 0.7071067811865461294, -0.7071067811865490160 ) ) ;
#7390 = CARTESIAN_POINT ( 'NONE',  ( 2.750000000000000000, 3.979999999999999094, 3.199999999999998845 ) ) ;
#7391 = LINE ( 'NONE', #5037, #3353 ) ;
#7392 = AXIS2_PLACEMENT_3D ( 'NONE', #7860, #897, #341 ) ;
#7393 = AXIS2_PLACEMENT_3D ( 'NONE', #159, #1336, #3854 ) ;
#7394 = LINE ( 'NONE', #1807, #4947 ) ;
#7395 = LINE ( 'NONE', #3187, #165 ) ;
#7396 = EDGE_CURVE ( 'NONE', #199, #5646, #2743, .T. ) ;
#7397 = ORIENTED_EDGE ( 'NONE', *, *, #3718, .F. ) ;
#7398 = LINE ( 'NONE', #2500, #3662 ) ;
#7399 = EDGE_LOOP ( 'NONE', ( #7824, #7943, #1917, #699 ) ) ;
#7400 = CARTESIAN_POINT ( 'NONE',  ( 2.310000000000000497, 2.879999999999999893, 3.399999999999998579 ) ) ;
#7401 = VECTOR ( 'NONE', #4980, 1000.000000000000000 ) ;
#7402 = VERTEX_POINT ( 'NONE', #7714 ) ;
#7403 = ORIENTED_EDGE ( 'NONE', *, *, #3055, .F. ) ;
#7404 = LINE ( 'NONE', #6217, #172 ) ;
#7405 = VERTEX_POINT ( 'NONE', #2134 ) ;
#7406 = VECTOR ( 'NONE', #1872, 1000.000000000000114 ) ;
#7407 = CARTESIAN_POINT ( 'NONE',  ( -5.500000000000000000, 0.1300000000000000600, 3.899999999999999911 ) ) ;
#7408 = DIRECTION ( 'NONE',  ( 0.000000000000000000, 0.000000000000000000, 1.000000000000000000 ) ) ;
#7409 = ORIENTED_EDGE ( 'NONE', *, *, #3432, .F. ) ;
#7410 = ORIENTED_EDGE ( 'NONE', *, *, #478, .F. ) ;
#7411 = AXIS2_PLACEMENT_3D ( 'NONE', #6245, #3025, #7466 ) ;
#7412 = FACE_OUTER_BOUND ( 'NONE', #2409, .T. ) ;
#7413 = EDGE_CURVE ( 'NONE', #1943, #1067, #7101, .T. ) ;
#7414 = CARTESIAN_POINT ( 'NONE',  ( -3.290000000000000480, 2.879999999999999893, 3.399999999999998579 ) ) ;
#7415 = DIRECTION ( 'NONE',  ( 1.000000000000000000, 0.000000000000000000, 0.000000000000000000 ) ) ;
#7416 = DIRECTION ( 'NONE',  ( 0.6427876096865392519, 0.000000000000000000, 0.7660444431189780135 ) ) ;
#7417 = VERTEX_POINT ( 'NONE', #5894 ) ;
#7418 = VECTOR ( 'NONE', #7007, 1000.000000000000000 ) ;
#7419 = LINE ( 'NONE', #1212, #1927 ) ;
#7420 = ORIENTED_EDGE ( 'NONE', *, *, #5794, .F. ) ;
#7421 = ORIENTED_EDGE ( 'NONE', *, *, #2039, .T. ) ;
#7422 = LINE ( 'NONE', #1841, #2214 ) ;
#7423 = EDGE_LOOP ( 'NONE', ( #1408, #3, #3169, #5276 ) ) ;
#7424 = LINE ( 'NONE', #6195, #5624 ) ;
#7425 = ORIENTED_EDGE ( 'NONE', *, *, #2358, .T. ) ;
#7426 = AXIS2_PLACEMENT_3D ( 'NONE', #19, #2612, #6171 ) ;
#7427 = ORIENTED_EDGE ( 'NONE', *, *, #6212, .F. ) ;
#7428 = DIRECTION ( 'NONE',  ( 0.000000000000000000, 0.000000000000000000, 1.000000000000000000 ) ) ;
#7429 = LINE ( 'NONE', #8077, #7562 ) ;
#7430 = VECTOR ( 'NONE', #4940, 1000.000000000000114 ) ;
#7431 = DIRECTION ( 'NONE',  ( 1.000000000000000000, 0.000000000000000000, 0.000000000000000000 ) ) ;
#7432 = LINE ( 'NONE', #5570, #3607 ) ;
#7433 = ADVANCED_FACE ( 'NONE', ( #6532 ), #4716, .F. ) ;
#7434 = VERTEX_POINT ( 'NONE', #1599 ) ;
#7435 = EDGE_CURVE ( 'NONE', #924, #7967, #4095, .T. ) ;
#7436 = LINE ( 'NONE', #3154, #7931 ) ;
#7437 = VERTEX_POINT ( 'NONE', #5967 ) ;
#7438 = CARTESIAN_POINT ( 'NONE',  ( -5.500000000000000000, 2.200000000000000178, 3.749999999999999556 ) ) ;
#7439 = DIRECTION ( 'NONE',  ( 0.000000000000000000, -0.4999999999999993894, -0.8660254037844390407 ) ) ;
#7440 = VECTOR ( 'NONE', #4028, 1000.000000000000000 ) ;
#7441 = ORIENTED_EDGE ( 'NONE', *, *, #1718, .T. ) ;
#7442 = EDGE_CURVE ( 'NONE', #2627, #56, #4060, .T. ) ;
#7443 = LINE ( 'NONE', #6825, #4715 ) ;
#7444 = CARTESIAN_POINT ( 'NONE',  ( -1.909999999999999698, 3.548505796534330958, 3.369999999999999662 ) ) ;
#7445 = ORIENTED_EDGE ( 'NONE', *, *, #4112, .T. ) ;
#7446 = AXIS2_PLACEMENT_3D ( 'NONE', #403, #2919, #7335 ) ;
#7447 = CARTESIAN_POINT ( 'NONE',  ( 0.000000000000000000, 0.4300000000000000488, 3.369999999999999662 ) ) ;
#7448 = VERTEX_POINT ( 'NONE', #1020 ) ;
#7449 = EDGE_CURVE ( 'NONE', #4105, #608, #2217, .T. ) ;
#7450 = LINE ( 'NONE', #655, #4840 ) ;
#7451 = CARTESIAN_POINT ( 'NONE',  ( -1.550000000000000044, 5.379999999999999893, 3.199999999999998845 ) ) ;
#7452 = CARTESIAN_POINT ( 'NONE',  ( 4.499999999999999112, 2.200000000000000178, 3.899999999999999467 ) ) ;
#7453 = LINE ( 'NONE', #5548, #2025 ) ;
#7454 = ORIENTED_EDGE ( 'NONE', *, *, #169, .F. ) ;
#7455 = EDGE_LOOP ( 'NONE', ( #3790, #1507, #5652, #5435, #6312, #1946 ) ) ;
#7456 = CARTESIAN_POINT ( 'NONE',  ( 1.289999999999999813, 0.4300000000000007150, 3.369999999999999662 ) ) ;
#7457 = ORIENTED_EDGE ( 'NONE', *, *, #1317, .T. ) ;
#7458 = EDGE_CURVE ( 'NONE', #670, #1264, #3524, .T. ) ;
#7459 = LINE ( 'NONE', #6189, #4291 ) ;
#7460 = PLANE ( 'NONE',  #185 ) ;
#7461 = CARTESIAN_POINT ( 'NONE',  ( -2.490000000000000213, 2.879999999999999893, 1.369999999999999662 ) ) ;
#7462 = ORIENTED_EDGE ( 'NONE', *, *, #3714, .T. ) ;
#7463 = LINE ( 'NONE', #3729, #7164 ) ;
#7464 = ORIENTED_EDGE ( 'NONE', *, *, #6022, .T. ) ;
#7465 = ADVANCED_FACE ( 'NONE', ( #6565 ), #4786, .T. ) ;
#7466 = DIRECTION ( 'NONE',  ( 0.000000000000000000, 1.000000000000000000, 1.363776317591828850E-16 ) ) ;
#7467 = PLANE ( 'NONE',  #5241 ) ;
#7468 = LINE ( 'NONE', #1883, #3090 ) ;
#7469 = CARTESIAN_POINT ( 'NONE',  ( 1.510000000000000009, 2.879999999999999893, 3.369999999999999662 ) ) ;
#7470 = ORIENTED_EDGE ( 'NONE', *, *, #4884, .F. ) ;
#7471 = CARTESIAN_POINT ( 'NONE',  ( 3.900000000000000355, 2.879999999999999893, 3.257821306406132766 ) ) ;
#7472 = ORIENTED_EDGE ( 'NONE', *, *, #3935, .T. ) ;
#7473 = VERTEX_POINT ( 'NONE', #1095 ) ;
#7474 = LINE ( 'NONE', #8001, #3674 ) ;
#7475 = VERTEX_POINT ( 'NONE', #5927 ) ;
#7476 = DIRECTION ( 'NONE',  ( 0.000000000000000000, 1.000000000000000000, 0.000000000000000000 ) ) ;
#7477 = CARTESIAN_POINT ( 'NONE',  ( -1.550000000000000266, 3.979999999999998206, 2.600000000000000089 ) ) ;
#7478 = EDGE_CURVE ( 'NONE', #7417, #7980, #5330, .T. ) ;
#7479 = EDGE_CURVE ( 'NONE', #2464, #8023, #2860, .T. ) ;
#7480 = CARTESIAN_POINT ( 'NONE',  ( -4.379416815450911216, -0.7699999999999997957, 0.1044096602287939435 ) ) ;
#7481 = CARTESIAN_POINT ( 'NONE',  ( -4.700000000000000178, 5.379999999999999893, 3.100000000000000089 ) ) ;
#7482 = PLANE ( 'NONE',  #6607 ) ;
#7483 = ORIENTED_EDGE ( 'NONE', *, *, #680, .F. ) ;
#7484 = ADVANCED_FACE ( 'NONE', ( #4217 ), #7793, .F. ) ;
#7485 = EDGE_LOOP ( 'NONE', ( #4708, #5914, #2809, #5529 ) ) ;
#7486 = ADVANCED_FACE ( 'NONE', ( #1719 ), #4752, .F. ) ;
#7487 = PLANE ( 'NONE',  #6099 ) ;
#7488 = ORIENTED_EDGE ( 'NONE', *, *, #5268, .F. ) ;
#7489 = ORIENTED_EDGE ( 'NONE', *, *, #6986, .T. ) ;
#7490 = VECTOR ( 'NONE', #1578, 1000.000000000000000 ) ;
#7491 = DIRECTION ( 'NONE',  ( -1.000000000000000000, 0.000000000000000000, 0.000000000000000000 ) ) ;
#7492 = ORIENTED_EDGE ( 'NONE', *, *, #6811, .T. ) ;
#7493 = EDGE_CURVE ( 'NONE', #3796, #7558, #4134, .T. ) ;
#7494 = ORIENTED_EDGE ( 'NONE', *, *, #4562, .F. ) ;
#7495 = ORIENTED_EDGE ( 'NONE', *, *, #5511, .F. ) ;
#7496 = AXIS2_PLACEMENT_3D ( 'NONE', #263, #175, #5212 ) ;
#7497 = AXIS2_PLACEMENT_3D ( 'NONE', #313, #2995, #6629 ) ;
#7498 = DIRECTION ( 'NONE',  ( -1.000000000000000000, 0.000000000000000000, -0.000000000000000000 ) ) ;
#7499 = CARTESIAN_POINT ( 'NONE',  ( 1.124999999999999334, 2.273782217350889923, 3.749999999999999556 ) ) ;
#7500 = CARTESIAN_POINT ( 'NONE',  ( -0.08999999999999980238, 1.379999999999999671, 1.369999999999999662 ) ) ;
#7501 = CARTESIAN_POINT ( 'NONE',  ( -3.149999999999999911, 3.979999999999999094, -2.250000000000001332 ) ) ;
#7502 = ADVANCED_FACE ( 'NONE', ( #2899 ), #5401, .F. ) ;
#7503 = CARTESIAN_POINT ( 'NONE',  ( -1.550000000000000266, 5.379999999999999893, 3.199999999999998845 ) ) ;
#7504 = ORIENTED_EDGE ( 'NONE', *, *, #6995, .T. ) ;
#7505 = VECTOR ( 'NONE', #863, 1000.000000000000000 ) ;
#7506 = DIRECTION ( 'NONE',  ( 1.000000000000000000, 0.000000000000000000, -0.000000000000000000 ) ) ;
#7507 = VECTOR ( 'NONE', #4018, 1000.000000000000000 ) ;
#7508 = EDGE_LOOP ( 'NONE', ( #4341, #5030, #5562, #7743, #7909, #805 ) ) ;
#7509 = CARTESIAN_POINT ( 'NONE',  ( 0.4899999999999999911, 3.548505796534330958, 3.369999999999999662 ) ) ;
#7510 = AXIS2_PLACEMENT_3D ( 'NONE', #1055, #929, #250 ) ;
#7511 = VECTOR ( 'NONE', #7055, 1000.000000000000000 ) ;
#7512 = PLANE ( 'NONE',  #3810 ) ;
#7513 = CARTESIAN_POINT ( 'NONE',  ( 3.900000000000000355, 0.2500000000000001110, 4.401878488843856019 ) ) ;
#7514 = ORIENTED_EDGE ( 'NONE', *, *, #3473, .T. ) ;
#7515 = FACE_OUTER_BOUND ( 'NONE', #2812, .T. ) ;
#7516 = DIRECTION ( 'NONE',  ( -0.7660444431189781245, 0.000000000000000000, 0.6427876096865393629 ) ) ;
#7517 = PLANE ( 'NONE',  #329 ) ;
#7518 = VECTOR ( 'NONE', #5690, 1000.000000000000000 ) ;
#7519 = ORIENTED_EDGE ( 'NONE', *, *, #7961, .T. ) ;
#7520 = AXIS2_PLACEMENT_3D ( 'NONE', #7566, #2595, #3052 ) ;
#7521 = CARTESIAN_POINT ( 'NONE',  ( 3.700000000000000178, 2.879999999999999893, 3.373291360244058179 ) ) ;
#7522 = DIRECTION ( 'NONE',  ( -0.000000000000000000, 1.000000000000000000, -0.000000000000000000 ) ) ;
#7523 = VERTEX_POINT ( 'NONE', #4177 ) ;
#7524 = ADVANCED_FACE ( 'NONE', ( #6655 ), #1063, .T. ) ;
#7525 = ORIENTED_EDGE ( 'NONE', *, *, #4395, .T. ) ;
#7526 = EDGE_CURVE ( 'NONE', #5689, #7803, #5437, .T. ) ;
#7527 = DIRECTION ( 'NONE',  ( -0.000000000000000000, 0.7071067811865474617, -0.7071067811865474617 ) ) ;
#7528 = VECTOR ( 'NONE', #4633, 1000.000000000000000 ) ;
#7529 = ORIENTED_EDGE ( 'NONE', *, *, #5771, .T. ) ;
#7530 = EDGE_CURVE ( 'NONE', #7405, #5646, #4829, .T. ) ;
#7531 = VECTOR ( 'NONE', #1136, 1000.000000000000000 ) ;
#7532 = CARTESIAN_POINT ( 'NONE',  ( 2.750000000000000444, 1.835969349108944604, 3.600000000000000089 ) ) ;
#7533 = ORIENTED_EDGE ( 'NONE', *, *, #6644, .T. ) ;
#7534 = CARTESIAN_POINT ( 'NONE',  ( -4.500000000000000000, 0.3300000000000001266, 2.049999999999999822 ) ) ;
#7535 = ORIENTED_EDGE ( 'NONE', *, *, #7848, .F. ) ;
#7536 = ORIENTED_EDGE ( 'NONE', *, *, #633, .T. ) ;
#7537 = ORIENTED_EDGE ( 'NONE', *, *, #2509, .T. ) ;
#7538 = CARTESIAN_POINT ( 'NONE',  ( -2.709999999999999964, 2.879999999999999893, 1.369999999999999662 ) ) ;
#7539 = VECTOR ( 'NONE', #5663, 1000.000000000000000 ) ;
#7540 = CARTESIAN_POINT ( 'NONE',  ( 3.910000000000000142, 2.879999999999999893, 1.369999999999999662 ) ) ;
#7541 = LINE ( 'NONE', #1302, #6329 ) ;
#7542 = DIRECTION ( 'NONE',  ( 1.000000000000000000, 0.000000000000000000, 0.000000000000000000 ) ) ;
#7543 = ORIENTED_EDGE ( 'NONE', *, *, #6644, .F. ) ;
#7544 = VECTOR ( 'NONE', #4559, 1000.000000000000000 ) ;
#7545 = FACE_OUTER_BOUND ( 'NONE', #1725, .T. ) ;
#7546 = VERTEX_POINT ( 'NONE', #4677 ) ;
#7547 = CARTESIAN_POINT ( 'NONE',  ( 3.900000000000000355, 1.016439536705160407E-16, 4.451878488843855841 ) ) ;
#7548 = ORIENTED_EDGE ( 'NONE', *, *, #2159, .T. ) ;
#7549 = ADVANCED_FACE ( 'NONE', ( #1138 ), #7467, .F. ) ;
#7550 = LINE ( 'NONE', #6213, #5724 ) ;
#7551 = VECTOR ( 'NONE', #657, 1000.000000000000000 ) ;
#7552 = AXIS2_PLACEMENT_3D ( 'NONE', #2237, #7846, #4236 ) ;
#7553 = LINE ( 'NONE', #2506, #234 ) ;
#7554 = ORIENTED_EDGE ( 'NONE', *, *, #4003, .F. ) ;
#7555 = DIRECTION ( 'NONE',  ( 0.000000000000000000, -1.000000000000000000, 0.000000000000000000 ) ) ;
#7556 = CARTESIAN_POINT ( 'NONE',  ( -2.709999999999999964, 3.548505796534330958, 3.369999999999999662 ) ) ;
#7557 = VECTOR ( 'NONE', #8047, 1000.000000000000000 ) ;
#7558 = VERTEX_POINT ( 'NONE', #3026 ) ;
#7559 = DIRECTION ( 'NONE',  ( 0.000000000000000000, -1.000000000000000000, 0.000000000000000000 ) ) ;
#7560 = EDGE_CURVE ( 'NONE', #6239, #6748, #7429, .T. ) ;
#7561 = DIRECTION ( 'NONE',  ( 1.000000000000000000, -0.000000000000000000, -0.000000000000000000 ) ) ;
#7562 = VECTOR ( 'NONE', #1804, 1000.000000000000227 ) ;
#7563 = LINE ( 'NONE', #4486, #652 ) ;
#7564 = CARTESIAN_POINT ( 'NONE',  ( 4.500000000000000000, 0.4299999999999999378, -3.799999999999999378 ) ) ;
#7565 = ORIENTED_EDGE ( 'NONE', *, *, #3892, .F. ) ;
#7566 = CARTESIAN_POINT ( 'NONE',  ( -5.500000000000000000, 5.380000000000001670, 3.750000000000000000 ) ) ;
#7567 = VECTOR ( 'NONE', #2015, 1000.000000000000000 ) ;
#7568 = EDGE_CURVE ( 'NONE', #535, #7694, #6728, .T. ) ;
#7569 = EDGE_CURVE ( 'NONE', #6824, #3386, #3922, .T. ) ;
#7570 = DIRECTION ( 'NONE',  ( -0.000000000000000000, -1.000000000000000000, 3.183472606097238429E-16 ) ) ;
#7571 = LINE ( 'NONE', #3176, #7385 ) ;
#7572 = ORIENTED_EDGE ( 'NONE', *, *, #7249, .T. ) ;
#7573 = CARTESIAN_POINT ( 'NONE',  ( -2.875000000000000444, 5.380000000000001670, 3.750000000000000000 ) ) ;
#7574 = ORIENTED_EDGE ( 'NONE', *, *, #4251, .F. ) ;
#7575 = VERTEX_POINT ( 'NONE', #510 ) ;
#7576 = EDGE_CURVE ( 'NONE', #6287, #7473, #4915, .T. ) ;
#7577 = ADVANCED_FACE ( 'NONE', ( #1259 ), #6388, .F. ) ;
#7578 = LINE ( 'NONE', #2034, #2558 ) ;
#7579 = PLANE ( 'NONE',  #2817 ) ;
#7580 = DIRECTION ( 'NONE',  ( 0.000000000000000000, 0.000000000000000000, -1.000000000000000000 ) ) ;
#7581 = LINE ( 'NONE', #5765, #1937 ) ;
#7582 = ORIENTED_EDGE ( 'NONE', *, *, #2892, .T. ) ;
#7583 = FACE_OUTER_BOUND ( 'NONE', #854, .T. ) ;
#7584 = ORIENTED_EDGE ( 'NONE', *, *, #6856, .T. ) ;
#7585 = EDGE_CURVE ( 'NONE', #4679, #6964, #3735, .T. ) ;
#7586 = DIRECTION ( 'NONE',  ( 0.000000000000000000, 0.000000000000000000, -1.000000000000000000 ) ) ;
#7587 = EDGE_LOOP ( 'NONE', ( #7492, #2961, #3659, #3444 ) ) ;
#7588 = ITEM_DEFINED_TRANSFORMATION ( 'NONE', 'NONE', #6146,  #1711 ) ;
#7589 = ORIENTED_EDGE ( 'NONE', *, *, #5477, .F. ) ;
#7590 = LINE ( 'NONE', #809, #5367 ) ;
#7591 = ORIENTED_EDGE ( 'NONE', *, *, #193, .T. ) ;
#7592 = CARTESIAN_POINT ( 'NONE',  ( 5.500000000000000000, 2.200000000000000178, 3.899999999999999467 ) ) ;
#7593 = CARTESIAN_POINT ( 'NONE',  ( 3.689999999999999947, 0.4300000000000007150, 3.369999999999999662 ) ) ;
#7594 = EDGE_LOOP ( 'NONE', ( #6943, #935, #3033, #3371 ) ) ;
#7595 = CARTESIAN_POINT ( 'NONE',  ( 2.089999999999999858, 2.879999999999999893, 3.399999999999998579 ) ) ;
#7596 = CARTESIAN_POINT ( 'NONE',  ( -2.490000000000000213, 3.548505796534330958, 3.369999999999999662 ) ) ;
#7597 = DIRECTION ( 'NONE',  ( 0.000000000000000000, 0.000000000000000000, 1.000000000000000000 ) ) ;
#7598 = DIRECTION ( 'NONE',  ( -0.000000000000000000, 0.000000000000000000, -1.000000000000000000 ) ) ;
#7599 = EDGE_CURVE ( 'NONE', #645, #6592, #5613, .T. ) ;
#7600 = VERTEX_POINT ( 'NONE', #4874 ) ;
#7601 = VERTEX_POINT ( 'NONE', #3695 ) ;
#7602 = DIRECTION ( 'NONE',  ( 0.000000000000000000, 2.954810409056583505E-16, 1.000000000000000000 ) ) ;
#7603 = DIRECTION ( 'NONE',  ( -1.000000000000000000, 0.000000000000000000, 0.000000000000000000 ) ) ;
#7604 = FACE_OUTER_BOUND ( 'NONE', #4948, .T. ) ;
#7605 = ORIENTED_EDGE ( 'NONE', *, *, #3985, .T. ) ;
#7606 = CARTESIAN_POINT ( 'NONE',  ( -0.4499999999999999001, 5.379999999999999893, 0.000000000000000000 ) ) ;
#7607 = EDGE_CURVE ( 'NONE', #7851, #4425, #1223, .T. ) ;
#7608 = ORIENTED_EDGE ( 'NONE', *, *, #6821, .F. ) ;
#7609 = ORIENTED_EDGE ( 'NONE', *, *, #4714, .F. ) ;
#7610 = LINE ( 'NONE', #2608, #2172 ) ;
#7611 = EDGE_CURVE ( 'NONE', #6748, #1901, #740, .T. ) ;
#7612 = CARTESIAN_POINT ( 'NONE',  ( 0.4899999999999999911, 3.548505796534330958, 3.553360657221955154 ) ) ;
#7613 = CARTESIAN_POINT ( 'NONE',  ( -1.550000000000000266, 1.835969349108944604, 3.600000000000000089 ) ) ;
#7614 = VERTEX_POINT ( 'NONE', #2457 ) ;
#7615 = LINE ( 'NONE', #2000, #4314 ) ;
#7616 = CIRCLE ( 'NONE', #3096, 0.09999999999999993616 ) ;
#7617 = DIRECTION ( 'NONE',  ( 0.000000000000000000, 1.000000000000000000, 0.000000000000000000 ) ) ;
#7618 = VECTOR ( 'NONE', #6702, 1000.000000000000000 ) ;
#7619 = EDGE_LOOP ( 'NONE', ( #2319, #2563, #1816, #3519 ) ) ;
#7620 = CARTESIAN_POINT ( 'NONE',  ( -0.4499999999999999001, 5.379999999999999893, 2.600000000000000089 ) ) ;
#7621 = ADVANCED_FACE ( 'NONE', ( #2411 ), #1882, .F. ) ;
#7622 = DIRECTION ( 'NONE',  ( 0.000000000000000000, 1.000000000000000000, 0.000000000000000000 ) ) ;
#7623 = ADVANCED_FACE ( 'NONE', ( #6202 ), #1184, .F. ) ;
#7624 = LINE ( 'NONE', #5854, #5948 ) ;
#7625 = VECTOR ( 'NONE', #1457, 1000.000000000000114 ) ;
#7626 = VECTOR ( 'NONE', #5839, 1000.000000000000000 ) ;
#7627 = ORIENTED_EDGE ( 'NONE', *, *, #5588, .T. ) ;
#7628 = DIRECTION ( 'NONE',  ( 0.000000000000000000, 0.000000000000000000, 1.000000000000000000 ) ) ;
#7629 = CARTESIAN_POINT ( 'NONE',  ( 4.500000000000000000, 0.3300000000000001266, 2.049999999999999822 ) ) ;
#7630 = LINE ( 'NONE', #2058, #5074 ) ;
#7631 = VECTOR ( 'NONE', #6165, 1000.000000000000000 ) ;
#7632 = EDGE_LOOP ( 'NONE', ( #7672, #2729, #4103, #1227 ) ) ;
#7633 = LINE ( 'NONE', #1352, #1247 ) ;
#7634 = VERTEX_POINT ( 'NONE', #4961 ) ;
#7635 = DIRECTION ( 'NONE',  ( 0.000000000000000000, 1.000000000000000000, 1.363776317591828850E-16 ) ) ;
#7636 = CARTESIAN_POINT ( 'NONE',  ( -5.500000000000000000, 2.273782217350889923, 3.749999999999999556 ) ) ;
#7637 = CARTESIAN_POINT ( 'NONE',  ( -4.049999999999999822, 0.1300000000000000600, 2.250000000000000000 ) ) ;
#7638 = SURFACE_STYLE_USAGE ( .BOTH. , #3916 ) ;
#7639 = AXIS2_PLACEMENT_3D ( 'NONE', #3120, #7439, #1229 ) ;
#7640 = AXIS2_PLACEMENT_3D ( 'NONE', #3840, #6302, #1981 ) ;
#7641 = ORIENTED_EDGE ( 'NONE', *, *, #3911, .T. ) ;
#7642 = VERTEX_POINT ( 'NONE', #4348 ) ;
#7643 = VECTOR ( 'NONE', #5664, 1000.000000000000000 ) ;
#7644 = EDGE_CURVE ( 'NONE', #1363, #7148, #1706, .T. ) ;
#7645 = LINE ( 'NONE', #5231, #5979 ) ;
#7646 = CARTESIAN_POINT ( 'NONE',  ( 3.299999999999999822, 0.4300000000000000488, -3.598121511156143537 ) ) ;
#7647 = CARTESIAN_POINT ( 'NONE',  ( 4.700000000000000178, 5.380000000000001670, 3.100000000000000089 ) ) ;
#7648 = ORIENTED_EDGE ( 'NONE', *, *, #2305, .T. ) ;
#7649 = PLANE ( 'NONE',  #4166 ) ;
#7650 = PLANE ( 'NONE',  #1904 ) ;
#7651 = ORIENTED_EDGE ( 'NONE', *, *, #6916, .F. ) ;
#7652 = AXIS2_PLACEMENT_3D ( 'NONE', #7998, #2422, #4928 ) ;
#7653 = EDGE_LOOP ( 'NONE', ( #209, #1283, #5639, #4078 ) ) ;
#7654 = VERTEX_POINT ( 'NONE', #3782 ) ;
#7655 = ORIENTED_EDGE ( 'NONE', *, *, #7802, .T. ) ;
#7656 = EDGE_CURVE ( 'NONE', #3012, #3692, #4532, .T. ) ;
#7657 = VECTOR ( 'NONE', #7660, 1000.000000000000000 ) ;
#7658 = DIRECTION ( 'NONE',  ( 0.000000000000000000, -1.000000000000000000, 0.000000000000000000 ) ) ;
#7659 = PLANE ( 'NONE',  #5580 ) ;
#7660 = DIRECTION ( 'NONE',  ( 8.659560562354963673E-17, 0.7071067811865450192, -0.7071067811865500152 ) ) ;
#7661 = ORIENTED_EDGE ( 'NONE', *, *, #3484, .T. ) ;
#7662 = DIRECTION ( 'NONE',  ( -1.000000000000000000, 0.000000000000000000, 0.000000000000000000 ) ) ;
#7663 = VERTEX_POINT ( 'NONE', #3297 ) ;
#7664 = ORIENTED_EDGE ( 'NONE', *, *, #5461, .F. ) ;
#7665 = VECTOR ( 'NONE', #698, 1000.000000000000000 ) ;
#7666 = CARTESIAN_POINT ( 'NONE',  ( 0.3500000000000000333, 5.379999999999999893, 0.000000000000000000 ) ) ;
#7667 = ORIENTED_EDGE ( 'NONE', *, *, #6703, .F. ) ;
#7668 = CARTESIAN_POINT ( 'NONE',  ( 2.310000000000000497, 3.548505796534330958, 3.369999999999999662 ) ) ;
#7669 = CARTESIAN_POINT ( 'NONE',  ( -0.3099999999999999423, 1.379999999999999671, 1.369999999999999662 ) ) ;
#7670 = VECTOR ( 'NONE', #3486, 1000.000000000000000 ) ;
#7671 = EDGE_CURVE ( 'NONE', #1588, #8057, #4066, .T. ) ;
#7672 = ORIENTED_EDGE ( 'NONE', *, *, #4937, .T. ) ;
#7673 = DIRECTION ( 'NONE',  ( -1.000000000000000000, 0.000000000000000000, 0.000000000000000000 ) ) ;
#7674 = DIRECTION ( 'NONE',  ( -0.000000000000000000, -0.7071067811865474617, 0.7071067811865474617 ) ) ;
#7675 = CARTESIAN_POINT ( 'NONE',  ( 0.000000000000000000, 0.3300000000000001266, 2.049999999999999822 ) ) ;
#7676 = ADVANCED_FACE ( 'NONE', ( #1405 ), #787, .T. ) ;
#7677 = VECTOR ( 'NONE', #1506, 1000.000000000000000 ) ;
#7678 = ADVANCED_FACE ( 'NONE', ( #4616 ), #4695, .F. ) ;
#7679 = ORIENTED_EDGE ( 'NONE', *, *, #3965, .F. ) ;
#7680 = DIRECTION ( 'NONE',  ( -0.000000000000000000, -0.000000000000000000, 1.000000000000000000 ) ) ;
#7681 = VERTEX_POINT ( 'NONE', #6426 ) ;
#7682 = LINE ( 'NONE', #4521, #2742 ) ;
#7683 = ADVANCED_FACE ( 'NONE', ( #1618 ), #3332, .T. ) ;
#7684 = DIRECTION ( 'NONE',  ( 0.000000000000000000, 0.000000000000000000, 1.000000000000000000 ) ) ;
#7685 = CARTESIAN_POINT ( 'NONE',  ( -5.500000000000000000, 2.200000000000000178, 3.899999999999999467 ) ) ;
#7686 = FACE_OUTER_BOUND ( 'NONE', #6701, .T. ) ;
#7687 = VECTOR ( 'NONE', #2712, 1000.000000000000000 ) ;
#7688 = DIRECTION ( 'NONE',  ( -0.7608434386746077971, -0.6489354835619625117, -1.202862204798147123E-14 ) ) ;
#7689 = ORIENTED_EDGE ( 'NONE', *, *, #807, .F. ) ;
#7690 = LINE ( 'NONE', #2116, #2836 ) ;
#7691 = ADVANCED_FACE ( 'NONE', ( #5303 ), #7124, .F. ) ;
#7692 = VECTOR ( 'NONE', #5142, 1000.000000000000000 ) ;
#7693 = CARTESIAN_POINT ( 'NONE',  ( 0.5447936250984802831, 0.4300000000000000488, -0.4571361298878682256 ) ) ;
#7694 = VERTEX_POINT ( 'NONE', #7772 ) ;
#7695 = DIRECTION ( 'NONE',  ( -0.000000000000000000, 1.000000000000000000, 1.363776317591828850E-16 ) ) ;
#7696 = FACE_OUTER_BOUND ( 'NONE', #910, .T. ) ;
#7697 = EDGE_LOOP ( 'NONE', ( #6927, #3338, #5161, #6475 ) ) ;
#7698 = VECTOR ( 'NONE', #4402, 1000.000000000000000 ) ;
#7699 =( REPRESENTATION_RELATIONSHIP ('NONE','NONE', #3360, #2520 ) REPRESENTATION_RELATIONSHIP_WITH_TRANSFORMATION ( #2538 )SHAPE_REPRESENTATION_RELATIONSHIP( ) );
#7700 = ORIENTED_EDGE ( 'NONE', *, *, #2829, .T. ) ;
#7701 = DIRECTION ( 'NONE',  ( -1.000000000000000000, 0.000000000000000000, 0.000000000000000000 ) ) ;
#7702 = DIRECTION ( 'NONE',  ( -1.000000000000000000, 0.000000000000000000, 0.000000000000000000 ) ) ;
#7703 = CARTESIAN_POINT ( 'NONE',  ( -0.8900000000000001243, 1.379999999999999671, 1.369999999999999662 ) ) ;
#7704 = CARTESIAN_POINT ( 'NONE',  ( -1.909999999999999698, 2.879999999999999893, 1.369999999999999662 ) ) ;
#7705 = DIRECTION ( 'NONE',  ( 0.000000000000000000, 0.000000000000000000, 1.000000000000000000 ) ) ;
#7706 = DIRECTION ( 'NONE',  ( 1.000000000000000000, 0.000000000000000000, 0.000000000000000000 ) ) ;
#7707 = VERTEX_POINT ( 'NONE', #6549 ) ;
#7708 = DIRECTION ( 'NONE',  ( 1.000000000000000000, -0.000000000000000000, -0.000000000000000000 ) ) ;
#7709 = EDGE_CURVE ( 'NONE', #674, #5285, #5830, .T. ) ;
#7710 = ORIENTED_EDGE ( 'NONE', *, *, #5880, .F. ) ;
#7711 = DIRECTION ( 'NONE',  ( 0.5220483011439811527, 0.000000000000000000, -0.8529159227454270464 ) ) ;
#7712 = ORIENTED_EDGE ( 'NONE', *, *, #5396, .T. ) ;
#7713 = CARTESIAN_POINT ( 'NONE',  ( 3.700000000000000178, 2.879999999999999893, 1.405037386032898405 ) ) ;
#7714 = CARTESIAN_POINT ( 'NONE',  ( -5.500000000000000000, 0.3300000000000001266, 2.250000000000000444 ) ) ;
#7715 = LINE ( 'NONE', #4636, #7507 ) ;
#7716 = ORIENTED_EDGE ( 'NONE', *, *, #5317, .T. ) ;
#7717 = CARTESIAN_POINT ( 'NONE',  ( -4.800000000000000711, -0.7699999999999997957, -0.5999999999999510170 ) ) ;
#7718 = EDGE_CURVE ( 'NONE', #2709, #6903, #6587, .T. ) ;
#7719 = CARTESIAN_POINT ( 'NONE',  ( 3.500000000000000000, 0.000000000000000000, -4.398121511156142915 ) ) ;
#7720 = PLANE ( 'NONE',  #875 ) ;
#7721 = EDGE_LOOP ( 'NONE', ( #1609, #6560, #1233, #2241, #7565, #1892 ) ) ;
#7722 = FACE_OUTER_BOUND ( 'NONE', #1324, .T. ) ;
#7723 = LINE ( 'NONE', #144, #5492 ) ;
#7724 =( NAMED_UNIT ( * ) SI_UNIT ( $, .STERADIAN. ) SOLID_ANGLE_UNIT ( ) );
#7725 = FACE_OUTER_BOUND ( 'NONE', #1707, .T. ) ;
#7726 = DIRECTION ( 'NONE',  ( 0.6427876096865392519, 0.000000000000000000, -0.7660444431189780135 ) ) ;
#7727 = ORIENTED_EDGE ( 'NONE', *, *, #4663, .F. ) ;
#7728 = VERTEX_POINT ( 'NONE', #2722 ) ;
#7729 = CARTESIAN_POINT ( 'NONE',  ( 3.250000000000000444, 1.835969349108944604, 2.600000000000000089 ) ) ;
#7730 = EDGE_CURVE ( 'NONE', #573, #7131, #2675, .T. ) ;
#7731 = LINE ( 'NONE', #2837, #2205 ) ;
#7732 = CARTESIAN_POINT ( 'NONE',  ( 0.000000000000000000, 5.379999999999999893, 3.199999999999998845 ) ) ;
#7733 = EDGE_CURVE ( 'NONE', #1240, #6132, #4039, .T. ) ;
#7734 = ORIENTED_EDGE ( 'NONE', *, *, #1309, .T. ) ;
#7735 = CARTESIAN_POINT ( 'NONE',  ( -1.524999999999999467, 0.4300000000000007150, 3.750000000000000000 ) ) ;
#7736 = ORIENTED_EDGE ( 'NONE', *, *, #1729, .T. ) ;
#7737 = ORIENTED_EDGE ( 'NONE', *, *, #3074, .F. ) ;
#7738 = ORIENTED_EDGE ( 'NONE', *, *, #1909, .T. ) ;
#7739 = LINE ( 'NONE', #5838, #3879 ) ;
#7740 = LINE ( 'NONE', #2804, #7626 ) ;
#7741 = LINE ( 'NONE', #7136, #3761 ) ;
#7742 = CARTESIAN_POINT ( 'NONE',  ( -3.510000000000000675, 0.4300000000000007150, 3.553360657221955154 ) ) ;
#7743 = ORIENTED_EDGE ( 'NONE', *, *, #1202, .F. ) ;
#7744 = CARTESIAN_POINT ( 'NONE',  ( -2.709999999999999964, 1.379999999999999671, 1.369999999999999662 ) ) ;
#7745 = ORIENTED_EDGE ( 'NONE', *, *, #1959, .F. ) ;
#7746 = CARTESIAN_POINT ( 'NONE',  ( 2.890000000000000124, 2.879999999999999893, 3.399999999999998579 ) ) ;
#7747 = ORIENTED_EDGE ( 'NONE', *, *, #6887, .F. ) ;
#7748 = LINE ( 'NONE', #5805, #7528 ) ;
#7749 = ADVANCED_FACE ( 'NONE', ( #877 ), #7165, .T. ) ;
#7750 = CARTESIAN_POINT ( 'NONE',  ( 4.500000000000000000, 0.3300000000000001266, -2.150000000000000799 ) ) ;
#7751 = CARTESIAN_POINT ( 'NONE',  ( -1.110000000000000320, 3.548505796534330958, 3.369999999999999662 ) ) ;
#7752 = ORIENTED_EDGE ( 'NONE', *, *, #6678, .F. ) ;
#7753 = FACE_OUTER_BOUND ( 'NONE', #5409, .T. ) ;
#7754 = VECTOR ( 'NONE', #2916, 1000.000000000000000 ) ;
#7755 = DIRECTION ( 'NONE',  ( 0.000000000000000000, 0.000000000000000000, -1.000000000000000000 ) ) ;
#7756 = CARTESIAN_POINT ( 'NONE',  ( -2.349999999999999645, 4.380000000000001670, 3.600000000000000089 ) ) ;
#7757 = PLANE ( 'NONE',  #7784 ) ;
#7758 = ORIENTED_EDGE ( 'NONE', *, *, #6727, .T. ) ;
#7759 = DIRECTION ( 'NONE',  ( -0.000000000000000000, 0.8660254037844389297, -0.4999999999999993339 ) ) ;
#7760 = ORIENTED_EDGE ( 'NONE', *, *, #2721, .T. ) ;
#7761 = VECTOR ( 'NONE', #6412, 1000.000000000000000 ) ;
#7762 = STYLED_ITEM ( 'NONE', ( #2715 ), #426 ) ;
#7763 = EDGE_CURVE ( 'NONE', #408, #4572, #7082, .T. ) ;
#7764 = CARTESIAN_POINT ( 'NONE',  ( 3.550000000000000266, 3.979999999999999094, 3.199999999999998845 ) ) ;
#7765 = PLANE ( 'NONE',  #5944 ) ;
#7766 = CARTESIAN_POINT ( 'NONE',  ( -5.500000000000000000, 4.380000000000001670, 3.600000000000000089 ) ) ;
#7767 = CARTESIAN_POINT ( 'NONE',  ( 0.000000000000000000, 0.4300000000000000488, 3.750000000000000000 ) ) ;
#7768 = VECTOR ( 'NONE', #1687, 1000.000000000000000 ) ;
#7769 = VECTOR ( 'NONE', #4046, 1000.000000000000000 ) ;
#7770 = VECTOR ( 'NONE', #2171, 1000.000000000000114 ) ;
#7771 = AXIS2_PLACEMENT_3D ( 'NONE', #3549, #6760, #5512 ) ;
#7772 = CARTESIAN_POINT ( 'NONE',  ( -2.490000000000000213, 0.4300000000000007150, 3.553360657221955154 ) ) ;
#7773 = EDGE_CURVE ( 'NONE', #2004, #3773, #5874, .T. ) ;
#7774 = CARTESIAN_POINT ( 'NONE',  ( 3.910000000000000142, 0.4300000000000000488, 0.000000000000000000 ) ) ;
#7775 = EDGE_CURVE ( 'NONE', #5513, #3812, #4577, .T. ) ;
#7776 = ORIENTED_EDGE ( 'NONE', *, *, #5753, .F. ) ;
#7777 = DIRECTION ( 'NONE',  ( 0.000000000000000000, 0.000000000000000000, 1.000000000000000000 ) ) ;
#7778 = EDGE_LOOP ( 'NONE', ( #7888, #136, #1478, #3038 ) ) ;
#7779 = AXIS2_PLACEMENT_3D ( 'NONE', #2010, #4516, #5213 ) ;
#7780 = ORIENTED_EDGE ( 'NONE', *, *, #1799, .T. ) ;
#7781 = EDGE_CURVE ( 'NONE', #5498, #4472, #4737, .T. ) ;
#7782 = LINE ( 'NONE', #4775, #989 ) ;
#7783 = CARTESIAN_POINT ( 'NONE',  ( 4.500000000000000000, 0.1300000000000000600, 2.049999999999999822 ) ) ;
#7784 = AXIS2_PLACEMENT_3D ( 'NONE', #1567, #4065, #1071 ) ;
#7785 = CARTESIAN_POINT ( 'NONE',  ( 3.700000000000000178, 0.2500000000000001110, 4.401878488843856019 ) ) ;
#7786 = CARTESIAN_POINT ( 'NONE',  ( 1.650000000000000133, 5.379999999999999893, 3.199999999999998845 ) ) ;
#7787 = EDGE_LOOP ( 'NONE', ( #3765, #5590, #7898, #7356 ) ) ;
#7788 = DIRECTION ( 'NONE',  ( -0.000000000000000000, 0.000000000000000000, -1.000000000000000000 ) ) ;
#7789 = ORIENTED_EDGE ( 'NONE', *, *, #1045, .F. ) ;
#7790 = VERTEX_POINT ( 'NONE', #2795 ) ;
#7791 = VECTOR ( 'NONE', #4917, 1000.000000000000000 ) ;
#7792 = ADVANCED_FACE ( 'NONE', ( #1582 ), #150, .F. ) ;
#7793 = PLANE ( 'NONE',  #2616 ) ;
#7794 = LINE ( 'NONE', #6007, #6078 ) ;
#7795 = ORIENTED_EDGE ( 'NONE', *, *, #4482, .T. ) ;
#7796 = VECTOR ( 'NONE', #2927, 1000.000000000000000 ) ;
#7797 = LINE ( 'NONE', #5930, #3800 ) ;
#7798 = DIRECTION ( 'NONE',  ( -0.000000000000000000, 1.000000000000000000, -0.000000000000000000 ) ) ;
#7799 = LINE ( 'NONE', #4757, #3467 ) ;
#7800 = CARTESIAN_POINT ( 'NONE',  ( -0.08999999999999980238, 3.548505796534330958, 3.553360657221955154 ) ) ;
#7801 = EDGE_CURVE ( 'NONE', #2030, #6462, #7207, .T. ) ;
#7802 = EDGE_CURVE ( 'NONE', #573, #5655, #1001, .T. ) ;
#7803 = VERTEX_POINT ( 'NONE', #3548 ) ;
#7804 = CARTESIAN_POINT ( 'NONE',  ( -4.800000000000000711, 0.3300000000000001266, 0.6999999999999513278 ) ) ;
#7805 = ORIENTED_EDGE ( 'NONE', *, *, #8028, .F. ) ;
#7806 = VECTOR ( 'NONE', #1390, 1000.000000000000000 ) ;
#7807 = LINE ( 'NONE', #2830, #1700 ) ;
#7808 = DIRECTION ( 'NONE',  ( 1.000000000000000000, 0.000000000000000000, 0.000000000000000000 ) ) ;
#7809 = CYLINDRICAL_SURFACE ( 'NONE', #5954, 0.2000000000000000944 ) ;
#7810 = FACE_OUTER_BOUND ( 'NONE', #4951, .T. ) ;
#7811 = VECTOR ( 'NONE', #4052, 1000.000000000000227 ) ;
#7812 = DIRECTION ( 'NONE',  ( 0.000000000000000000, -1.000000000000000000, 0.000000000000000000 ) ) ;
#7813 = VECTOR ( 'NONE', #1353, 1000.000000000000000 ) ;
#7814 = CARTESIAN_POINT ( 'NONE',  ( 3.299999999999999822, 0.4300000000000001044, -3.798121511156143715 ) ) ;
#7815 = DIRECTION ( 'NONE',  ( 0.000000000000000000, 0.000000000000000000, 1.000000000000000000 ) ) ;
#7816 = ORIENTED_EDGE ( 'NONE', *, *, #4529, .T. ) ;
#7817 = AXIS2_PLACEMENT_3D ( 'NONE', #6951, #4363, #6223 ) ;
#7818 = VERTEX_POINT ( 'NONE', #7286 ) ;
#7819 = CARTESIAN_POINT ( 'NONE',  ( -4.799999999999998934, -0.5677951698855995266, 0.6999999999999511058 ) ) ;
#7820 = AXIS2_PLACEMENT_3D ( 'NONE', #345, #2814, #975 ) ;
#7821 = DIRECTION ( 'NONE',  ( -1.000000000000000000, 0.000000000000000000, 0.000000000000000000 ) ) ;
#7822 = DIRECTION ( 'NONE',  ( 1.000000000000000000, -0.000000000000000000, -0.000000000000000000 ) ) ;
#7823 = ADVANCED_FACE ( 'NONE', ( #4768 ), #1661, .T. ) ;
#7824 = ORIENTED_EDGE ( 'NONE', *, *, #7234, .T. ) ;
#7825 = DIRECTION ( 'NONE',  ( 0.000000000000000000, 1.000000000000000000, 1.363776317591828850E-16 ) ) ;
#7826 = VERTEX_POINT ( 'NONE', #2272 ) ;
#7827 =( BOUNDED_CURVE ( )  B_SPLINE_CURVE ( 3, ( #4383, #468, #4302, #3603 ),
 .UNSPECIFIED., .F., .T. ) 
 B_SPLINE_CURVE_WITH_KNOTS ( ( 4, 4 ),
 ( 0.000000000000000000, 1.021545608610979317 ),
 .UNSPECIFIED. ) 
 CURVE ( )  GEOMETRIC_REPRESENTATION_ITEM ( )  RATIONAL_B_SPLINE_CURVE ( ( 1.000000000000000000, 0.9149113210613410985, 0.9149113210613410985, 1.000000000000000000 ) ) 
 REPRESENTATION_ITEM ( '' )  );
#7828 = LINE ( 'NONE', #4674, #6340 ) ;
#7829 = VERTEX_POINT ( 'NONE', #6635 ) ;
#7830 = EDGE_CURVE ( 'NONE', #2405, #5689, #6104, .T. ) ;
#7831 = DIRECTION ( 'NONE',  ( 0.000000000000000000, 0.000000000000000000, -1.000000000000000000 ) ) ;
#7832 = CARTESIAN_POINT ( 'NONE',  ( -5.500000000000000000, 4.380000000000001670, 3.600000000000000089 ) ) ;
#7833 = EDGE_CURVE ( 'NONE', #5265, #4457, #6026, .T. ) ;
#7834 = ORIENTED_EDGE ( 'NONE', *, *, #3348, .T. ) ;
#7835 = DIRECTION ( 'NONE',  ( -0.000000000000000000, 1.000000000000000000, -0.000000000000000000 ) ) ;
#7836 = LINE ( 'NONE', #6619, #4770 ) ;
#7837 = CARTESIAN_POINT ( 'NONE',  ( -0.3099999999999999423, 2.879999999999999893, 1.369999999999999662 ) ) ;
#7838 = ORIENTED_EDGE ( 'NONE', *, *, #62, .F. ) ;
#7839 = LINE ( 'NONE', #2910, #709 ) ;
#7840 = VERTEX_POINT ( 'NONE', #3504 ) ;
#7841 = LINE ( 'NONE', #310, #5236 ) ;
#7842 = CARTESIAN_POINT ( 'NONE',  ( 0.000000000000000000, 0.000000000000000000, 0.000000000000000000 ) ) ;
#7843 = CARTESIAN_POINT ( 'NONE',  ( 3.700000000000000178, 0.05000000000000010686, 4.501878488843855664 ) ) ;
#7844 = ADVANCED_FACE ( 'NONE', ( #5384 ), #7849, .F. ) ;
#7845 = CARTESIAN_POINT ( 'NONE',  ( 1.149999999999999911, 1.835969349108944604, 2.600000000000000089 ) ) ;
#7846 = DIRECTION ( 'NONE',  ( 0.000000000000000000, 0.7071067811865461294, -0.7071067811865490160 ) ) ;
#7847 = APPLICATION_CONTEXT ( 'automotive_design' ) ;
#7848 = EDGE_CURVE ( 'NONE', #3165, #4332, #7244, .T. ) ;
#7849 = PLANE ( 'NONE',  #7446 ) ;
#7850 = CARTESIAN_POINT ( 'NONE',  ( 3.250000000000000000, 5.379999999999999893, 3.199999999999998845 ) ) ;
#7851 = VERTEX_POINT ( 'NONE', #6064 ) ;
#7852 = ORIENTED_EDGE ( 'NONE', *, *, #2776, .F. ) ;
#7853 = DIRECTION ( 'NONE',  ( 0.000000000000000000, -1.000000000000000000, 0.000000000000000000 ) ) ;
#7854 = DIRECTION ( 'NONE',  ( 1.000000000000000000, -0.000000000000000000, -0.000000000000000000 ) ) ;
#7855 = DIRECTION ( 'NONE',  ( 0.000000000000000000, 2.710505431213760099E-16, -1.000000000000000000 ) ) ;
#7856 = CARTESIAN_POINT ( 'NONE',  ( -4.700000000000000178, 2.879999999999999893, 3.399999999999998579 ) ) ;
#7857 = ORIENTED_EDGE ( 'NONE', *, *, #1928, .F. ) ;
#7858 = CARTESIAN_POINT ( 'NONE',  ( -0.3100000000000006084, 2.614371549809415551, 3.553360657221955154 ) ) ;
#7859 = ORIENTED_EDGE ( 'NONE', *, *, #4714, .T. ) ;
#7860 = CARTESIAN_POINT ( 'NONE',  ( -4.700000000000000178, 3.979999999999999094, 3.199999999999998845 ) ) ;
#7861 = ORIENTED_EDGE ( 'NONE', *, *, #6843, .F. ) ;
#7862 = DIRECTION ( 'NONE',  ( 0.000000000000000000, 0.7071067811865461294, -0.7071067811865490160 ) ) ;
#7863 = DIRECTION ( 'NONE',  ( -0.000000000000000000, 0.000000000000000000, -1.000000000000000000 ) ) ;
#7864 = CARTESIAN_POINT ( 'NONE',  ( 4.700000000000000178, 5.380000000000001670, 3.600000000000000089 ) ) ;
#7865 = EDGE_CURVE ( 'NONE', #3004, #5575, #2364, .T. ) ;
#7866 = ORIENTED_EDGE ( 'NONE', *, *, #1209, .F. ) ;
#7867 = CARTESIAN_POINT ( 'NONE',  ( -3.650000000000000355, 1.835969349108944604, 2.600000000000000089 ) ) ;
#7868 = ORIENTED_EDGE ( 'NONE', *, *, #7129, .T. ) ;
#7869 = DIRECTION ( 'NONE',  ( 0.7660444431189781245, 0.000000000000000000, 0.6427876096865393629 ) ) ;
#7870 = DIRECTION ( 'NONE',  ( 0.000000000000000000, 0.000000000000000000, 1.000000000000000000 ) ) ;
#7871 = EDGE_LOOP ( 'NONE', ( #545, #2173, #1723, #1594, #7246, #4357, #5637, #7132, #1465, #6377 ) ) ;
#7872 = DIRECTION ( 'NONE',  ( -0.000000000000000000, 0.000000000000000000, -1.000000000000000000 ) ) ;
#7873 = EDGE_CURVE ( 'NONE', #5132, #3762, #6673, .T. ) ;
#7874 = ORIENTED_EDGE ( 'NONE', *, *, #4584, .F. ) ;
#7875 = ADVANCED_FACE ( 'NONE', ( #4328 ), #1701, .F. ) ;
#7876 = LINE ( 'NONE', #7277, #1176 ) ;
#7877 = AXIS2_PLACEMENT_3D ( 'NONE', #4733, #525, #6061 ) ;
#7878 = CARTESIAN_POINT ( 'NONE',  ( -2.399999999999999911, 5.204170427930424439E-15, 0.000000000000000000 ) ) ;
#7879 = DIRECTION ( 'NONE',  ( -1.000000000000000000, 2.168404344971010446E-15, 0.000000000000000000 ) ) ;
#7880 = FACE_OUTER_BOUND ( 'NONE', #179, .T. ) ;
#7881 = AXIS2_PLACEMENT_3D ( 'NONE', #724, #7516, #1932 ) ;
#7882 = CARTESIAN_POINT ( 'NONE',  ( -4.714708407725456851, -0.5200000000000081224, -0.6522048301143478222 ) ) ;
#7883 = DIRECTION ( 'NONE',  ( 0.000000000000000000, 0.000000000000000000, -1.000000000000000000 ) ) ;
#7884 = CARTESIAN_POINT ( 'NONE',  ( -3.125000000000000000, 2.273782217350890367, 3.750000000000000000 ) ) ;
#7885 = VECTOR ( 'NONE', #7151, 1000.000000000000000 ) ;
#7886 = AXIS2_PLACEMENT_3D ( 'NONE', #3283, #3196, #3943 ) ;
#7887 = ORIENTED_EDGE ( 'NONE', *, *, #2869, .T. ) ;
#7888 = ORIENTED_EDGE ( 'NONE', *, *, #4653, .F. ) ;
#7889 = EDGE_CURVE ( 'NONE', #7148, #5674, #2495, .T. ) ;
#7890 = PLANE ( 'NONE',  #6713 ) ;
#7891 = VECTOR ( 'NONE', #2125, 1000.000000000000000 ) ;
#7892 = VECTOR ( 'NONE', #2723, 1000.000000000000000 ) ;
#7893 = CARTESIAN_POINT ( 'NONE',  ( 3.110000000000000320, 2.879999999999999893, 1.369999999999999662 ) ) ;
#7894 = CARTESIAN_POINT ( 'NONE',  ( 0.05000000000000056483, 3.979999999999999094, 3.199999999999998845 ) ) ;
#7895 = VERTEX_POINT ( 'NONE', #531 ) ;
#7896 = VECTOR ( 'NONE', #2251, 1000.000000000000000 ) ;
#7897 = DIRECTION ( 'NONE',  ( -1.000000000000000000, 0.000000000000000000, 0.000000000000000000 ) ) ;
#7898 = ORIENTED_EDGE ( 'NONE', *, *, #1563, .F. ) ;
#7899 = CARTESIAN_POINT ( 'NONE',  ( 0.000000000000000000, 0.4300000000000000488, 3.750000000000000000 ) ) ;
#7900 = ORIENTED_EDGE ( 'NONE', *, *, #7079, .T. ) ;
#7901 = EDGE_CURVE ( 'NONE', #2774, #2345, #5985, .T. ) ;
#7902 = VECTOR ( 'NONE', #7069, 1000.000000000000000 ) ;
#7903 = CARTESIAN_POINT ( 'NONE',  ( -2.850000000000000089, 5.379999999999999893, 3.199999999999998845 ) ) ;
#7904 = LINE ( 'NONE', #5525, #7631 ) ;
#7905 = DIRECTION ( 'NONE',  ( 0.000000000000000000, -8.870745047608683668E-16, -1.000000000000000000 ) ) ;
#7906 = CARTESIAN_POINT ( 'NONE',  ( 4.500000000000000000, 0.4300000000000000488, 2.049999999999999822 ) ) ;
#7907 = ORIENTED_EDGE ( 'NONE', *, *, #1144, .F. ) ;
#7908 = DIRECTION ( 'NONE',  ( 0.000000000000000000, 1.000000000000000000, 0.000000000000000000 ) ) ;
#7909 = ORIENTED_EDGE ( 'NONE', *, *, #3182, .T. ) ;
#7910 = CARTESIAN_POINT ( 'NONE',  ( 3.900000000000000355, 2.169580722449310439, 3.631343414416258852 ) ) ;
#7911 = VECTOR ( 'NONE', #3057, 1000.000000000000000 ) ;
#7912 = EDGE_CURVE ( 'NONE', #330, #6306, #1118, .T. ) ;
#7913 = ORIENTED_EDGE ( 'NONE', *, *, #6887, .T. ) ;
#7914 = LINE ( 'NONE', #7320, #4266 ) ;
#7915 = ORIENTED_EDGE ( 'NONE', *, *, #1950, .F. ) ;
#7916 = EDGE_CURVE ( 'NONE', #6648, #5494, #2393, .T. ) ;
#7917 = DIRECTION ( 'NONE',  ( -1.000000000000000000, 0.000000000000000000, 0.000000000000000000 ) ) ;
#7918 = AXIS2_PLACEMENT_3D ( 'NONE', #1593, #1056, #3557 ) ;
#7919 = ORIENTED_EDGE ( 'NONE', *, *, #5998, .F. ) ;
#7920 = PLANE ( 'NONE',  #4914 ) ;
#7921 = DIRECTION ( 'NONE',  ( -0.000000000000000000, -0.8660254037844389297, 0.4999999999999993339 ) ) ;
#7922 = DIRECTION ( 'NONE',  ( 1.000000000000000000, 0.000000000000000000, 0.000000000000000000 ) ) ;
#7923 = EDGE_CURVE ( 'NONE', #4035, #6592, #5547, .T. ) ;
#7924 = ADVANCED_FACE ( 'NONE', ( #4896 ), #7370, .T. ) ;
#7925 = CARTESIAN_POINT ( 'NONE',  ( 0.000000000000000000, 0.000000000000000000, 0.000000000000000000 ) ) ;
#7926 = VECTOR ( 'NONE', #2119, 1000.000000000000000 ) ;
#7927 = ORIENTED_EDGE ( 'NONE', *, *, #7671, .F. ) ;
#7928 = CARTESIAN_POINT ( 'NONE',  ( 1.510000000000000009, 2.879999999999999893, 1.369999999999999662 ) ) ;
#7929 = DIRECTION ( 'NONE',  ( 1.000000000000000000, -0.000000000000000000, -0.000000000000000000 ) ) ;
#7930 = FACE_OUTER_BOUND ( 'NONE', #4655, .T. ) ;
#7931 = VECTOR ( 'NONE', #1810, 1000.000000000000114 ) ;
#7932 = ORIENTED_EDGE ( 'NONE', *, *, #6036, .F. ) ;
#7933 = ORIENTED_EDGE ( 'NONE', *, *, #6934, .T. ) ;
#7934 = STYLED_ITEM ( 'NONE', ( #2874 ), #7298 ) ;
#7935 = LINE ( 'NONE', #2369, #2434 ) ;
#7936 = VECTOR ( 'NONE', #4747, 1000.000000000000000 ) ;
#7937 = LINE ( 'NONE', #2370, #1650 ) ;
#7938 =( LENGTH_UNIT ( ) NAMED_UNIT ( * ) SI_UNIT ( .MILLI., .METRE. ) );
#7939 = FACE_OUTER_BOUND ( 'NONE', #3936, .T. ) ;
#7940 = ORIENTED_EDGE ( 'NONE', *, *, #5713, .F. ) ;
#7941 = AXIS2_PLACEMENT_3D ( 'NONE', #434, #6018, #990 ) ;
#7942 = CARTESIAN_POINT ( 'NONE',  ( 2.725000000000000089, 5.380000000000002558, 3.750000000000000000 ) ) ;
#7943 = ORIENTED_EDGE ( 'NONE', *, *, #6432, .F. ) ;
#7944 = CARTESIAN_POINT ( 'NONE',  ( -5.500000000000000000, 0.1300000000000000600, 3.899999999999999911 ) ) ;
#7945 = ORIENTED_EDGE ( 'NONE', *, *, #3514, .F. ) ;
#7946 = VECTOR ( 'NONE', #277, 1000.000000000000000 ) ;
#7947 = DIRECTION ( 'NONE',  ( 0.000000000000000000, -1.000000000000000000, -0.000000000000000000 ) ) ;
#7948 = DIRECTION ( 'NONE',  ( 0.3868795754558335687, 0.7985882202808504138, -0.4610651239508122834 ) ) ;
#7949 = EDGE_CURVE ( 'NONE', #7475, #7083, #3675, .T. ) ;
#7950 = CARTESIAN_POINT ( 'NONE',  ( 0.000000000000000000, 5.379999999999999893, 3.199999999999998845 ) ) ;
#7951 = PLANE ( 'NONE',  #4774 ) ;
#7952 = ORIENTED_EDGE ( 'NONE', *, *, #6582, .T. ) ;
#7953 = FACE_OUTER_BOUND ( 'NONE', #4073, .T. ) ;
#7954 = ORIENTED_EDGE ( 'NONE', *, *, #3319, .F. ) ;
#7955 = DIRECTION ( 'NONE',  ( 0.000000000000000000, -1.000000000000000000, 0.000000000000000000 ) ) ;
#7956 = VECTOR ( 'NONE', #7597, 1000.000000000000000 ) ;
#7957 = ORIENTED_EDGE ( 'NONE', *, *, #6765, .F. ) ;
#7958 = ORIENTED_EDGE ( 'NONE', *, *, #1218, .T. ) ;
#7959 = LINE ( 'NONE', #5455, #2484 ) ;
#7960 = DIRECTION ( 'NONE',  ( -0.6427876096865392519, 0.000000000000000000, 0.7660444431189780135 ) ) ;
#7961 = EDGE_CURVE ( 'NONE', #7434, #7681, #2438, .T. ) ;
#7962 = ORIENTED_EDGE ( 'NONE', *, *, #1170, .T. ) ;
#7963 = LINE ( 'NONE', #2266, #7242 ) ;
#7964 = LINE ( 'NONE', #2389, #6766 ) ;
#7965 = DIRECTION ( 'NONE',  ( -0.000000000000000000, 1.000000000000000000, -0.000000000000000000 ) ) ;
#7966 = DIRECTION ( 'NONE',  ( -0.000000000000000000, -0.000000000000000000, 1.000000000000000000 ) ) ;
#7967 = VERTEX_POINT ( 'NONE', #2515 ) ;
#7968 = DIRECTION ( 'NONE',  ( 1.000000000000000000, 0.000000000000000000, 0.000000000000000000 ) ) ;
#7969 = DIRECTION ( 'NONE',  ( 0.000000000000000000, 0.000000000000000000, -1.000000000000000000 ) ) ;
#7970 = CARTESIAN_POINT ( 'NONE',  ( -4.700000000000000178, 2.879999999999999893, 3.399999999999998579 ) ) ;
#7971 = EDGE_CURVE ( 'NONE', #451, #7803, #571, .T. ) ;
#7972 = VERTEX_POINT ( 'NONE', #2549 ) ;
#7973 = VERTEX_POINT ( 'NONE', #5633 ) ;
#7974 = CARTESIAN_POINT ( 'NONE',  ( 0.3500000000000000333, 5.379999999999999893, 2.600000000000000089 ) ) ;
#7975 = ADVANCED_FACE ( 'NONE', ( #3248 ), #1980, .F. ) ;
#7976 = DIRECTION ( 'NONE',  ( 0.000000000000000000, 0.000000000000000000, 1.000000000000000000 ) ) ;
#7977 = DIRECTION ( 'NONE',  ( 0.000000000000000000, 1.000000000000000000, -0.000000000000000000 ) ) ;
#7978 = PLANE ( 'NONE',  #6112 ) ;
#7979 = UNCERTAINTY_MEASURE_WITH_UNIT (LENGTH_MEASURE( 1.000000000000000082E-05 ), #7938, 'distance_accuracy_value', 'NONE');
#7980 = VERTEX_POINT ( 'NONE', #5022 ) ;
#7981 = DIRECTION ( 'NONE',  ( 1.000000000000000000, 0.000000000000000000, 0.000000000000000000 ) ) ;
#7982 = EDGE_LOOP ( 'NONE', ( #4927, #108, #7179, #5076 ) ) ;
#7983 = ORIENTED_EDGE ( 'NONE', *, *, #4772, .F. ) ;
#7984 = CARTESIAN_POINT ( 'NONE',  ( 1.675000000000000266, 0.4300000000000007150, 3.750000000000000000 ) ) ;
#7985 = ADVANCED_FACE ( 'NONE', ( #4522 ), #1864, .T. ) ;
#7986 = CARTESIAN_POINT ( 'NONE',  ( 0.7100000000000000755, 3.548505796534330958, 3.369999999999999662 ) ) ;
#7987 = CARTESIAN_POINT ( 'NONE',  ( -4.700000000000000178, 2.879999999999999893, 3.399999999999998579 ) ) ;
#7988 = LINE ( 'NONE', #2413, #7791 ) ;
#7989 = CARTESIAN_POINT ( 'NONE',  ( 2.890000000000000124, 1.379999999999999671, 1.369999999999999662 ) ) ;
#7990 = VERTEX_POINT ( 'NONE', #1237 ) ;
#7991 = DIRECTION ( 'NONE',  ( 1.000000000000000000, -0.000000000000000000, -0.000000000000000000 ) ) ;
#7992 = ORIENTED_EDGE ( 'NONE', *, *, #2669, .F. ) ;
#7993 = CARTESIAN_POINT ( 'NONE',  ( -3.650000000000000355, 4.980000000000000426, 3.600000000000000089 ) ) ;
#7994 = LINE ( 'NONE', #7318, #3767 ) ;
#7995 = ORIENTED_EDGE ( 'NONE', *, *, #5780, .F. ) ;
#7996 = VERTEX_POINT ( 'NONE', #7481 ) ;
#7997 = EDGE_CURVE ( 'NONE', #3866, #1989, #4364, .T. ) ;
#7998 = CARTESIAN_POINT ( 'NONE',  ( 0.7100000000000000755, 3.548505796534330958, 3.369999999999999662 ) ) ;
#7999 = ORIENTED_EDGE ( 'NONE', *, *, #3580, .F. ) ;
#8000 = EDGE_CURVE ( 'NONE', #2185, #2470, #5594, .T. ) ;
#8001 = CARTESIAN_POINT ( 'NONE',  ( -1.250000000000000222, 5.379999999999999893, 0.000000000000000000 ) ) ;
#8002 = CARTESIAN_POINT ( 'NONE',  ( 5.306217782649109260, 3.880000000000002558, 3.750000000000000000 ) ) ;
#8003 = CARTESIAN_POINT ( 'NONE',  ( -1.599999999999999867, 3.469446951953616555E-15, 0.000000000000000000 ) ) ;
#8004 = ORIENTED_EDGE ( 'NONE', *, *, #5966, .T. ) ;
#8005 = LINE ( 'NONE', #1823, #4820 ) ;
#8006 = ORIENTED_EDGE ( 'NONE', *, *, #5526, .F. ) ;
#8007 = ORIENTED_EDGE ( 'NONE', *, *, #6906, .T. ) ;
#8008 = EDGE_CURVE ( 'NONE', #1794, #6393, #4985, .T. ) ;
#8009 = VECTOR ( 'NONE', #954, 1000.000000000000000 ) ;
#8010 = LINE ( 'NONE', #7480, #364 ) ;
#8011 = DIRECTION ( 'NONE',  ( -0.000000000000000000, -0.000000000000000000, 1.000000000000000000 ) ) ;
#8012 = DIRECTION ( 'NONE',  ( -0.000000000000000000, -0.7071067811865489050, -0.7071067811865460184 ) ) ;
#8013 = VERTEX_POINT ( 'NONE', #3206 ) ;
#8014 = AXIS2_PLACEMENT_3D ( 'NONE', #1282, #3132, #5175 ) ;
#8015 = CYLINDRICAL_SURFACE ( 'NONE', #2962, 0.1000000000000002554 ) ;
#8016 = VECTOR ( 'NONE', #1528, 1000.000000000000000 ) ;
#8017 = ORIENTED_EDGE ( 'NONE', *, *, #1032, .F. ) ;
#8018 = EDGE_CURVE ( 'NONE', #5835, #154, #1688, .T. ) ;
#8019 = EDGE_CURVE ( 'NONE', #4105, #5132, #8088, .T. ) ;
#8020 = VECTOR ( 'NONE', #2546, 1000.000000000000000 ) ;
#8021 = VECTOR ( 'NONE', #3345, 1000.000000000000000 ) ;
#8022 = DIRECTION ( 'NONE',  ( 0.000000000000000000, 0.000000000000000000, -1.000000000000000000 ) ) ;
#8023 = VERTEX_POINT ( 'NONE', #1281 ) ;
#8024 = DIRECTION ( 'NONE',  ( 0.000000000000000000, 0.000000000000000000, 1.000000000000000000 ) ) ;
#8025 = ORIENTED_EDGE ( 'NONE', *, *, #3965, .T. ) ;
#8026 = PLANE ( 'NONE',  #3928 ) ;
#8027 = VERTEX_POINT ( 'NONE', #5135 ) ;
#8028 = EDGE_CURVE ( 'NONE', #692, #3814, #3803, .T. ) ;
#8029 = VECTOR ( 'NONE', #752, 1000.000000000000000 ) ;
#8030 = VECTOR ( 'NONE', #8078, 1000.000000000000000 ) ;
#8031 = VERTEX_POINT ( 'NONE', #1207 ) ;
#8032 = FACE_OUTER_BOUND ( 'NONE', #3784, .T. ) ;
#8033 = CARTESIAN_POINT ( 'NONE',  ( -1.110000000000000320, 2.879999999999999893, 1.369999999999999662 ) ) ;
#8034 = CARTESIAN_POINT ( 'NONE',  ( 3.910000000000000142, 0.4300000000000007150, 3.369999999999999662 ) ) ;
#8035 = VECTOR ( 'NONE', #4131, 1000.000000000000227 ) ;
#8036 = FACE_OUTER_BOUND ( 'NONE', #5041, .T. ) ;
#8037 = DIRECTION ( 'NONE',  ( 0.000000000000000000, 0.000000000000000000, -1.000000000000000000 ) ) ;
#8038 = ORIENTED_EDGE ( 'NONE', *, *, #2328, .F. ) ;
#8039 = CARTESIAN_POINT ( 'NONE',  ( -2.850000000000000089, 3.979999999999999094, 3.199999999999998845 ) ) ;
#8040 = ORIENTED_EDGE ( 'NONE', *, *, #1151, .F. ) ;
#8041 = EDGE_CURVE ( 'NONE', #5799, #3322, #3167, .T. ) ;
#8042 = DIRECTION ( 'NONE',  ( 1.000000000000000000, 0.000000000000000000, 0.000000000000000000 ) ) ;
#8043 = ORIENTED_EDGE ( 'NONE', *, *, #3000, .T. ) ;
#8044 = VECTOR ( 'NONE', #5777, 1000.000000000000000 ) ;
#8045 = ORIENTED_EDGE ( 'NONE', *, *, #5946, .F. ) ;
#8046 = PRODUCT_DEFINITION_SHAPE ( 'NONE', 'NONE',  #8099 ) ;
#8047 = DIRECTION ( 'NONE',  ( 1.144344205099612874E-16, 1.000000000000000000, 1.363776317591828850E-16 ) ) ;
#8048 = CARTESIAN_POINT ( 'NONE',  ( -2.075000000000000178, 5.380000000000001670, 3.750000000000000000 ) ) ;
#8049 = EDGE_LOOP ( 'NONE', ( #5478, #1456, #5999, #4968, #1569, #4296 ) ) ;
#8050 = CARTESIAN_POINT ( 'NONE',  ( 3.525000000000000355, 5.380000000000002558, 3.750000000000000000 ) ) ;
#8051 = AXIS2_PLACEMENT_3D ( 'NONE', #5544, #3626, #6755 ) ;
#8052 = CARTESIAN_POINT ( 'NONE',  ( -5.500000000000000000, 3.880000000000002558, 3.100000000000000089 ) ) ;
#8053 = ADVANCED_FACE ( 'NONE', ( #30 ), #5058, .F. ) ;
#8054 = DIRECTION ( 'NONE',  ( 0.000000000000000000, -1.000000000000000000, 0.000000000000000000 ) ) ;
#8055 = LINE ( 'NONE', #5504, #4545 ) ;
#8056 = APPLICATION_PROTOCOL_DEFINITION ( 'draft international standard', 'automotive_design', 1998, #5223 ) ;
#8057 = VERTEX_POINT ( 'NONE', #5745 ) ;
#8058 = AXIS2_PLACEMENT_3D ( 'NONE', #508, #548, #5522 ) ;
#8059 = CARTESIAN_POINT ( 'NONE',  ( -4.360056846202838621, -0.5199999999999966871, -0.07277958692071304081 ) ) ;
#8060 = DIRECTION ( 'NONE',  ( 0.000000000000000000, -0.5000000000000003331, -0.8660254037844385966 ) ) ;
#8061 = DIRECTION ( 'NONE',  ( 1.000000000000000000, 0.000000000000000000, 0.000000000000000000 ) ) ;
#8062 = EDGE_CURVE ( 'NONE', #2777, #1794, #1940, .T. ) ;
#8063 = ORIENTED_EDGE ( 'NONE', *, *, #6142, .T. ) ;
#8064 = ORIENTED_EDGE ( 'NONE', *, *, #2544, .F. ) ;
#8065 = VECTOR ( 'NONE', #6808, 1000.000000000000000 ) ;
#8066 = CARTESIAN_POINT ( 'NONE',  ( 0.05000000000000012768, 5.379999999999999893, 2.600000000000000089 ) ) ;
#8067 = ORIENTED_EDGE ( 'NONE', *, *, #3249, .F. ) ;
#8068 = COLOUR_RGB ( '',0.2509803921568627416, 0.2509803921568627416, 0.2509803921568627416 ) ;
#8069 = DIRECTION ( 'NONE',  ( -1.000000000000000000, 0.000000000000000000, 0.000000000000000000 ) ) ;
#8070 = EDGE_LOOP ( 'NONE', ( #2533, #6370, #5976, #8038 ) ) ;
#8071 = DIRECTION ( 'NONE',  ( 0.000000000000000000, -0.000000000000000000, -1.000000000000000000 ) ) ;
#8072 = ORIENTED_EDGE ( 'NONE', *, *, #106, .T. ) ;
#8073 = VECTOR ( 'NONE', #2524, 1000.000000000000000 ) ;
#8074 = DIRECTION ( 'NONE',  ( -0.000000000000000000, 6.691560283308972679E-16, 1.000000000000000000 ) ) ;
#8075 = VERTEX_POINT ( 'NONE', #4444 ) ;
#8076 = CARTESIAN_POINT ( 'NONE',  ( -5.500000000000000000, 5.379999999999999893, 3.100000000000000089 ) ) ;
#8077 = CARTESIAN_POINT ( 'NONE',  ( -1.802502730235380435, 0.4300000000000000488, 1.512479376136548037 ) ) ;
#8078 = DIRECTION ( 'NONE',  ( 1.144344205099612874E-16, 1.000000000000000000, 1.363776317591828850E-16 ) ) ;
#8079 = VERTEX_POINT ( 'NONE', #5100 ) ;
#8080 = DIRECTION ( 'NONE',  ( -0.000000000000000000, 0.7071067811865489050, 0.7071067811865460184 ) ) ;
#8081 = ORIENTED_EDGE ( 'NONE', *, *, #7374, .T. ) ;
#8082 = EDGE_CURVE ( 'NONE', #2711, #5964, #7563, .T. ) ;
#8083 = EDGE_CURVE ( 'NONE', #4939, #737, #1354, .T. ) ;
#8084 = LINE ( 'NONE', #6130, #6605 ) ;
#8085 = ORIENTED_EDGE ( 'NONE', *, *, #7530, .F. ) ;
#8086 = AXIS2_PLACEMENT_3D ( 'NONE', #2932, #7862, #1675 ) ;
#8087 = ORIENTED_EDGE ( 'NONE', *, *, #6212, .T. ) ;
#8088 = LINE ( 'NONE', #3087, #2354 ) ;
#8089 = NEXT_ASSEMBLY_USAGE_OCCURRENCE ( 'NAUO1', ' ', ' ', #373, #4411, $ ) ;
#8090 = NEXT_ASSEMBLY_USAGE_OCCURRENCE ( 'NAUO2', ' ', ' ', #373, #5610, $ ) ;
#8091 = NEXT_ASSEMBLY_USAGE_OCCURRENCE ( 'NAUO3', ' ', ' ', #373, #5610, $ ) ;
#8092 = NEXT_ASSEMBLY_USAGE_OCCURRENCE ( 'NAUO4', ' ', ' ', #373, #5610, $ ) ;
#8093 = NEXT_ASSEMBLY_USAGE_OCCURRENCE ( 'NAUO5', ' ', ' ', #373, #5610, $ ) ;
#8094 = NEXT_ASSEMBLY_USAGE_OCCURRENCE ( 'NAUO6', ' ', ' ', #373, #5610, $ ) ;
#8095 = NEXT_ASSEMBLY_USAGE_OCCURRENCE ( 'NAUO7', ' ', ' ', #373, #5610, $ ) ;
#8096 = NEXT_ASSEMBLY_USAGE_OCCURRENCE ( 'NAUO8', ' ', ' ', #373, #5610, $ ) ;
#8097 = NEXT_ASSEMBLY_USAGE_OCCURRENCE ( 'NAUO9', ' ', ' ', #373, #5610, $ ) ;
#8098 = NEXT_ASSEMBLY_USAGE_OCCURRENCE ( 'NAUO10', ' ', ' ', #373, #5610, $ ) ;
#8099 = NEXT_ASSEMBLY_USAGE_OCCURRENCE ( 'NAUO11', ' ', ' ', #373, #5610, $ ) ;
ENDSEC;
END-ISO-10303-21;
